id,Status_C,Status_CL,Status_D
15000,0.8512636677571489,0.020881499491700567,0.12785483275115062
15001,0.781228534054142,0.034453374752576975,0.18431809119328102
15002,0.9669202233650227,0.005749764511672731,0.027330012123304458
15003,0.9163590725246966,0.03506337491820324,0.04857755255709994
15004,0.3893058669447236,0.0094763224434914,0.6012178106117851
15005,0.8969930102265382,0.03372325125755167,0.06928373851591034
15006,0.4331177608999524,0.026569951365749474,0.5403122877342983
15007,0.5763419288967356,0.053840334547625185,0.3698177365556395
15008,0.9146727588222615,0.014259796033042444,0.07106744514469618
15009,0.9662953374560633,0.01258198007597059,0.02112268246796545
15010,0.982873424094624,0.002475346847920163,0.014651229057456765
15011,0.1494519859393419,0.04862877031718702,0.8019192437434713
15012,0.9045839321858157,0.01042228560673027,0.08499378220745377
15013,0.965963669389961,0.011123300547323705,0.022913030062715375
15014,0.966347447948345,0.004923335647556994,0.02872921640409869
15015,0.7514365864183616,0.06639135265605599,0.18217206092558175
15016,0.972353205114746,0.0068955800720996345,0.02075121481315472
15017,0.9134098708467483,0.008215475197078773,0.0783746539561737
15018,0.9190905376405444,0.0028648697226256715,0.07804459263683045
15019,0.9629563868803496,0.00308684180165429,0.03395677131799704
15020,0.9826096215135819,0.004951894692801708,0.012438483793616695
15021,0.9676946132362361,0.0035774725152916726,0.028727914248472264
15022,0.12272287899217504,0.06306414372482716,0.8142129772829979
15023,0.1422401469790884,0.001117147094467583,0.856642705926444
15024,0.9090002160939169,0.004027807241883151,0.08697197666419978
15025,0.12208950191597133,0.0012934992680909362,0.8766169988159377
15026,0.9639174880384425,0.014722867755959686,0.021359644205598004
15027,0.8013964562447936,0.0627012102275356,0.1359023335276707
15028,0.6278690868259745,0.0600661204020509,0.31206479277197463
15029,0.1034030615937858,0.003402105917221238,0.893194832488993
15030,0.9442920691098735,0.003667882899385535,0.05204004799074022
15031,0.9610833734304469,0.008997854588821018,0.029918771980732
15032,0.7851138794571304,0.04316993504630653,0.17171618549656298
15033,0.8349574729126762,0.012484718432262064,0.15255780865506166
15034,0.7782670397415788,0.030163313118696654,0.19156964713972466
15035,0.9100971643855568,0.007192315389962509,0.08271052022448026
15036,0.9552834202247724,0.02280466586045613,0.02191191391477263
15037,0.7716454086130501,0.015687271395694438,0.21266731999125568
15038,0.9550676221485876,0.008577925976312037,0.0363544518751009
15039,0.9460669558988812,0.012419974880666698,0.04151306922045304
15040,0.9676827876318058,0.01634418587369826,0.015973026494496646
15041,0.03476561186835299,0.0036806393944224564,0.9615537487372245
15042,0.9071011087382637,0.021254272872154718,0.07164461838958179
15043,0.6226204464480132,0.007095337097249092,0.37028421645473797
15044,0.9568179691551978,0.00716272548397168,0.036019305360830006
15045,0.8827140217654752,0.029974700180108834,0.08731127805441603
15046,0.6641732439663844,0.004397125808362125,0.33142963022525335
15047,0.763504065045673,0.04209428717070515,0.19440164778362176
15048,0.9259039368519068,0.007455651602423301,0.06664041154567038
15049,0.9061214682404466,0.0057281877621704206,0.08815034399738317
15050,0.7753808440752566,0.005833477686392154,0.21878567823835174
15051,0.9838142081412848,0.0032780888662084194,0.01290770299250763
15052,0.9654467701761793,0.006651441415731552,0.02790178840808957
15053,0.2701298420772875,0.11809322144140796,0.6117769364813045
15054,0.2125512251647965,0.0487282200062331,0.7387205548289704
15055,0.8069295284941317,0.011298755426321172,0.181771716079547
15056,0.843042317364251,0.007016929842117217,0.14994075279363217
15057,0.3140974356431488,0.0061643606202412,0.67973820373661
15058,0.9764661177019883,0.0032541016151668655,0.020279780682845507
15059,0.6077479896805918,0.024660974243946945,0.3675910360754618
15060,0.21744203351551164,0.08428677819587302,0.6982711882886153
15061,0.2844286370848882,0.025585612062772524,0.6899857508523394
15062,0.5335911654855092,0.032922191265599886,0.4334866432488914
15063,0.867995210434588,0.03137233295446691,0.10063245661094432
15064,0.49758241861993374,0.07456166176707148,0.4278559196129949
15065,0.9431239619621717,0.007321481114352216,0.049554556923476
15066,0.9667531840531346,0.012097415063181065,0.021149400883683857
15067,0.1688435380274546,0.1716881068199074,0.6594683551526379
15068,0.7553468359216847,0.06308431397516881,0.18156885010314672
15069,0.5858443425564491,0.027783786039673408,0.3863718714038779
15070,0.8799600821267154,0.02455200621062671,0.0954879116626579
15071,0.784741508191613,0.030883630761095862,0.18437486104729195
15072,0.04576879005664937,0.013041072944520027,0.9411901369988306
15073,0.8565486543423272,0.0102575172363823,0.13319382842129007
15074,0.7969805577602856,0.019049064924016007,0.18397037731569854
15075,0.8654818425313718,0.0923603280012659,0.042157829467362656
15076,0.8739264529934849,0.023648673577584732,0.10242487342892978
15077,0.9553434643964303,0.013001994113737368,0.03165454148983301
15078,0.9097703051020442,0.01358412210907647,0.07664557278887942
15079,0.06721372611673394,0.01685185185185185,0.9159344220314142
15080,0.5805222075925834,0.012078316568517808,0.40739947583889924
15081,0.9356097242313391,0.021272507642360817,0.04311776812630051
15082,0.9820745407280818,0.002318435238316637,0.01560702403360222
15083,0.6864466151119544,0.05084759390253254,0.2627057909855129
15084,0.9412382735185176,0.021391655635792463,0.03737007084569047
15085,0.8594332368703536,0.023974880363167226,0.11659188276647915
15086,0.4200168355632549,0.08730041216728963,0.49268275226945557
15087,0.5464416648296341,0.09389639199407034,0.35966194317629546
15088,0.05742895019252501,0.019460958398373432,0.9231100914091012
15089,0.2555470694804157,0.13717074872613297,0.6072821817934513
15090,0.9618964516493375,0.014416866730564548,0.02368668162009824
15091,0.9283064025554809,0.02367751925655288,0.048016078187965106
15092,0.8684246327052976,0.03438802767622736,0.0971873396184752
15093,0.41963120976339213,0.05282656242283605,0.5275422278137717
15094,0.024423651306162503,0.018768828774835638,0.9568075199190019
15095,0.14879331776078966,0.006792674446264561,0.844414007792946
15096,0.9083655962237573,0.027983877360079477,0.06365052641616357
15097,0.8566445161922484,0.004590905013500454,0.13876457879425166
15098,0.9396859924689812,0.005126582649685902,0.05518742488133364
15099,0.8539655289735223,0.008522237630362008,0.1375122333961152
15100,0.911136669237453,0.007787722565883025,0.08107560819666383
15101,0.9506218561584573,0.006891237087736719,0.04248690675380574
15102,0.9258688026094315,0.007522134360431241,0.06660906303013715
15103,0.543271057996802,0.05925564947612376,0.39747329252707425
15104,0.4164104434918352,0.09056280678537369,0.4930267497227911
15105,0.06669012452868982,0.025543656013961115,0.9077662194573488
15106,0.10880769989831876,0.012864654952890247,0.878327645148791
15107,0.8763349850908712,0.0059263359703117064,0.11773867893881797
15108,0.976058266746658,0.005909646296320336,0.01803208695702184
15109,0.9513923308375604,0.006849023042226799,0.0417586461202126
15110,0.3280367666761954,0.007442629317435941,0.6645206040063688
15111,0.16068412925688713,0.004119328526863917,0.8351965422162497
15112,0.5675051377703598,0.004623649317591198,0.427871212912049
15113,0.939773338277231,0.0020799110834742187,0.058146750639295336
15114,0.9293529973848335,0.03222407636260958,0.03842292625255699
15115,0.8521451516329746,0.042725933256659514,0.10512891511036594
15116,0.9137379288827108,0.007730142815206866,0.07853192830208226
15117,0.906054684982304,0.013112874732967354,0.0808324402847286
15118,0.9741110611212709,0.004706459696280518,0.021182479182448304
15119,0.8186833255212249,0.0049813703761284415,0.17633530410264694
15120,0.39434022069915625,0.06246577686186534,0.5431940024389784
15121,0.6177700456315792,0.0874866322606959,0.29474332210772514
15122,0.47304508453288774,0.00960171402044703,0.5173532014466652
15123,0.3871757232850213,0.019821579689876,0.5930026970251029
15124,0.15178481540937983,0.07496099658456638,0.7732541880060537
15125,0.08089378495177817,0.002269203785457853,0.9168370112627641
15126,0.7761246121819227,0.009646568846532545,0.2142288189715443
15127,0.8462901507830367,0.06258744292410252,0.09112240629286099
15128,0.7774120429727749,0.0085634356369867,0.21402452139023842
15129,0.8450267453157103,0.018530648378133896,0.13644260630615584
15130,0.08960194739960098,0.0035127746426324145,0.9068852779577672
15131,0.5285779071316137,0.052960131689106585,0.4184619611792798
15132,0.9349861761769318,0.01279350394465545,0.052220319878412295
15133,0.8040661539008644,0.09801336931084072,0.09792047678829506
15134,0.7902749852810209,0.01974968138554413,0.1899753333334353
15135,0.9169633543182467,0.015211311348848922,0.06782533433290468
15136,0.4711731407727071,0.025686842124948043,0.503140017102345
15137,0.83416434991499,0.05700076976651304,0.10883488031849624
15138,0.20861811741022995,0.11810091944409168,0.6732809631456785
15139,0.9025006346542275,0.007814940500601003,0.08968442484517229
15140,0.8702997091369927,0.007766587729147321,0.12193370313385925
15141,0.4246030765575065,0.14162259281539172,0.4337743306271017
15142,0.7633929126198586,0.021819742019607558,0.21478734536053437
15143,0.8774889797983534,0.05221959934896906,0.07029142085267728
15144,0.04150167125103639,0.01198945927738992,0.9465088694715739
15145,0.15015645131878175,0.008435849642746195,0.8414076990384721
15146,0.05172394076728799,0.00021337603156696786,0.9480626832011452
15147,0.8987765266087435,0.03584139044436624,0.0653820829468897
15148,0.5161951411147593,0.005701847815243019,0.4781030110699974
15149,0.950752136526737,0.003068926501812898,0.046178936971450604
15150,0.052743605854162316,0.007505173203805698,0.9397512209420319
15151,0.17341698242333592,0.056363925124607236,0.7702190924520572
15152,0.41224102248148164,0.005114385764587367,0.5826445917539314
15153,0.9740536118563559,0.003446301728216364,0.02250008641542796
15154,0.6552377992203703,0.04481334085274267,0.2999488599268875
15155,0.944506148965765,0.009044033724992934,0.04644981730924265
15156,0.6215262498026065,0.01997213823165489,0.3585016119657392
15157,0.8021274761485112,0.017700481720726236,0.18017204213076268
15158,0.35809570381725303,0.005741628188630581,0.6361626679941165
15159,0.9747820279253767,0.006349186385061089,0.01886878568956278
15160,0.8889028111816415,0.014423734250447573,0.0966734545679116
15161,0.0378423763966112,9.726377664424493e-05,0.9620603598267443
15162,0.8937286119942263,0.02478816988356685,0.08148321812220706
15163,0.6464099864980266,0.06341929157712418,0.2901707219248492
15164,0.939518625563627,0.009070848352659146,0.05141052608371392
15165,0.8286722794807317,0.005370246642731136,0.1659574738765374
15166,0.9570930513795475,0.007261709752658699,0.03564523886779399
15167,0.15523994131057112,0.005390597442678797,0.8393694612467502
15168,0.753410444324402,0.03166480906543021,0.21492474661016833
15169,0.35517274826726025,0.027627189773703768,0.6172000619590358
15170,0.8034957624168105,0.01249422638742468,0.18401001119576518
15171,0.9455801018352531,0.007641725915571595,0.04677817224917551
15172,0.3762580097249209,0.1359871072905075,0.48775488298457154
15173,0.9605289128226334,0.008727124349390408,0.030743962827976253
15174,0.9434239564715874,0.01251175919517397,0.044064284333239216
15175,0.7480198146958715,0.024209806480380975,0.2277703788237475
15176,0.251310333701781,0.1357121189456716,0.6129775473525475
15177,0.9368520298589383,0.008922239850630143,0.05422573029043146
15178,0.15491172034717754,0.07678490974553592,0.7683033699072865
15179,0.469142198038908,0.004076591391203031,0.5267812105698891
15180,0.9414233354048196,0.018175637085454898,0.04040102750972521
15181,0.7394209805069901,0.0197985900387102,0.2407804294543
15182,0.8855108684183489,0.008275210030944438,0.10621392155070675
15183,0.970660523369178,0.011472543284239922,0.01786693334658201
15184,0.7690042339502652,0.012856233863388567,0.21813953218634632
15185,0.04853929001436539,0.003283139455573156,0.9481775705300621
15186,0.8685020095687872,0.013504459115599703,0.11799353131561252
15187,0.5080865834457401,0.0035228675752826963,0.4883905489789772
15188,0.8380175603362716,0.0043080427129506774,0.1576743969507781
15189,0.9578396441217342,0.0035966308654175414,0.03856372501284853
15190,0.883156913406202,0.01704377491658773,0.09979931167721053
15191,0.9447320029046221,0.01679435793875776,0.038473639156619964
15192,0.9428153154313105,0.004692041272001709,0.05249264329668794
15193,0.9837370841386598,0.003649088188488634,0.012613827672852213
15194,0.4620360488548048,0.10746679734500086,0.4304971538001943
15195,0.9704271681308891,0.001619878568069196,0.02795295330104219
15196,0.41581697463937684,0.013786863936610156,0.5703961614240126
15197,0.7686451990555168,0.028288588251884902,0.2030662126925983
15198,0.9264292037812815,0.015323491353804286,0.05824730486491356
15199,0.8997304738990825,0.03728208633955129,0.06298743976136521
15200,0.5804370522115722,0.02683124424958553,0.3927317035388428
15201,0.4653655329730373,0.07210299271366089,0.4625314743133019
15202,0.8905332389081423,0.020299278033600574,0.08916748305825752
15203,0.8905600715547314,0.03707885134351746,0.07236107710175133
15204,0.7553136585360112,0.03964106033305747,0.20504528113093187
15205,0.9221372011067149,0.02026099447197435,0.05760180442131059
15206,0.9490881649800754,0.004570931727173156,0.04634090329275181
15207,0.5064274343468924,0.05954408819614533,0.4340284774569622
15208,0.17080316965129116,0.02743110824023977,0.8017657221084692
15209,0.9600568446399378,0.011090925690450644,0.02885222966961184
15210,0.9551083872686928,0.006966872055176202,0.037924740676130886
15211,0.7602633672046819,0.021282352170239487,0.21845428062507874
15212,0.6002419059668903,0.0050400900563647814,0.394718003976745
15213,0.8297992410083156,0.03043785584879438,0.1397629031428909
15214,0.7001252956350723,0.013439830408680417,0.2864348739562468
15215,0.8377746358970646,0.06399328631117406,0.0982320777917612
15216,0.06907994092205377,0.02042561325190481,0.9104944458260413
15217,0.9645068775236166,0.01278916525350435,0.022703957222879666
15218,0.3646157726538686,0.012262867746786098,0.6231213595993448
15219,0.5857489202703455,0.1247892489572814,0.2894618307723732
15220,0.8587071085473835,0.011470515846810825,0.12982237560580615
15221,0.9223934518283237,0.0207083487856778,0.056898199385997925
15222,0.01852091083422714,0.002172311868024335,0.9793067772977487
15223,0.22774367040786117,0.17382223944570727,0.5984340901464315
15224,0.31005921803839875,0.050249085843844035,0.6396916961177569
15225,0.864520063086417,0.009891116059294356,0.12558882085428855
15226,0.6401577063609964,0.01199740006369686,0.34784489357530674
15227,0.9788208802190913,0.006030733924281989,0.01514838585662736
15228,0.941475804338696,0.007457319876072488,0.051066875785230614
15229,0.9584699710609365,0.00808485381888983,0.03344517512017385
15230,0.24140641531878781,0.11047027817684489,0.6481233065043674
15231,0.8720339613807028,0.021895327777251634,0.1060707108420455
15232,0.9671606753162156,0.012476818107962945,0.02036250657582116
15233,0.19348860679622248,0.026017245298723592,0.7804941479050541
15234,0.013005685639234916,0.003870664595472702,0.9831236497652925
15235,0.026131840645695438,0.0279742055839686,0.9458939537703357
15236,0.6857861176986939,0.08226235252552118,0.23195152977578512
15237,0.8861792801160715,0.024420269193045456,0.08940045069088257
15238,0.7518864564743353,0.0009883742087973013,0.24712516931686707
15239,0.06281208617031725,0.016531810467335924,0.920656103362347
15240,0.802174464222153,0.015516184682622827,0.18230935109522498
15241,0.08039518079742299,0.022283723420910815,0.8973210957816662
15242,0.9227771848636144,0.01267146494167795,0.06455135019470726
15243,0.9433440881576136,0.007552744935376926,0.0491031669070092
15244,0.3032138150233584,0.11535741150899864,0.5814287734676429
15245,0.832649813716057,0.009615232856518895,0.15773495342742425
15246,0.9565355174683055,0.006862495179346746,0.03660198735234766
15247,0.9354738387309167,0.013671533052675905,0.05085462821640699
15248,0.9189762426010711,0.007671771735727281,0.07335198566320186
15249,0.03455694989428577,0.021506659764674106,0.9439363903410402
15250,0.649126903556201,0.14206505702461544,0.2088080394191835
15251,0.9631537580996621,0.0074328499458510755,0.029413391954486345
15252,0.2934510461987328,0.013558266385204151,0.6929906874160636
15253,0.9797922280975743,0.004071488688932224,0.01613628321349373
15254,0.9696046241247713,0.01697520602703056,0.01342016984819814
15255,0.9742232296134559,0.010287216345600491,0.015489554040943666
15256,0.9788511491326659,0.0027206767361346463,0.018428174131200254
15257,0.15994097472313132,0.0018008575077540594,0.8382581677691147
15258,0.9216828144475746,0.021693803632934865,0.056623381919490554
15259,0.830188276788859,0.0355286206164794,0.13428310259466147
15260,0.9490745793866463,0.009418447500055459,0.04150697311329933
15261,0.9184693405956019,0.02400835272820365,0.057522306676194075
15262,0.8542994566909298,0.012322126141149102,0.1333784171679219
15263,0.9137137033251408,0.006977908921466322,0.07930838775339283
15264,0.7812090146759463,0.07211323834747847,0.14667774697657554
15265,0.23497309500915298,0.021774379447334104,0.743252525543513
15266,0.9228715666625708,0.02342109181152749,0.05370734152590274
15267,0.9821975972681832,0.0037943832230667536,0.01400801950875018
15268,0.9574327979698052,0.023599916599975717,0.018967285430219263
15269,0.9370179874847705,0.009744757186749234,0.0532372553284802
15270,0.9388677035682713,0.0059501378550357075,0.055182158576693195
15271,0.9733777213320103,0.0025096214809481104,0.024112657187042714
15272,0.02644772039515986,0.001232748134301963,0.9723195314705381
15273,0.84230590606085,0.017622399156914072,0.1400716947822361
15274,0.5274019279868032,0.11932262492266417,0.35327544709053266
15275,0.06635547200983292,0.021504755931869946,0.9121397720582973
15276,0.8926130582872958,0.03071384252637839,0.07667309918632641
15277,0.0187928737933383,0.0007120928897627009,0.9804950333168995
15278,0.040819515792973236,5.902200547341558e-05,0.959121462201553
15279,0.985456598651889,0.0033490420623529206,0.01119435928575866
15280,0.010919111538147796,0.003793369688172697,0.9852875187736797
15281,0.7112607259728212,0.013018791485239383,0.2757204825419394
15282,0.7416892241660193,0.0021980807311776625,0.2561126951028028
15283,0.4605930144758422,0.0523857983267409,0.4870211871974168
15284,0.9499515644499548,0.008999351003866217,0.04104908454617953
15285,0.6566758472057114,0.02621972460239094,0.3171044281918979
15286,0.8751880096875608,0.05171569838273066,0.07309629192970842
15287,0.9219624854841252,0.04277245790139916,0.03526505661447554
15288,0.6771908065678953,0.12620923205081935,0.19659996138128522
15289,0.651591777404347,0.05112793120840978,0.2972802913872434
15290,0.7434243167096793,0.01759831050321651,0.2389773727871047
15291,0.9393425981933192,0.009648037022312813,0.051009364784367704
15292,0.7775772011120045,0.014421379131545417,0.20800141975645053
15293,0.016746983765779683,0.022155527052434856,0.9610974891817854
15294,0.18847874149876245,0.01529472553502064,0.7962265329662169
15295,0.9485688382704247,0.008516304852222677,0.04291485687735223
15296,0.8598651157277402,0.030237859044591045,0.1098970252276683
15297,0.8878624733772053,0.029181943709186094,0.08295558291360912
15298,0.34528266889086395,0.08712094134665242,0.5675963897624838
15299,0.21851048332828016,0.15064538095434155,0.6308441357173784
15300,0.08450681695673445,0.023059113057132746,0.892434069986133
15301,0.925315020337935,0.0068016606843347,0.0678833189777299
15302,0.7183050899537581,0.013092930806695909,0.2686019792395466
15303,0.02272784217991582,0.027769493386303197,0.949502664433781
15304,0.8288791494052724,0.03674781836650003,0.13437303222822755
15305,0.9239807512857451,0.01295096253930189,0.06306828617495196
15306,0.7978158940582971,0.04627201217382093,0.15591209376788262
15307,0.9468044898811564,0.010592362425229223,0.042603147693614514
15308,0.8566858218718202,0.06706272861848611,0.07625144950969373
15309,0.051031638398842984,0.0038184891982491567,0.9451498724029079
15310,0.979826222953183,0.004530335388286269,0.01564344165853116
15311,0.879856344037961,0.013147284264009813,0.1069963716980287
15312,0.1662492744780322,0.23462700222088298,0.599123723301085
15313,0.9596826861090858,0.008875038155242059,0.03144227573567231
15314,0.954442746363917,0.006646014250843618,0.03891123938523946
15315,0.9744275817510434,0.005355025969930227,0.02021739227902615
15316,0.8785721624031032,0.03837131398115637,0.08305652361574097
15317,0.08159957060910539,0.001871356345082044,0.9165290730458128
15318,0.9846633319044276,0.002389824626478492,0.012946843469094596
15319,0.5970671839381682,0.08473504000784206,0.31819777605398986
15320,0.5773205877753754,0.12948783722718973,0.2931915749974351
15321,0.16465422761297807,0.006722222222222222,0.8286235501647997
15322,0.9737490448443623,0.005610588890823801,0.020640366264814587
15323,0.9487245160015156,0.019636334199834234,0.031639149798650776
15324,0.9659554777402235,0.005990343327697709,0.02805417893207867
15325,0.9614958413263609,0.007718268324525654,0.030785890349113398
15326,0.6106782451879457,0.005663794248628527,0.38365796056342555
15327,0.8476100531726636,0.02667804786443046,0.1257118989629058
15328,0.970516877641734,0.008803560042206898,0.020679562316057963
15329,0.15132977259164285,0.03463771862157814,0.8140325087867791
15330,0.8889895720842602,0.015087141641798339,0.09592328627394146
15331,0.1584320874142488,0.010596520343276562,0.8309713922424748
15332,0.9631089993521774,0.007523173014609437,0.029367827633213158
15333,0.9473443673564632,0.0060854963912657855,0.046570136252270584
15334,0.9664461259936405,0.005550889275358415,0.028002984731001122
15335,0.9122449996920058,0.03888465543456732,0.04887034487342734
15336,0.16806493197406175,0.007543737601101461,0.8243913304248367
15337,0.8165069611680674,0.03306253313545442,0.15043050569647853
15338,0.10689692196128178,0.017511861865168437,0.8755912161735496
15339,0.9847504642182586,0.00418221836695558,0.011067317414786105
15340,0.2714130349867905,0.019759707728175268,0.7088272572850343
15341,0.11648274945193357,0.06160299440761873,0.8219142561404478
15342,0.9599451934957195,0.006450187890161192,0.033604618614120306
15343,0.7285699637875128,0.012730463111307095,0.2586995731011799
15344,0.912733201449085,0.009631650437318364,0.07763514811359645
15345,0.0404429523189857,0.02011364444326603,0.939443403237748
15346,0.9158865627371917,0.041596537024243194,0.04251690023856561
15347,0.9353483668690324,0.01337879947213629,0.051272833658831195
15348,0.9354105780223538,0.007900237559259156,0.056689184418386926
15349,0.96603583935847,0.006093990949617126,0.0278701696919127
15350,0.9492705995454213,0.017180641483708303,0.03354875897087036
15351,0.9647981064476432,0.012485432458950497,0.022716461093406467
15352,0.9717119117457587,0.010588973778396722,0.017699114475844102
15353,0.034710112392747815,0.01982476876328662,0.9454651188439654
15354,0.18934216898103182,0.22908652945998773,0.5815713015589804
15355,0.9132716059001426,0.0066242075122227816,0.080104186587635
15356,0.8039597841490979,0.03499618740889818,0.16104402844200377
15357,0.9421757479490519,0.007986610095505331,0.04983764195544293
15358,0.9862384656986728,0.0029739719914653817,0.010787562309862607
15359,0.31321814793800123,0.024570412072220337,0.6622114399897789
15360,0.7534201412636353,0.013711637603769748,0.2328682211325955
15361,0.7676053511369314,0.0041546750319016775,0.228239973831166
15362,0.9090724240993439,0.006482181469726295,0.08444539443093012
15363,0.9598044721341571,0.006528218175956732,0.03366730968988633
15364,0.9834744177719564,0.0031963423245858985,0.013329239903458745
15365,0.7830918690649067,0.020260166531666454,0.19664796440342727
15366,0.9548634404324747,0.00828548682533108,0.03685107274219475
15367,0.28453833669149325,0.009181299956477498,0.7062803633520293
15368,0.7842621283527933,0.031894198720287543,0.18384367292691994
15369,0.961122227727634,0.013667234389556589,0.025210537882810635
15370,0.19359245235301703,0.004997580887815856,0.8014099667591671
15371,0.21509104649892796,0.0028684145011353464,0.7820405389999369
15372,0.9774511678501737,0.0016908458378169808,0.020857986312009587
15373,0.7106842333209494,0.03300822488818176,0.25630754179086895
15374,0.1812015130195374,0.007549787599733279,0.8112486993807292
15375,0.9556646790198302,0.0070137826971722605,0.037321538282997425
15376,0.04616912554348792,0.004172517208821968,0.9496583572476904
15377,0.93489365720983,0.004384672797702085,0.06072166999246849
15378,0.5000436195048189,0.02336624083740736,0.47659013965777375
15379,0.3740125065657431,0.12865938034438293,0.49732811308987407
15380,0.8891872673160434,0.020323172305452514,0.09048956037850489
15381,0.3229559159751039,0.01204098449497053,0.6650030995299256
15382,0.9331554839148921,0.007315917963266061,0.05952859812184223
15383,0.9500754322567375,0.008449336723554994,0.041475231019707196
15384,0.599484808642056,0.005298286988600302,0.3952169043693437
15385,0.6063984220204788,0.03865389019831273,0.3549476877812083
15386,0.9214605443372557,0.010455134984719219,0.06808432067802549
15387,0.5633484708024735,0.010543828988986518,0.4261077002085406
15388,0.942882432288107,0.01881368985649249,0.03830387785540151
15389,0.05570734172046136,0.008087316220462328,0.9362053420590765
15390,0.15159577313306463,0.05440326299734644,0.7940009638695887
15391,0.30528126228791713,0.3377714392121274,0.3569472984999554
15392,0.12644190714042186,0.19090549244322885,0.6826526004163495
15393,0.8341706273759325,0.027361560180714596,0.13846781244335307
15394,0.8021491535343512,0.02559032119644394,0.17226052526920466
15395,0.7353360443042262,0.006603856626498649,0.25806009906927513
15396,0.9655214408770992,0.002570276893717391,0.03190828222918388
15397,0.1125570067069906,0.03087772688565769,0.8565652664073518
15398,0.9511860472091688,0.0051384464534461405,0.04367550633738551
15399,0.953996205809779,0.011858181712618363,0.034145612477603074
15400,0.9642960572155291,0.006741200018885596,0.028962742765585407
15401,0.6696932092453973,0.04400781537295581,0.2862989753816466
15402,0.9305741475698326,0.014074451337556875,0.05535140109261036
15403,0.23718246134853474,0.07328056223633127,0.6895369764151342
15404,0.09276019749285119,0.005415823314031179,0.9018239791931176
15405,0.07613214047747462,0.0019338438319715851,0.9219340156905539
15406,0.853926623201498,0.009468181854107588,0.13660519494439444
15407,0.9410581187205821,0.008732350544341532,0.05020953073507614
15408,0.02094985898924795,0.001511624770392541,0.9775385162403597
15409,0.6425777804934925,0.02335009504849648,0.33407212445801077
15410,0.9485694093888708,0.002490747663993478,0.048939842947136034
15411,0.04785583019909714,0.00031898011558506594,0.951825189685318
15412,0.8515017069218532,0.011336293819311902,0.13716199925883518
15413,0.16696786860922452,0.005331845238095238,0.8277002861526803
15414,0.017491200854415315,0.013384255411327433,0.9691245437342574
15415,0.8248096328582823,0.006059830845817149,0.1691305362959006
15416,0.8112951678727093,0.016271479337278582,0.17243335279001296
15417,0.5244994207825862,0.0098355539850039,0.46566502523241005
15418,0.8779991715737746,0.01107461846428868,0.11092620996193717
15419,0.06462008707912588,0.0021431359319533444,0.9332367769889213
15420,0.7039131686183367,0.016903262745037118,0.279183568636626
15421,0.5778813861562669,0.02548365599440445,0.39663495784932845
15422,0.042648567750548066,0.0224022853272011,0.934949146922251
15423,0.9218315596642997,0.011937988474494513,0.06623045186120682
15424,0.9023968875855163,0.012772541043766409,0.08483057137071826
15425,0.9645886631831464,0.012373776476684684,0.023037560340169825
15426,0.23726640855747003,0.014959576434634551,0.7477740150078952
15427,0.6843854080175518,0.005348513194277399,0.3102660787881712
15428,0.9423563391812105,0.03739409745243482,0.02024956336635485
15429,0.7386861735374644,0.03452358721621992,0.22679023924631603
15430,0.9254088709331889,0.003229420101522445,0.07136170896528875
15431,0.16950855912195212,0.07002776026233942,0.7604636806157085
15432,0.9550774631954849,0.005915434266142381,0.03900710253837301
15433,0.7719205226601714,0.042974541626172,0.18510493571365694
15434,0.9146226283527157,0.009000922512016913,0.076376449135267
15435,0.26366274302064036,0.05240394800924503,0.6839333089701146
15436,0.9739754777391366,0.013587449076126376,0.012437073184736977
15437,0.9520536319167604,0.015936802441698754,0.032009565641541136
15438,0.9713259438592975,0.01062172110794071,0.018052335032761244
15439,0.9479824635482447,0.005763510938170974,0.04625402551358425
15440,0.030349358974358972,0.006666666666666667,0.9629839743589745
15441,0.9130494839326502,0.015176151004388015,0.07177436506296198
15442,0.9376208810680942,0.010074532615547211,0.05230458631635956
15443,0.035125823194266846,0.03999151830269482,0.9248826585030385
15444,0.9132431154842042,0.013800136854159477,0.0729567476616362
15445,0.8399475847613356,0.007913161540606067,0.1521392536980584
15446,0.03780344101183484,0.018399693512624663,0.9437968654755405
15447,0.9239468303962366,0.005117934608899904,0.07093523499486316
15448,0.9824098921992345,0.009483971100921935,0.008106136699844306
15449,0.8775434989765624,0.021683120439278943,0.10077338058415825
15450,0.129207283625998,0.1585958743011836,0.7121968420728184
15451,0.5563931869115606,0.04916132083490256,0.3944454922535369
15452,0.015434644229028361,0.0006157138843586789,0.9839496418866129
15453,0.664546304253572,0.047890101531932974,0.2875635942144949
15454,0.9624962404409971,0.01709441486821081,0.02040934469079309
15455,0.010229073036737245,0.0037817405847909826,0.9859891863784719
15456,0.5969042269118959,0.019454294787330073,0.3836414783007733
15457,0.9626283254173664,0.027608283567000638,0.009763391015633765
15458,0.9819374293485036,0.0009567903960536054,0.017105780255443525
15459,0.8443875419480583,0.021551644784046958,0.13406081326789493
15460,0.8648149002216524,0.03202116860115646,0.10316393117719114
15461,0.9609099906044869,0.003317654519022169,0.03577235487649103
15462,0.7803705477337657,0.025707767478231225,0.1939216847880032
15463,0.9186145036604559,0.040303423290779024,0.041082073048764794
15464,0.8738848904614269,0.009849837098925713,0.11626527243964749
15465,0.9761620981704828,0.0026002741965354325,0.02123762763298155
15466,0.9387780251359777,0.005901827044444292,0.05532014781957874
15467,0.9696296511213159,0.008449252245087255,0.021921096633596326
15468,0.8846180744662446,0.017207980628101163,0.09817394490565402
15469,0.17206843161468316,0.03159625186590338,0.7963353165194139
15470,0.9756359721698813,0.004433054743077405,0.019930973087042118
15471,0.7667523976436805,0.011461837576068275,0.22178576478025125
15472,0.39511233418130604,0.3333845201048929,0.2715031457138011
15473,0.9166368786888912,0.010949629801173174,0.07241349150993472
15474,0.3797807529573375,0.08751798060727371,0.5327012664353885
15475,0.3013208820734273,0.018906511124433634,0.6797726068021388
15476,0.8747790318758607,0.008831321314091301,0.11638964681004813
15477,0.8422809521603845,0.029294581833684663,0.12842446600593038
15478,0.8088168173547565,0.010036336911040621,0.18114684573420303
15479,0.5235883893515882,0.075429865086684,0.4009817455617274
15480,0.05097256725904297,0.005625816127337245,0.9434016166136199
15481,0.3034273397673807,0.12404116188138753,0.572531498351232
15482,0.955894611949077,0.012952497585779307,0.03115289046514366
15483,0.978828630829362,0.010832317008850638,0.01033905216178836
15484,0.9295892655466322,0.005418180614888284,0.0649925538384806
15485,0.7999288467119928,0.0279138771330735,0.1721572761549338
15486,0.28458766642788796,0.23324239328700533,0.4821699402851067
15487,0.6348114747762544,0.1499101458159239,0.2152783794078215
15488,0.19778610015220577,0.07217550172850908,0.7300383981192852
15489,0.6143066331467685,0.012133838473778524,0.373559528379453
15490,0.911475814321316,0.018274307821316244,0.07024987785736807
15491,0.6955404686383743,0.05781870836796962,0.24664082299365642
15492,0.9627962790743276,0.002299985518731401,0.03490373540694196
15493,0.8209870566508112,0.08114856663677218,0.097864376712417
15494,0.020898149439273987,0.009637689605382601,0.9694641609553435
15495,0.6701562359734918,0.003993327822154082,0.32585043620435333
15496,0.9867198761065716,0.005168006740666517,0.008112117152762655
15497,0.8814555022929423,0.012438255056225896,0.10610624265083239
15498,0.8564134193519741,0.03266778307082015,0.11091879757720631
15499,0.95962586713393,0.007643303571759658,0.03273082929431069
15500,0.09743009466109674,0.0028769271631242615,0.8996929781757789
15501,0.9649342493587915,0.0037431493478398796,0.03132260129336872
15502,0.8361529156139137,0.013618630018170806,0.15022845436791588
15503,0.9273113711609092,0.0022012817614009794,0.07048734707769042
15504,0.8147819258338246,0.02238645354579959,0.1628316206203757
15505,0.8355565743854322,0.056596964617392505,0.10784646099717539
15506,0.9653775226770089,0.010939992614020844,0.023682484708971233
15507,0.8464426654690325,0.016323962796155354,0.13723337173481265
15508,0.9691694223538474,0.010061347994518405,0.020769229651635104
15509,0.958083302644498,0.007860543790501441,0.03405615356500018
15510,0.257788700836409,0.008454352829917671,0.7337569463336734
15511,0.8205234550691044,0.004158795977355562,0.17531774895353994
15512,0.039722799876286394,0.04589031302794296,0.914386887095771
15513,0.2781291652637111,0.08554607942818075,0.6363247553081078
15514,0.02917220321759353,0.0008221624405285839,0.9700056343418779
15515,0.9442691352291986,0.007500674982857858,0.048230189787943446
15516,0.4820668023028092,0.013422445035357373,0.5045107526618337
15517,0.8801280396283018,0.03762854005794504,0.08224342031375352
15518,0.5245678353871532,0.010706559235393537,0.4647256053774532
15519,0.8763428147946261,0.027823401683380638,0.09583378352199327
15520,0.9328830166694325,0.010576151678274323,0.05654083165229291
15521,0.8746750590049671,0.011199003083068875,0.11412593791196443
15522,0.967794151566105,0.00448289637166867,0.02772295206222635
15523,0.86348971378891,0.053312267060266344,0.0831980191508244
15524,0.1898199080636931,0.01375057922879902,0.7964295127075082
15525,0.004390889223550173,0.0003566276930493294,0.9952524830834008
15526,0.5682474239384709,0.020317364298394813,0.4114352117631349
15527,0.15435729715974392,0.03389730872598044,0.8117453941142759
15528,0.885454930869051,0.04593600077643506,0.06860906835451402
15529,0.4885360306762241,0.11191418025213312,0.3995497890716427
15530,0.6155233620326931,0.009265901376155692,0.3752107365911517
15531,0.0825671088926721,0.0015371508158458062,0.9158957402914821
15532,0.8260724563600501,0.036072028114140516,0.13785551552580969
15533,0.13545223559489028,0.00465725809689852,0.8598905063082111
15534,0.9272977841840941,0.017945663043228664,0.05475655277267754
15535,0.9305897159465715,0.00641780649035264,0.06299247756307508
15536,0.9566574400479296,0.0033832697480179748,0.039959290204053456
15537,0.974430157798559,0.0011927516377000721,0.024377090563741904
15538,0.3436705940540262,0.014479058247899197,0.6418503476980747
15539,0.7122395749317008,0.14182706743369722,0.1459333576346019
15540,0.9646496993795801,0.01149527417910241,0.023855026441317668
15541,0.04357142857142857,0.013333333333333334,0.9430952380952381
15542,0.9798760451089561,0.001839530637326069,0.018284424253718665
15543,0.07298846667576468,0.011467834619135107,0.9155436987051006
15544,0.16127356098297113,0.06811240961526908,0.7706140294017598
15545,0.9260491943919662,0.016520319782963658,0.05743048582506994
15546,0.9504023226921923,0.012348967289400587,0.03724871001840729
15547,0.10883125103836679,0.12318643260056923,0.767982316361064
15548,0.8711270818111846,0.06630740408675775,0.06256551410205717
15549,0.9715001782275086,0.013094572215800994,0.015405249556692147
15550,0.907366402836925,0.015620431480184178,0.07701316568289139
15551,0.8640898434788814,0.009074796366752744,0.1268353601543657
15552,0.8786337973975598,0.044812467688043395,0.07655373491439689
15553,0.9508949263764725,0.010684127131427204,0.038420946492099886
15554,0.8298426779655763,0.05706766054892891,0.11308966148549454
15555,0.9618744555060976,0.00855272210769735,0.02957282238620492
15556,0.9794827422266246,0.0055072452472252325,0.015010012526151174
15557,0.06296574932492631,0.0010051391620749632,0.9360291115129993
15558,0.4900888829015378,0.2555289896848167,0.25438212741364546
15559,0.4138940169530512,0.015727572332325388,0.5703784107146239
15560,0.5385005575243865,0.1601688417302544,0.30133060074535917
15561,0.4732617231300397,0.0027381107391813006,0.5240001661307789
15562,0.927625063035116,0.008558613837728159,0.06381632312715654
15563,0.5869256023385702,0.0012970911557973594,0.41177730650563243
15564,0.923780914771073,0.044823999931329975,0.03139508529759651
15565,0.7601554409648662,0.048681348303361564,0.191163210731773
15566,0.9600154050300822,0.003278908639817845,0.036705686330100386
15567,0.9694494700794193,0.002818463614061352,0.027732066306519556
15568,0.7403634618495595,0.06690318625487574,0.19273335189556465
15569,0.9397868038775418,0.007637171669899865,0.05257602445255779
15570,0.775285587270826,0.008116135348024796,0.21659827738115003
15571,0.7601641448869166,0.014980867372944363,0.22485498774013904
15572,0.8897249996150519,0.015854488943014194,0.09442051144193449
15573,0.7526211884482247,0.10137181847371107,0.14600699307806417
15574,0.9554005846283792,0.007954610134365266,0.03664480523725552
15575,0.9345699611152198,0.009031085331924585,0.05639895355285521
15576,0.8878952695914188,0.013284676395833608,0.0988200540127479
15577,0.046230015546198835,0.051458256338041755,0.9023117281157594
15578,0.12394549450021868,0.10121911895809331,0.774835386541688
15579,0.7743969458539293,0.0943790559039709,0.1312239982421001
15580,0.644427358303043,0.05444104836007247,0.30113159333688483
15581,0.7708762608587164,0.06270263024682377,0.16642110889445977
15582,0.909370039273999,0.020437357310210347,0.07019260341579098
15583,0.10329487344565519,0.0007713705454247257,0.8959337560089202
15584,0.9142603226896155,0.009157362672582782,0.0765823146378025
15585,0.29920668187343274,0.022448704533597083,0.6783446135929705
15586,0.5375556451973539,0.17947316130988825,0.28297119349275784
15587,0.9098116151735205,0.017840859123715854,0.07234752570276375
15588,0.6075223777554818,0.007948910834149326,0.38452871141036854
15589,0.20942999314376667,0.0013906421580639956,0.7891793646981691
15590,0.7678931371322425,0.0260341790516467,0.2060726838161107
15591,0.0027458756124487393,0.0016728167281672816,0.9955813076593839
15592,0.7522963427835371,0.0802523188895208,0.1674513383269422
15593,0.3390989834360334,0.06493283165197526,0.5959681849119911
15594,0.7508188610706399,0.0445988029798474,0.20458233594951294
15595,0.91212059609958,0.02350107843731706,0.06437832546310314
15596,0.9579916093137762,0.012812111572569517,0.02919627911365454
15597,0.9451384856320661,0.0062826863351499885,0.04857882803278426
15598,0.13897752551706616,0.00298232063228023,0.8580401538506529
15599,0.9526885181483523,0.010979837754761867,0.036331644096886655
15600,0.7869593897993409,0.048607685856998616,0.16443292434366127
15601,0.9639579892078298,0.004948524578589517,0.031093486213581052
15602,0.8087281853361645,0.008257737160059573,0.1830140775037763
15603,0.7316777284467845,0.008534078340607227,0.25978819321260815
15604,0.011868270416598568,0.00023201087926500146,0.9878997187041366
15605,0.9326270915666267,0.003864501913768317,0.06350840651960572
15606,0.9290450418897872,0.010728141258350884,0.06022681685186177
15607,0.9829451996939459,0.0020686973288681154,0.014986102977186668
15608,0.026169457422368203,0.005126161420318487,0.9687043811573134
15609,0.11298544595148567,0.0065781757538189685,0.8804363782946955
15610,0.19418098108035903,0.03230338453521633,0.7735156343844248
15611,0.18631608328318855,0.18162025898078527,0.6320636577360262
15612,0.42749196973633824,0.06968597547951114,0.5028220547841508
15613,0.6313185865200331,0.014083608936583442,0.3545978045433828
15614,0.9489138197896585,0.003870564377529477,0.0472156158328125
15615,0.4954381665096905,0.04280150573768891,0.4617603277526205
15616,0.9504268373845628,0.0027376262105967084,0.046835536404841484
15617,0.9649478764890487,0.011054757126662245,0.023997366384289676
15618,0.005026666666666666,0.0016666666666666668,0.9933066666666668
15619,0.9263103397596905,0.007352980575752411,0.06633667966455684
15620,0.974393659769149,0.006374244960960387,0.019232095269890795
15621,0.9608665253087406,0.018812459565447418,0.020321015125813233
15622,0.6767376722182331,0.028495037881257557,0.2947672899005093
15623,0.5194634220354292,0.025032293290411255,0.4555042846741595
15624,0.017142941096087345,0.008395366710584102,0.9744616921933285
15625,0.3911654486955193,0.007638970966816675,0.6011955803376634
15626,0.3049402189325771,0.03396213297598247,0.6610976480914407
15627,0.10373371239437659,0.024297490539555985,0.8719687970660679
15628,0.3435873765897443,0.04135341740103138,0.6150592060092244
15629,0.959275962113972,0.012462179017681506,0.02826185886834705
15630,0.22851036794592072,0.03410703655789339,0.7373825954961862
15631,0.017366428593835425,0.04021922903988122,0.9424143423662834
15632,0.762616140719288,0.06417173374186741,0.173212125538845
15633,0.7795258877866029,0.03177746135303586,0.18869665086036133
15634,0.8121686354086807,0.0049498630334471804,0.18288150155787272
15635,0.10866402523391012,0.014421112528152475,0.8769148622379374
15636,0.9620529175160996,0.010835340652785873,0.027111741831115192
15637,0.9572588807058272,0.00610015743556165,0.03664096185861142
15638,0.9336817606463967,0.008736309582034725,0.05758192977156835
15639,0.6031568518355326,0.2776982779985405,0.11914487016592733
15640,0.9290012042297456,0.011706168057383512,0.05929262771287013
15641,0.9205740181633384,0.012411332800116269,0.06701464903654474
15642,0.9814474294466449,0.0035260604561695554,0.015026510097185811
15643,0.01611412117059785,0.009036783928409927,0.9748490949009926
15644,0.5363875666917681,0.09143336530483075,0.37217906800340145
15645,0.6422848652832219,0.018125412004213564,0.3395897227125653
15646,0.010016422285733583,0.01091996815332413,0.9790636095609424
15647,0.27427428989831815,0.09085173048162912,0.6348739796200525
15648,0.9738150854987945,0.00278984001449699,0.023395074486710007
15649,0.9167238278112848,0.027530741508379156,0.055745430680336105
15650,0.9061628784485394,0.004381710518156402,0.08945541103330437
15651,0.9155400842586611,0.008135856406525276,0.07632405933481232
15652,0.9395718786054161,0.014679633335483245,0.04574848805910037
15653,0.6997791895258336,0.033748094726020965,0.2664727157481453
15654,0.3142531337234978,0.027827800396416767,0.6579190658800854
15655,0.8912141619131394,0.007339045929953207,0.10144679215690773
15656,0.7688732716398807,0.015860877130187287,0.21526585122993264
15657,0.9727024943347491,0.002305968767406908,0.02499153689784513
15658,0.9287519322999752,0.016852508440275582,0.054395559259749975
15659,0.9704071816731933,0.0040187120264960526,0.02557410630031038
15660,0.9728354548009834,0.005983443229307825,0.02118110196970832
15661,0.025165588072046066,0.002054694805238807,0.9727797171227153
15662,0.8735464688745029,0.04677588607146949,0.07967764505402775
15663,0.6811499232862325,0.01004387828927349,0.3088061984244946
15664,0.011923463019272046,0.013674732436979541,0.9744018045437484
15665,0.9467240093269556,0.006851010283556716,0.04642498038948756
15666,0.9056905852387954,0.008258870965794494,0.08605054379540998
15667,0.042772463528361414,0.10852572868993456,0.8487018077817041
15668,0.9461722400584645,0.003917341160814023,0.04991041878072193
15669,0.003575027596297192,0.00168795028928602,0.9947370221144168
15670,0.9267979790951476,0.002979903050524537,0.07022211785432826
15671,0.1296683636257574,0.019626805700944275,0.8507048306732982
15672,0.9382244700555353,0.008118922607076888,0.05365660733738778
15673,0.057755359628999074,0.0005641186316770109,0.941680521739324
15674,0.798245446781931,0.04068959341273989,0.16106495980532926
15675,0.2730897597969009,0.028904199881284506,0.6980060403218143
15676,0.08926640926401141,0.003427841634738186,0.9073057491012506
15677,0.9473992983067581,0.011251759853610311,0.04134894183963192
15678,0.06672197180530674,0.008673693687505013,0.9246043345071885
15679,0.9076764727959516,0.0035036704862343943,0.08881985671781449
15680,0.9589233111921948,0.014103518564900556,0.026973170242904618
15681,0.9494003879105706,0.007383705950457218,0.04321590613897224
15682,0.95542935356933,0.006827392860418568,0.037743253570251746
15683,0.8595315191443482,0.003629016247424087,0.13683946460822735
15684,0.908080852984586,0.013664938653200887,0.07825420836221353
15685,0.04793216219044629,0.010266653992989724,0.9418011838165643
15686,0.9298971900452743,0.017165744277577534,0.05293706567714843
15687,0.25463153836177455,0.07128956478733928,0.6740788968508863
15688,0.968704696530595,0.0072233037068457125,0.024071999762558593
15689,0.9515154466231415,0.007665375451009617,0.04081917792584828
15690,0.9567355713185841,0.013203544886256113,0.03006088379516009
15691,0.2168123176279641,0.47670710158582014,0.30648058078621576
15692,0.8379842559356221,0.032758412776838955,0.12925733128753844
15693,0.38631290207873104,0.044222501794342256,0.5694645961269273
15694,0.8600575625414968,0.06224261850794927,0.07769981895055426
15695,0.8818119303917041,0.018410278931887666,0.09977779067640916
15696,0.8989296483458058,0.0488193363240822,0.05225101533011221
15697,0.28047391748837985,0.025826980858183964,0.6936991016534362
15698,0.7390561350798044,0.01648667786122326,0.2444571870589724
15699,0.6631498003375725,0.0375988106828096,0.299251388979618
15700,0.9426637478765197,0.016406546132985776,0.04092970599049506
15701,0.022189237512503762,0.008583747507806536,0.9692270149796897
15702,0.9789349323762137,0.0050628108608817765,0.016002256762904295
15703,0.02634486709862245,0.0034939351691190387,0.9701611977322587
15704,0.08859781057298831,0.04455154054299351,0.8668506488840181
15705,0.8595233849403909,0.008935828728077798,0.1315407863315312
15706,0.2683907366371984,0.005873087196345753,0.7257361761664562
15707,0.9733634490643188,0.003216533218986468,0.023420017716694906
15708,0.9291419264515481,0.02128103644640668,0.04957703710204603
15709,0.8810386425927883,0.02366004346803054,0.0953013139391818
15710,0.8459685982440261,0.019581933516844046,0.1344494682391307
15711,0.3247637592603227,0.011764069264069263,0.6634721714756081
15712,0.8189861708204148,0.02910073717780472,0.15191309200178155
15713,0.6123430800676042,0.025089385986826904,0.362567533945569
15714,0.4443425524481324,0.0036941608563580536,0.5519632866955095
15715,0.5761868492397116,0.02104433659361033,0.402768814166678
15716,0.82908662937127,0.07797476148522059,0.0929386091435101
15717,0.9124127206793103,0.03885798133719684,0.04872929798349273
15718,0.14079446271769322,0.04795559396809619,0.8112499433142106
15719,0.8163806762525804,0.06678022833108165,0.11683909541633725
15720,0.9440957826329628,0.01255994755643551,0.0433442698106016
15721,0.7192791591750392,0.023184206527368547,0.2575366342975922
15722,0.9249913105924163,0.004945798395003565,0.07006289101257986
15723,0.8886417871895611,0.051774121230625074,0.0595840915798139
15724,0.5985212771855563,0.05898506460054899,0.3424936582138945
15725,0.0017753623188405798,0.00010514350667803353,0.9981194941744813
15726,0.09137626350625332,0.011276067732107615,0.8973476687616395
15727,0.0680901003785409,0.04266609761414109,0.8892438020073179
15728,0.9141611317316515,0.014190622393374323,0.07164824587497384
15729,0.9544979737179543,0.008160076681796644,0.03734194960024879
15730,0.2659994538021439,0.004253907157642161,0.729746639040214
15731,0.5955747748634403,0.011396998554560882,0.39302822658199865
15732,0.9593770192093762,0.006348252413294134,0.03427472837732943
15733,0.11519640116646065,0.011664305055149479,0.87313929377839
15734,0.68261165188866,0.022890460965579666,0.29449788714576053
15735,0.9190125390351211,0.005548992258809893,0.07543846870606895
15736,0.7724979285243173,0.09552721258550384,0.13197485889017876
15737,0.9386508735016171,0.003909864240403446,0.057439262257979705
15738,0.7198345107614711,0.0037649519157809965,0.2764005373227483
15739,0.8816049560238594,0.004672526846806098,0.11372251712933469
15740,0.9351579567379011,0.010748553450363112,0.05409348981173538
15741,0.9175299428198248,0.010920693195285228,0.07154936398488955
15742,0.14169914478057302,0.02687416690958927,0.8314266883098378
15743,0.9388281134127638,0.019020541403717794,0.04215134518351863
15744,0.8522092905102239,0.006359556049371191,0.1414311534404047
15745,0.03654691288950378,0.013569348851782745,0.9498837382587133
15746,0.7079209688927082,0.015175333125867866,0.27690369798142433
15747,0.9243507733263444,0.015606094122272903,0.060043132551383126
15748,0.9632964950973834,0.0011886030977259039,0.03551490180489184
15749,0.9384142804870537,0.010808179613480632,0.0507775398994654
15750,0.5243643288345207,0.029727804885027867,0.445907866280452
15751,0.18604409781040218,0.3954872953133822,0.41846860687621557
15752,0.9487365184970938,0.01801781813172138,0.033245663371184855
15753,0.7972983654679989,0.03646289875493513,0.16623873577706608
15754,0.13880419543107894,0.016574654933024426,0.8446211496358972
15755,0.9766150072646597,0.013636509649961938,0.009748483085379006
15756,0.0523734237964637,0.015106533377184567,0.9325200428263518
15757,0.7519341775772038,0.016123950689270413,0.2319418717335257
15758,0.9553127494893041,0.0017284501130231645,0.042958800397673316
15759,0.9541755421918322,0.005977069021547242,0.03984738878662086
15760,0.6891572736548073,0.025798399472405153,0.285044326872787
15761,0.9581876340675503,0.01983920291806648,0.021973163014383776
15762,0.9303084196179929,0.00620229815333531,0.06348928222867199
15763,0.21702105114580086,0.01226637588036828,0.7707125729738309
15764,0.9311003367630465,0.007069627301271864,0.06183003593568265
15765,0.9686469586831767,0.004214909360350933,0.027138131956471807
15766,0.9586860821125625,0.0035807016522381406,0.037733216235200484
15767,0.8753270312174629,0.011929882170847126,0.11274308661169075
15768,0.13461183371736013,0.03811818299025283,0.827269983292387
15769,0.9576487720651372,0.008567127572146681,0.03378410036271569
15770,0.572380026634244,0.03064752781609705,0.3969724455496588
15771,0.8670698659181802,0.022334265025934958,0.1105958690558852
15772,0.9070686634758367,0.0068381103851038695,0.08609322613906026
15773,0.6582399301422576,0.009046728123515313,0.3327133417342272
15774,0.05968196413548933,0.01946926817479687,0.9208487676897139
15775,0.028631128823080977,0.0026037924053399675,0.9687650787715795
15776,0.9845629489879222,0.0025306681686316766,0.012906382843446204
15777,0.9702400852164063,0.01312796135418595,0.01663195342940726
15778,0.955512054151899,0.004245387168437715,0.04024255867966327
15779,0.8568560684989556,0.006572237918135671,0.13657169358290827
15780,0.9704873946376248,0.003143064271753325,0.02636954109062192
15781,0.9663015456883867,0.0011602776972770312,0.032538176614336375
15782,0.9352811849778326,0.007555807384735312,0.057163007637431915
15783,0.5720382620152208,0.008915494693313382,0.41904624329146634
15784,0.9417405092099536,0.010779122910996522,0.04748036787905058
15785,0.9372971008838364,0.007113891260739645,0.05558900785542388
15786,0.8135275973277909,0.06259888085763435,0.12387352181457495
15787,0.9540134050326049,0.028999749507135367,0.016986845460259463
15788,0.752041068738591,0.028820191247427237,0.2191387400139819
15789,0.9351015131746584,0.01678489778197739,0.04811358904336434
15790,0.9108998852749995,0.032490114321110604,0.056610000403890005
15791,0.8196980811675673,0.018671453595323174,0.16163046523710964
15792,0.6873758008611802,0.007537498435329519,0.3050867007034905
15793,0.8665754742718449,0.028096061865276547,0.10532846386287871
15794,0.3005385149051711,0.0142803445561775,0.6851811405386515
15795,0.733515428901473,0.03802974420053763,0.22845482689798952
15796,0.46839918035307854,0.010733788036581737,0.5208670316103394
15797,0.7146190396633019,0.10849699709706362,0.17688396323963465
15798,0.9465843542471659,0.006818381516731988,0.04659726423610202
15799,0.9378066499730419,0.014295020319164612,0.04789832970779294
15800,0.9447931421508909,0.008954500486275297,0.04625235736283318
15801,0.9741223507901347,0.00399660376854332,0.021881045441321884
15802,0.9004042227558015,0.007983309707808788,0.09161246753638994
15803,0.009169002973984144,0.00024509259259259265,0.9905859044334234
15804,0.9665031349100138,0.003948578119103834,0.02954828697088332
15805,0.08481661302200431,0.011286897490809206,0.9038964894871869
15806,0.8954633000770312,0.01600808050431964,0.08852861941864919
15807,0.17005974128226534,0.0051284988181566175,0.824811759899578
15808,0.4824937110419455,0.04992787091562554,0.4675784180424289
15809,0.854109823909945,0.009634343589857541,0.13625583250019715
15810,0.8349464699069934,0.0092862961970686,0.15576723389593816
15811,0.19471257564167943,0.0005851733567497141,0.804702251001571
15812,0.5842462180717077,0.03940610065410653,0.3763476812741859
15813,0.5965225834762634,0.01704863931975411,0.38642877720398283
15814,0.5227926407111098,0.1011989372908433,0.3760084219980468
15815,0.9283881137659349,0.005133084602063437,0.06647880163200143
15816,0.342016039630706,0.20147478152173798,0.45650917884755626
15817,0.9797649213235379,0.0041400234902537435,0.01609505518620853
15818,0.9570035964062371,0.004747800732819291,0.038248602860943746
15819,0.43615403739911274,0.10825819438714035,0.45558776821374675
15820,0.943420313318043,0.0065291771781147995,0.050050509503841656
15821,0.42938415363279425,0.026489016943012717,0.5441268294241931
15822,0.16442019020866588,0.019932618973522012,0.8156471908178128
15823,0.6171693922442033,0.0302134248936653,0.35261718286213095
15824,0.9382129434270594,0.006610852290397002,0.05517620428254349
15825,0.012493408410753236,0.007433187735395282,0.9800734038538516
15826,0.30338956040791054,0.034745187182689465,0.6618652524094
15827,0.6495584897276077,0.030133174655993706,0.32030833561639876
15828,0.6569426487035592,0.011904565816097572,0.33115278548034316
15829,0.5626059157198324,0.053355281153062366,0.38403880312710553
15830,0.9533923397788696,0.004341374197732257,0.04226628602339817
15831,0.09795748458066737,0.009725418658106022,0.8923170967612271
15832,0.9720592409640142,0.0026932027627965156,0.025247556273189566
15833,0.8722707936472418,0.07636871461040604,0.05136049174235238
15834,0.16005935532444562,0.021135484914640214,0.8188051597609138
15835,0.08556088320478394,0.023324281072558975,0.8911148357226576
15836,0.9536294369314571,0.0038159665586960266,0.042554596509847324
15837,0.36295988982789434,0.21024637236603336,0.4267937378060721
15838,0.9382039992564283,0.005872689734566201,0.05592331100900543
15839,0.8608687333393612,0.009068641232011471,0.13006262542862718
15840,0.9228834077001972,0.0052605158978554925,0.0718560764019482
15841,0.9478761085381577,0.017484565744674666,0.034639325717167706
15842,0.9605531057808012,0.006696315694302714,0.03275057852489599
15843,0.43715171564593275,0.0013674524160033105,0.561480831938064
15844,0.733226059669259,0.025807171588652443,0.24096676874208844
15845,0.9485554085828308,0.011240899279474878,0.04020369213769474
15846,0.2630274933737968,0.15134948455831607,0.5856230220678873
15847,0.9670787221693852,0.006690428839862938,0.026230848990751888
15848,0.9626415024546446,0.0016457093907327183,0.03571278815462444
15849,0.23982374779397483,0.12096510926870155,0.6392111429373237
15850,0.9668104749919221,0.013399022079520428,0.019790502928557187
15851,0.8962819825360193,0.014839137340887308,0.08887888012309292
15852,0.9734620958383946,0.002602014718207738,0.023935889443398865
15853,0.9569815823962523,0.013142011398771965,0.02987640620497541
15854,0.5282116436403984,0.01846432630648229,0.4533240300531195
15855,0.06180578626291975,0.0012926503105450606,0.9369015634265352
15856,0.8970182066753029,0.009451737483920157,0.09353005584077728
15857,0.04367784926922321,0.010912989243055282,0.9454091614877217
15858,0.7928849143236637,0.003481344448683062,0.20363374122765335
15859,0.5267679939447379,0.007770900893675258,0.46546110516158684
15860,0.11257380785706349,0.08366872761313154,0.803757464529805
15861,0.9806541746447344,0.003999536079294637,0.015346289275971155
15862,0.19706929761403097,0.020294548611098077,0.7826361537748711
15863,0.9414825460495115,0.008310897217343143,0.050206556733145516
15864,0.9838016654389158,0.0014976339027215,0.014700700658362594
15865,0.9698499091667301,0.00424068301424065,0.025909407819028778
15866,0.6605568497927381,0.06662635132625153,0.27281679888101085
15867,0.9148832273988241,0.010192492611794451,0.07492427998938186
15868,0.18655264168928223,0.14367573203906656,0.6697716262716511
15869,0.8686394573887213,0.047526436599273116,0.08383410601200537
15870,0.9211138821914545,0.009509634289031182,0.06937648351951427
15871,0.8783847426684429,0.028289012537884795,0.09332624479367242
15872,0.9403685047959899,0.014493260996147554,0.04513823420786235
15873,0.8989692853128709,0.015411456914206579,0.08561925777292229
15874,0.2932050263012555,0.09851958474581285,0.6082753889529315
15875,0.6696583425080754,0.01035891136623609,0.31998274612568794
15876,0.871071420578205,0.0727475503062755,0.05618102911552003
15877,0.7787175625169165,0.005513809266488844,0.21576862821659523
15878,0.7985668790519599,0.03194743262835027,0.16948568831969021
15879,0.8446263225747465,0.03508660821389409,0.12028706921135866
15880,0.09179956226855346,0.06167271418456816,0.8465277235468784
15881,0.732173808366886,0.03983905202441552,0.22798713960869813
15882,0.8877827693203163,0.02028320644290245,0.09193402423678192
15883,0.02954773717378763,0.0016728167281672816,0.9687794460980448
15884,0.9029346444120268,0.008747427900594384,0.08831792768737995
15885,0.43474857977817954,0.012217134352931218,0.5530342858688894
15886,0.7751245978272344,0.009459102137185496,0.21541630003558002
15887,0.32826156061294287,0.03552811427925093,0.6362103251078062
15888,0.9861881948405867,0.0027832795121575066,0.011028525647256614
15889,0.9599948359749552,0.008792985107804213,0.031212178917241234
15890,0.9445942180898366,0.002354652072873562,0.05305112983728998
15891,0.02166291480055811,0.010493175205134953,0.9678439099943068
15892,0.8343932696547521,0.003783402590689167,0.16182332775455852
15893,0.9370074925886801,0.009672509068364194,0.05331999834295541
15894,0.9776581851714182,0.0029859919999404862,0.01935582282864109
15895,0.9237183599900074,0.010405859216754654,0.0658757807932377
15896,0.9808662467802252,0.005937663680077935,0.013196089539696735
15897,0.9174408178811301,0.02083710085199255,0.061722081266877386
15898,0.40374306343402416,0.025476426874420508,0.5707805096915556
15899,0.8506206675717357,0.010739155048713915,0.1386401773795506
15900,0.32023010966520776,0.0026497485781050837,0.6771201417566876
15901,0.0431448639308609,0.022385727031087,0.9344694090380521
15902,0.39194465827013525,0.10078961815338645,0.5072657235764783
15903,0.9509934669383882,0.007071625547745962,0.041934907513865555
15904,0.9117640458271761,0.0067854449307684335,0.0814505092420562
15905,0.8901665234455214,0.04653101927136541,0.06330245728311289
15906,0.8839062313618611,0.031594653530403256,0.08449911510773649
15907,0.8491037685806656,0.0050985200159697095,0.14579771140336517
15908,0.5934916457256747,0.0591251438785985,0.3473832103957264
15909,0.14267585954121373,0.0369590045189411,0.8203651359398453
15910,0.9888349764365347,0.0036525167499835342,0.0075125068134822455
15911,0.9731443661363745,0.004399816628676477,0.02245581723495006
15912,0.11984693695687758,0.035120279771989636,0.8450327832711328
15913,0.20878730905842785,0.027330013091564236,0.7638826778500081
15914,0.9358636109185018,0.008506815043716755,0.05562957403778198
15915,0.7442687965418939,0.009362016079706065,0.24636918737840016
15916,0.5974041353619409,0.08472253292853277,0.3178733317095266
15917,0.9506778381658662,0.0024806709195905976,0.046841490914544
15918,0.9279100776398331,0.005927143052917885,0.06616277930724848
15919,0.043399242424242424,0.025597943722943724,0.9310028138528139
15920,0.5816491755858716,0.018388945675149683,0.39996187873897887
15921,0.91998382159928,0.003841329507678107,0.07617484889304198
15922,0.03909677967578435,0.026630616308837923,0.9342726040153779
15923,0.8702860293303295,0.018520988461733286,0.11119298220793729
15924,0.20324567905490565,0.10205971450653166,0.6946946064385628
15925,0.8515415264898561,0.01622299794006849,0.1322354755700763
15926,0.9690876992655727,0.015824850761656392,0.015087449972771273
15927,0.2932736232804097,0.06291042950822553,0.6438159472113649
15928,0.8702925538610833,0.019263565676610844,0.11044388046230708
15929,0.0832817873747873,0.07174331379406995,0.8449748988311427
15930,0.888526462094134,0.0029676864360468607,0.10850585146981999
15931,0.5901478507599454,0.011295634856528413,0.39855651438352585
15932,0.8870103535055074,0.019180921668452155,0.09380872482603998
15933,0.9328229114786425,0.012462198092518044,0.05471489042883949
15934,0.9693610291891963,0.002994570613513694,0.02764440019729057
15935,0.06535574360087587,0.010779201243083143,0.923865055156041
15936,0.022111629508171412,0.007819721439461143,0.9700686490523676
15937,0.980101888692076,0.006374792152986506,0.013523319154937707
15938,0.588944570629161,0.03337143264202107,0.3776839967288178
15939,0.5306515938254655,0.23646638241361426,0.23288202376092015
15940,0.3338398548313187,0.05243520546787127,0.6137249397008101
15941,0.9328771688138966,0.0025577033474417097,0.06456512783866228
15942,0.8756414536320093,0.023624132775329234,0.1007344135926615
15943,0.9825722284132826,0.003076677787259792,0.014351093799457777
15944,0.8215688357181862,0.021151850719211673,0.1572793135626023
15945,0.9484512778822611,0.006121623769312829,0.04542709834842511
15946,0.7435183291605953,0.03931233253362849,0.2171693383057764
15947,0.8848693224713731,0.008326059689754124,0.10680461783887286
15948,0.7365518094144872,0.016478250897274643,0.24696993968823833
15949,0.9819235241453144,0.0029900919761084014,0.015086383878578156
15950,0.5013422924689637,0.13373963796375088,0.3649180695672855
15951,0.9503101543106262,0.003000838205582339,0.046689007483791733
15952,0.7218541068631875,0.004364237733305557,0.2737816554035069
15953,0.3895965989905793,0.06108274542812649,0.5493206555812941
15954,0.9541731097544679,0.001533497891880959,0.044293392353650936
15955,0.9718226345373908,0.009709287400066326,0.018468078062543056
15956,0.01682308094074322,0.0001643556765398784,0.9830125633827174
15957,0.9884012330004123,0.002055839601535706,0.009542927398052332
15958,0.07560872802183496,0.027581353618800066,0.8968099183593652
15959,0.988930393715853,0.0022950346794984203,0.008774571604649173
15960,0.8912470287314879,0.010878001351988874,0.09787496991652367
15961,0.9634640378573155,0.008871648590717705,0.02766431355196697
15962,0.42653642975092854,0.017693362544217554,0.555770207704854
15963,0.9703707873480687,0.0030982671892951495,0.02653094546263671
15964,0.5422306561813413,0.01099061488096102,0.4467787289376983
15965,0.9692017177738338,0.005737216543619897,0.025061065682546724
15966,0.9350118286251751,0.005758189925217067,0.05922998144960791
15967,0.9409818019106431,0.006589912703380427,0.05242828538597666
15968,0.40969487004335825,0.09414948338373492,0.4961556465729069
15969,0.5791078858959571,0.11030837201722406,0.31058374208681916
15970,0.9583447205324107,0.0014429713880393543,0.04021230807955077
15971,0.5927045252311351,0.029304702859733467,0.3779907719091314
15972,0.9017933950378133,0.02934946862787834,0.06885713633430841
15973,0.9426457270329113,0.006666329344156099,0.05068794362293254
15974,0.383216030013993,0.25576353470609425,0.36102043527991273
15975,0.9690483395269306,0.0029300390228532394,0.028021621450217127
15976,0.7193421771326118,0.03608071005294411,0.24457711281444433
15977,0.8811117138122319,0.009823313801887185,0.10906497238588067
15978,0.9157434279002868,0.010096686268272512,0.07415988583144094
15979,0.9663839589506303,0.007267353734196876,0.02634868731517327
15980,0.8061972299210591,0.028546549053034175,0.1652562210259072
15981,0.4276442951723907,0.03329463469618564,0.5390610701314235
15982,0.9674905200523178,0.010080972474812072,0.022428507472871367
15983,0.914697895376695,0.0167914741823408,0.06851063044096412
15984,0.7381862253760384,0.03923355596408639,0.22258021865987493
15985,0.5979305408516913,0.028318662550981616,0.3737507965973274
15986,0.5488891654390387,0.05308611293381671,0.39802472162714475
15987,0.664040461531389,0.010475453373405118,0.3254840850952057
15988,0.9880523442044438,0.001780090047574494,0.010167565747981827
15989,0.42268146125111894,0.013984434673246327,0.5633341040756347
15990,0.955416424787609,0.012672154815975025,0.03191142039641674
15991,0.10560056137307212,0.13949627801392508,0.7549031606130028
15992,0.917234437037157,0.010032490026446083,0.0727330729363974
15993,0.9633220214047307,0.002561679048074319,0.034116299547194376
15994,0.980383858127108,0.0035744210894178645,0.016041720783475658
15995,0.9077255362113535,0.011155619727319975,0.081118844061326
15996,0.5470155841984881,0.1095349773427642,0.3434494384587479
15997,0.8754076291329107,0.046752310133761604,0.07784006073332811
15998,0.8827620010939762,0.018702843299144373,0.09853515560687932
15999,0.978098162241547,0.00543385316545053,0.016467984593002503
16000,0.8426900175467825,0.018265734288090776,0.13904424816512748
16001,0.9806636410833536,0.0029940917442067686,0.01634226717244037
16002,0.8971400217345388,0.004731245804005991,0.09812873246145487
16003,0.8385658130721442,0.05912572562680913,0.10230846130104693
16004,0.26807269647476517,0.39533334606797527,0.3365939574572595
16005,0.9001971812559448,0.0148701539399759,0.08493266480407927
16006,0.7107014435471537,0.018614071964204868,0.27068448448864163
16007,0.9783444183809361,0.002680332975184673,0.018975248643879387
16008,0.9699829657053692,0.004630884532561081,0.025386149762070594
16009,0.9633795262528927,0.0031604553163338063,0.03346001843077332
16010,0.5716485593170779,0.06097080762140532,0.3673806330615165
16011,0.9384539162881793,0.005567365322885746,0.05597871838893526
16012,0.7771392086047472,0.011790060633120603,0.2110707307621321
16013,0.4497314415147513,0.006251854146187752,0.544016704339061
16014,0.7775449294316246,0.022106120136537292,0.2003489504318383
16015,0.6757986124117701,0.0745765638682509,0.249624823719979
16016,0.7425985362456468,0.024430801713989744,0.23297066204036312
16017,0.797036329180877,0.04235460246623513,0.1606090683528879
16018,0.8821956013345882,0.007344866171628234,0.11045953249378324
16019,0.7510567197610847,0.008140126640717628,0.24080315359819754
16020,0.8810285554026968,0.01616041362690186,0.10281103097040138
16021,0.9331800154485099,0.01187435335675782,0.05494563119473281
16022,0.6466325704066888,0.04420208749109849,0.3091653421022127
16023,0.9234474388621317,0.007089668480057304,0.0694628926578104
16024,0.4745606755546417,0.0007265442964986415,0.5247127801488598
16025,0.8921936345549407,0.027994432147513917,0.07981193329754528
16026,0.01957853980277806,0.002029070362762008,0.9783923898344602
16027,0.97149760630876,0.01249610682104533,0.016006286870194793
16028,0.958568321079587,0.011893895971812684,0.029537782948600554
16029,0.9568552062973807,0.013506075155813955,0.02963871854680598
16030,0.9467853523258989,0.012953993678720153,0.0402606539953813
16031,0.9351767632308308,0.006847866554648402,0.05797537021452182
16032,0.9516742851661941,0.007443124561623017,0.040882590272182204
16033,0.9117638193632458,0.01680234831664678,0.07143383232010712
16034,0.7953843876008503,0.01866519919678316,0.18595041320236697
16035,0.1699401045991088,0.03404227403308133,0.7960176213678097
16036,0.40699241859802643,0.07033237934260964,0.5226752020593641
16037,0.9360186803099111,0.007193551879924551,0.05678776781016417
16038,0.33945074057720626,0.0072812913889467624,0.653267968033847
16039,0.9670251186806709,0.004161792242931833,0.028813089076397264
16040,0.7391941889958945,0.030658807143721715,0.23014700386038428
16041,0.8963651507854229,0.03678186241517786,0.06685298679939995
16042,0.254776954511901,0.01132422922067445,0.7338988162674246
16043,0.96554383969242,0.008694639042010894,0.02576152126557035
16044,0.02206822250444447,0.0018059078742369858,0.9761258696213186
16045,0.9153107268938059,0.007732860148501595,0.07695641295769166
16046,0.9824296369426592,0.0039327219050380715,0.013637641152303053
16047,0.8869370261303593,0.010700372972657949,0.10236260089698397
16048,0.7905714913659765,0.01115277955939502,0.1982757290746287
16049,0.004258736812449771,0.00020632114365544174,0.9955349420438949
16050,0.9408478764542423,0.005571628806225276,0.05358049473953266
16051,0.8228488088212624,0.003748930212587324,0.17340226096615036
16052,0.1820821801523365,0.01796308975665107,0.7999547300910125
16053,0.3797129023131293,0.003350960950500377,0.6169361367363704
16054,0.941167197594677,0.014780300006705922,0.04405250239861733
16055,0.5626321239992753,0.14395284925985616,0.29341502674086894
16056,0.02716503505944312,0.004526035738057269,0.9683089292024999
16057,0.21491387403684756,0.021857724030254707,0.7632284019328975
16058,0.9568931137193547,0.003466093010157882,0.03964079327048815
16059,0.9774592382954461,0.00459641292836372,0.017944348776190902
16060,0.2081691325471498,0.0025037619746117613,0.7893271054782386
16061,0.9645679803357221,0.0073759616585982605,0.02805605800567965
16062,0.8678142609559256,0.010761133778444669,0.12142460526562973
16063,0.9472920908668686,0.006946162641347337,0.045761746491783564
16064,0.9685965361632723,0.011008594314271657,0.020394869522455807
16065,0.9485776231227173,0.0032370126127544635,0.04818536426452852
16066,0.2581999581539175,0.054200446958285145,0.6875995948877974
16067,0.9667992547898698,0.004975772669941372,0.028224972540188815
16068,0.2391598053703975,0.04543754497620863,0.7154026496533943
16069,0.39989247461327526,0.04633181588748607,0.5537757094992388
16070,0.9248629590366452,0.008955840656719376,0.06618120030663534
16071,0.04494019311935058,0.0480310053089327,0.9070288015717168
16072,0.8410350078913228,0.0885465613613714,0.07041843074730583
16073,0.8466210560421012,0.011148433608280849,0.14223051034961828
16074,0.9731390153873578,0.002707486758884201,0.024153497853757578
16075,0.04028461543009032,0.01927741042832506,0.9404379741415846
16076,0.9687448053126659,0.0018584792313170555,0.02939671545601838
16077,0.9668235172271867,0.005083499703217199,0.02809298306959688
16078,0.9445515581803924,0.028642096332688338,0.02680634548691928
16079,0.04729399007112039,0.0058423776174246584,0.9468636323114548
16080,0.9132769982203525,0.009037546427979052,0.07768545535166796
16081,0.9536344354542905,0.012236235135712783,0.03412932940999723
16082,0.1775347187010199,0.11476115321580006,0.7077041280831802
16083,0.9661534698042906,0.003695083660950332,0.030151446534759263
16084,0.31707367129859093,0.018748506012841826,0.6641778226885671
16085,0.9446847618995587,0.006296018577002803,0.04901921952343837
16086,0.22099731445371737,0.2065472328683165,0.5724554526779658
16087,0.9371402787553762,0.004321560168782858,0.05853816107584129
16088,0.801022958777767,0.029876284223554213,0.16910075699867896
16089,0.9839208296137394,0.002351431297197495,0.013727739089063445
16090,0.4942631097084876,0.034814648136512485,0.4709222421549997
16091,0.930100272619606,0.008357751671238974,0.061541975709155296
16092,0.6601291849306409,0.14309713819994155,0.19677367686941744
16093,0.6486551859010429,0.14402022957748759,0.20732458452146926
16094,0.7682168582312465,0.012210083601887784,0.2195730581668653
16095,0.6748283188950115,0.2048513174889631,0.12032036361602541
16096,0.39038541617282047,0.007226751119299985,0.6023878327078792
16097,0.7882512702559317,0.02379011040275095,0.1879586193413181
16098,0.9898519424230663,0.001588880020961613,0.00855917755597249
16099,0.6750901201939831,0.026656950276928035,0.2982529295290891
16100,0.871138720191807,0.005541756023143733,0.12331952378504944
16101,0.84005928866072,0.01946505738756382,0.14047565395171618
16102,0.9537104126990467,0.006042456160766644,0.04024713114018757
16103,0.9417046002191561,0.007341061575214393,0.05095433820562861
16104,0.9016437986336318,0.030258019835259387,0.06809818153110925
16105,0.9626227799429798,0.00510885586888958,0.032268364188130366
16106,0.3861851815954473,0.13958202639032158,0.4742327920142308
16107,0.8729035991324139,0.044693049112203835,0.08240335175538235
16108,0.815170628231793,0.017369433050591715,0.16745993871761577
16109,0.8711420706597225,0.006708417202582657,0.12214951213769588
16110,0.9289225288268195,0.00689422597150322,0.06418324520167737
16111,0.9306631492830407,0.006763935074898019,0.06257291564206223
16112,0.73470415899953,0.045717067156958585,0.2195787738435112
16113,0.9425542874372776,0.007019363997119785,0.05042634856560289
16114,0.9300780211098466,0.001990917873969425,0.06793106101618401
16115,0.854252401991339,0.006455640395448876,0.13929195761321198
16116,0.900250386035608,0.012243766515370298,0.08750584744902172
16117,0.7155414349972307,0.03208452800339315,0.25237403699937583
16118,0.18714488606685203,0.02695004826613977,0.7859050656670084
16119,0.9514530188959179,0.01820228979671015,0.030344691307372204
16120,0.9061297829626205,0.02400063243799366,0.06986958459938565
16121,0.9716932169996473,0.004884811343364755,0.02342197165698791
16122,0.8827927377780016,0.06280857127981801,0.05439869094218043
16123,0.944629150656953,0.014727407658120906,0.04064344168492634
16124,0.40869191046655845,0.03335045305379324,0.5579576364796484
16125,0.9770387990297574,0.0016907467147308198,0.021270454255512227
16126,0.8938821275751191,0.012477482817855379,0.09364038960702563
16127,0.8337498622056173,0.016361514213368625,0.14988862358101482
16128,0.8829333552856241,0.024820163158512557,0.09224648155586439
16129,0.30678879650242946,0.10673105182190691,0.5864801516756637
16130,0.9458045426678007,0.007885835746943895,0.046309621585255284
16131,0.8440785357423826,0.015194221065211323,0.14072724319240687
16132,0.9453614371070628,0.007304484683506087,0.04733407820943084
16133,0.84118800341786,0.009927197534993076,0.148884799047147
16134,0.9233311303796561,0.007021323452809744,0.06964754616753392
16135,0.8571493185739338,0.007813812640103437,0.13503686878596266
16136,0.16228815522689555,0.15278153467108938,0.6849303101020155
16137,0.3107130234039071,0.04674701779338936,0.6425399588027036
16138,0.6445907187493957,0.027073203089381704,0.32833607816122296
16139,0.5427899019102058,0.00324583327563413,0.4539642648141601
16140,0.060166749817098665,0.009128465310792967,0.9307047848721082
16141,0.9477309668090345,0.00597579296430806,0.04629324022665701
16142,0.8813433720520965,0.006060989223333569,0.11259563872457012
16143,0.9754466476982443,0.009415239744727815,0.015138112557028271
16144,0.9736880830952511,0.012923291772605818,0.013388625132143167
16145,0.8952489107915369,0.03241552383017412,0.07233556537828931
16146,0.6905266550753657,0.01885036161976756,0.29062298330486686
16147,0.4632717294946835,0.01015647587167701,0.5265717946336397
16148,0.9637822775019242,0.012786036669258143,0.0234316858288179
16149,0.08237860922140855,0.03467177758975444,0.8829496131888374
16150,0.9393260421863562,0.007970027254175456,0.052703930559468475
16151,0.9296971710042373,0.019717702698595355,0.050585126297167486
16152,0.9707868560554904,0.001650376163484135,0.027562767781025316
16153,0.5739592930775017,0.21204562029836901,0.21399508662412947
16154,0.9586069667089687,0.0068293597236581014,0.03456367356737292
16155,0.9708302965104013,0.008079903533389407,0.02108979995621041
16156,0.9539269411348118,0.003580221037788937,0.04249283782739874
16157,0.49709414791829537,0.008174626546190798,0.4947312255355141
16158,0.7169203111634975,0.016730854749523523,0.26634883408697896
16159,0.9496794712500849,0.006148625015685848,0.04417190373422939
16160,0.9590493997908082,0.007382003650798343,0.03356859655839313
16161,0.10207321941343608,0.016113485005955927,0.8818132955806082
16162,0.5354005863484558,0.0399167487647173,0.4246826648868277
16163,0.5650200618324974,0.015592762602276003,0.4193871755652265
16164,0.953794402701081,0.008247971910216662,0.03795762538870236
16165,0.009705385828096552,0.003659373423910601,0.9866352407479928
16166,0.1948838362094174,0.07045333368561825,0.7346628301049642
16167,0.9604643979795567,0.007151790486247415,0.03238381153419577
16168,0.9600189068013877,0.006252654459040253,0.0337284387395722
16169,0.1265650495853598,0.010102460731170694,0.8633324896834695
16170,0.9556088733321056,0.014722205405827313,0.029668921262067275
16171,0.17523432183209953,0.014110264194180662,0.8106554139737199
16172,0.9378398239767095,0.007989655697745247,0.054170520325544945
16173,0.9797414593468138,0.003228707137102755,0.01702983351608418
16174,0.947037364729245,0.004275557866658547,0.048687077404096855
16175,0.07964354244425302,0.050724986700106396,0.8696314708556406
16176,0.9179147661634445,0.005143585584903538,0.07694164825165228
16177,0.24342511120863672,0.24428631536945242,0.5122885734219108
16178,0.9799916020216318,0.002059184010370894,0.01794921396799714
16179,0.9436702858695869,0.015368319559827226,0.04096139457058601
16180,0.9562701408801523,0.0070375797079954725,0.0366922794118524
16181,0.09207202550416374,0.018922966761072076,0.8890050077347638
16182,0.8447439982882521,0.010535287199615386,0.1447207145121331
16183,0.9459277383924903,0.01183080576193497,0.04224145584557494
16184,0.8747157795196195,0.025526125665319418,0.09975809481506105
16185,0.670638209224387,0.008099429713779435,0.3212623610618334
16186,0.9574892974708986,0.015733881025155952,0.02677682150394606
16187,0.6848150736412701,0.029424311389518346,0.2857606149692116
16188,0.67608713624079,0.07050393269735279,0.25340893106185725
16189,0.9491232374874656,0.01189618060150066,0.038980581911034234
16190,0.8269571070928744,0.03565832421010492,0.1373845686970222
16191,0.8636218548596832,0.03619755468260712,0.10018059045770925
16192,0.9759491696480129,0.0034397578986949512,0.020611072453292353
16193,0.9565007921353653,0.01262726540353259,0.030871942461102884
16194,0.9421045670991538,0.0145178283616158,0.04337760453922972
16195,0.6727805283558966,0.03475194802430697,0.29246752361979617
16196,0.9553412072970882,0.016474297301837634,0.028184495401073935
16197,0.9502477687367169,0.012341077895842776,0.03741115336744111
16198,0.9425830315512301,0.018779777906437305,0.03863719054233344
16199,0.9005815290871504,0.016243611679192034,0.08317485923365785
16200,0.9517779082590487,0.023304834919056217,0.02491725682189513
16201,0.9019270230899781,0.008955574314700955,0.08911740259532137
16202,0.9303696450087997,0.014351231669134403,0.05527912332206582
16203,0.9812602545572595,0.0029237158488917814,0.015816029593849226
16204,0.04205260957169938,0.0004222177233192511,0.9575251727049817
16205,0.954355742276948,0.00820056324078427,0.03744369448226848
16206,0.8998766501444565,0.033790409383799305,0.06633294047174429
16207,0.8030838959877183,0.010940650041867292,0.18597545397041462
16208,0.0896425271095736,0.10020101107366393,0.8101564618167625
16209,0.9429338413273644,0.005991933245471232,0.05107422542716424
16210,0.3929795665995306,0.009607131809713686,0.5974133015907563
16211,0.8706675887509677,0.009659708487166086,0.11967270276186658
16212,0.1831007629661987,0.00864002344645694,0.8082592135873449
16213,0.09870553096702081,0.015860528702262858,0.8854339403307163
16214,0.9544759914547543,0.005596423657637959,0.03992758488760839
16215,0.9741646521315603,0.00930184769756819,0.016533500170871997
16216,0.8049244029199586,0.04210148582901744,0.15297411125102378
16217,0.9532048514691653,0.006687237582548482,0.0401079109482864
16218,0.9601878304210051,0.008188684259510455,0.03162348531948456
16219,0.6658133143966897,0.001056725009913518,0.33312996059339756
16220,0.9646580571937909,0.005289009260079763,0.03005293354612887
16221,0.9082133389665947,0.019126192739118565,0.07266046829428696
16222,0.7425508412347557,0.03549176774478481,0.22195739102045953
16223,0.8654245328771679,0.06951284393316272,0.0650626231896695
16224,0.9516765744060588,0.012868613970590331,0.035454811623350305
16225,0.9465958302935947,0.009418286568956678,0.043985883137448854
16226,0.9722909356783382,0.002506849290875555,0.025202215030785985
16227,0.9275467564233844,0.015179907278921555,0.05727333629769357
16228,0.3444069017894699,0.09236660555041439,0.5632264926601156
16229,0.5050014182250693,0.06410128101552298,0.4308973007594079
16230,0.6166905683088088,0.06977223643423396,0.3135371952569574
16231,0.9442068585382088,0.014699102640069493,0.041094038821722564
16232,0.4156677967565158,0.015340207878027019,0.5689919953654572
16233,0.19109163218887346,0.09023165036694317,0.7186767174441833
16234,0.9531912484389452,0.007412186279579484,0.03939656528147545
16235,0.9290576419595491,0.006674367507173806,0.0642679905332779
16236,0.7162660606143845,0.02226238354509068,0.261471555840525
16237,0.920452620475437,0.01717913375157818,0.06236824577298471
16238,0.9643309848982944,0.005091287598398527,0.030577727503307776
16239,0.06504429875902312,0.00516877105685013,0.9297869301841266
16240,0.9582345408605382,0.0036012942184342573,0.038164164921027796
16241,0.700941929162593,0.022916032939819767,0.276142037897587
16242,0.9515933915356375,0.00845732920780686,0.039949279256556273
16243,0.451715785475138,0.07074995963366629,0.47753425489119594
16244,0.06458180545159131,0.0005856544352958824,0.9348325401131133
16245,0.5909580688934309,0.03603297217812125,0.37300895892844793
16246,0.9373415970035548,0.0167083150281141,0.04595008796833124
16247,0.08062262701272074,0.0019194138067649283,0.9174579591805148
16248,0.6706703662823285,0.19975544377415283,0.12957418994351863
16249,0.7681376910293896,0.025995627584722503,0.20586668138588865
16250,0.5012152944397608,0.0809890136043865,0.4177956919558525
16251,0.8578206446204966,0.014900062721689152,0.12727929265781504
16252,0.8901695021799304,0.03641417548075641,0.07341632233931347
16253,0.9499884377872765,0.00665620959455886,0.04335535261816453
16254,0.848590432151719,0.026308841610732294,0.12510072623754864
16255,0.9801145612436183,0.003262396136060904,0.016623042620321937
16256,0.9119315462335821,0.014833824903481577,0.07323462886293693
16257,0.6090103081133623,0.04199997418048276,0.3489897177061551
16258,0.6965840057990365,0.04245893572211621,0.2609570584788475
16259,0.7625558890191704,0.037052502335135906,0.2003916086456935
16260,0.845223129306017,0.006929187664881291,0.1478476830291028
16261,0.8481629332331218,0.013779533379132628,0.13805753338774604
16262,0.9549295868509552,0.010503735154228528,0.03456667799481538
16263,0.14077029380757666,0.011606351781303823,0.8476233544111192
16264,0.9652337189789018,0.0023338261190229614,0.032432454902075664
16265,0.0722250447582505,0.033560459887348466,0.8942144953544012
16266,0.985474423755089,0.0020823836962263224,0.012443192548684838
16267,0.9309213641518852,0.006953279625490804,0.06212535622262401
16268,0.6259954317703802,0.02970222914766909,0.34430233908195035
16269,0.8979399718629701,0.04192378698559466,0.06013624115143519
16270,0.9449264404516259,0.010521619730816141,0.044551939817557604
16271,0.9107298424200726,0.015779978350223305,0.07349017922970426
16272,0.8811418197548446,0.01059233975729262,0.10826584048786225
16273,0.10121747522932648,0.027653254149697527,0.871129270620976
16274,0.6480575881006688,0.08991418787497873,0.2620282240243522
16275,0.8705141929924228,0.028577946018000233,0.1009078609895768
16276,0.9495549219563837,0.007858466203125938,0.0425866118404911
16277,0.9330267911694818,0.01406509944883752,0.0529081093816804
16278,0.9635722345696284,0.002430792211682968,0.03399697321868887
16279,0.9658654807185534,0.016347512824954117,0.017787006456493188
16280,0.4618835126881168,0.16893008119529482,0.3691864061165884
16281,0.7531655976022101,0.03274500545921774,0.21408939693857235
16282,0.6869389638717515,0.077350268272237,0.2357107678560119
16283,0.9640940639854815,0.00801526379018028,0.027890672224338442
16284,0.4335755134397606,0.0036713356693793063,0.5627531508908603
16285,0.6990037962940793,0.002253582508909583,0.29874262119701167
16286,0.5145728301331476,0.11690756522355109,0.36851960464330136
16287,0.8333306467593835,0.011225512216502897,0.1554438410241138
16288,0.8962965957756939,0.012238555811839531,0.0914648484124669
16289,0.1584317571840691,0.0014535733230352133,0.8401146694928957
16290,0.040211461629825716,0.007225508134477632,0.9525630302356967
16291,0.9627121834345608,0.0035934174659811493,0.03369439909945889
16292,0.9674367373647965,0.005441315619473015,0.027121947015730546
16293,0.9456386202674061,0.020677940968130314,0.03368343876446257
16294,0.952475472559269,0.0017831686689173528,0.045741358771814476
16295,0.8880389248381436,0.05433535786135746,0.0576257173004996
16296,0.9720994236376725,0.004432197373813863,0.023468378988513762
16297,0.6863732777823506,0.06712928288310059,0.24649743933454896
16298,0.7893772661527328,0.01636646754009148,0.19425626630717577
16299,0.09206809785640789,0.0006432310985917783,0.9072886710450004
16300,0.0034907784684778923,0.0,0.9965092215315222
16301,0.958521256044909,0.010949685948430285,0.03052905800666112
16302,0.7033145995091893,0.04729987115359209,0.24938552933721894
16303,0.7548299767967411,0.04137807077287241,0.20379195243038634
16304,0.8530819150181188,0.02178047334545223,0.12513761163642906
16305,0.8137974970004223,0.01747794319670447,0.16872455980287365
16306,0.8992470472304751,0.037636202058598196,0.06311675071092712
16307,0.891665669355116,0.016366504531351012,0.09196782611353362
16308,0.8882059147443241,0.009375467374762136,0.10241861788091479
16309,0.950799063104965,0.01601665217748766,0.03318428471754786
16310,0.8894141043655005,0.006117531818964464,0.10446836381553566
16311,0.9591803376499048,0.006303856857013653,0.034515805493081995
16312,0.9432694274024743,0.00942135820095102,0.04730921439657484
16313,0.8266218682978493,0.02012332274863338,0.15325480895351729
16314,0.880266259661088,0.01912083846725055,0.10061290187166202
16315,0.9242695485317902,0.04008166054545677,0.0356487909227532
16316,0.7133321902561137,0.0658319890447798,0.22083582069910657
16317,0.7457939784639535,0.017738845257287816,0.23646717627875882
16318,0.962600631669442,0.007500374467512214,0.029898993863046026
16319,0.9478268523617754,0.028492767790742134,0.023680379847482613
16320,0.03390462393562871,0.00018816427900391347,0.9659072117853674
16321,0.13106155567090963,0.02614197251384677,0.8427964718152439
16322,0.2416200008322149,0.0038784627517953803,0.7545015364159902
16323,0.9331709353405078,0.00820911260753058,0.05861995205196158
16324,0.9324804008633198,0.007571236544476085,0.05994836259220392
16325,0.97193133930084,0.005630877416546861,0.02243778328261313
16326,0.9323665592694158,0.012075230553884134,0.05555821017669891
16327,0.8861882780016133,0.012079207576979386,0.10173251442140781
16328,0.8046078578631746,0.006962645612576178,0.1884294965242495
16329,0.7625943720210888,0.04551699828059597,0.19188862969831538
16330,0.9565994760961558,0.014008254458663594,0.029392269445180908
16331,0.9838335195722364,0.002970680486219583,0.013195799941544432
16332,0.6974765284955445,0.040714261170663034,0.2618092103337926
16333,0.953464503187102,0.005888044803225547,0.040647452009671854
16334,0.125491617137026,0.02690169413765966,0.8476066887253145
16335,0.9498192671485799,0.008749893033782187,0.041430839817637836
16336,0.9552412770766743,0.02569812860753419,0.019060594315792358
16337,0.9664920947547375,0.00992915636669499,0.02357874887856781
16338,0.8562762285888613,0.014348046254450708,0.1293757251566884
16339,0.832104255720381,0.003388903196081355,0.16450684108353825
16340,0.9498735158198656,0.00758203763676993,0.04254444654336452
16341,0.6237960068377421,0.02032571169244982,0.35587828146980854
16342,0.6460279191817454,0.034270416974575536,0.3197016638436797
16343,0.29403473087580195,0.4268229334148639,0.27914233570933417
16344,0.965272175463441,0.0036429878890877803,0.031084836647472858
16345,0.07217867854724283,0.074026254328527,0.8537950671242301
16346,0.9229246085571258,0.006909036109831382,0.07016635533304344
16347,0.9112555800665001,0.00461439195281954,0.08413002798068116
16348,0.18720684611848087,0.13513488187297712,0.677658272008542
16349,0.8124996794174699,0.029253255116063068,0.15824706546646627
16350,0.9358291105434915,0.018900027604545403,0.045270861851962274
16351,0.7632765412225697,0.005973238705529417,0.23075022007190085
16352,0.8648941349818933,0.021467399475356405,0.11363846554275016
16353,0.22606088815270226,0.049725988568557,0.7242131232787408
16354,0.7227913275249572,0.012804538069418229,0.2644041344056253
16355,0.7907007113343342,0.011697768816293025,0.19760151984937296
16356,0.9589515189727844,0.006000769868003134,0.035047711159212715
16357,0.5573057241004853,0.0025888464649157063,0.44010542943459874
16358,0.9853418366192953,0.004548902372905476,0.010109261007800002
16359,0.8850597838522399,0.003908735937548146,0.11103148021021243
16360,0.9506077706143299,0.008309180779799096,0.04108304860587031
16361,0.7344629770782772,0.028658979983752282,0.23687804293797043
16362,0.9582288249181591,0.011380538773690108,0.03039063630815098
16363,0.09883029997862462,0.03426834126516292,0.8669013587562125
16364,0.891478845977836,0.005860996243921827,0.10266015777824249
16365,0.02784866143792599,0.0006635879397196571,0.9714877506223545
16366,0.9639731788811684,0.00817960164934582,0.027847219469486408
16367,0.8353560244099669,0.04660608422690664,0.11803789136312633
16368,0.8321037241813891,0.01478286510864365,0.15311341070996726
16369,0.018077510631408455,0.00034058026448924756,0.9815819091041024
16370,0.788426854666173,0.10516702198500759,0.10640612334881873
16371,0.9306343221121254,0.010200012280513152,0.05916566560736238
16372,0.8437515239449538,0.012961913051629926,0.14328656300341655
16373,0.9816139899684362,0.0037180807506372376,0.01466792928092557
16374,0.031230488452722263,0.004182753591365514,0.9645867579559122
16375,0.7892031820991185,0.024693349336611905,0.1861034685642704
16376,0.6553296672132748,0.009001974681995512,0.3356683581047296
16377,0.9234994314541832,0.01999483186444751,0.05650573668136849
16378,0.01898501802856052,0.01617001009157872,0.9648449718798605
16379,0.032916820724884756,0.0048583002428540184,0.9622248790322613
16380,0.856025408534126,0.002865792616209519,0.14110879884966493
16381,0.9362924471198821,0.014194561193021916,0.049512991687095505
16382,0.40269459590359313,0.2706697758726204,0.32663562822378617
16383,0.38703809923111154,0.03276399367464928,0.5801979070942392
16384,0.9526588492528276,0.013460809107071429,0.03388034164010181
16385,0.6923075348015193,0.021074714546891197,0.28661775065158973
16386,0.9466781793197349,0.00953077722111958,0.04379104345914578
16387,0.8586878452930791,0.03212647623664063,0.10918567847028016
16388,0.9766576270300152,0.004977399365577991,0.01836497360440751
16389,0.6105731318371769,0.16562852787484938,0.22379834028797385
16390,0.8636693929741915,0.06018483553714541,0.07614577148866283
16391,0.9522217561431122,0.005700027080878049,0.04207821677600987
16392,0.6421189754583926,0.07426016514197917,0.2836208593996282
16393,0.019346571427689873,0.002417669236475103,0.9782357593358351
16394,0.7925916734278318,0.01425303640445649,0.1931552901677121
16395,0.9694938869296585,0.0027516038428026415,0.027754509227539602
16396,0.025369582655831297,0.0021071074719179674,0.9725233098722509
16397,0.6280407150278784,0.011837669605609892,0.36012161536651144
16398,0.41293945577586305,0.04976340267657075,0.5372971415475664
16399,0.9078752090274252,0.020103723124833273,0.07202106784774093
16400,0.9592021318381931,0.00420618385947735,0.03659168430232937
16401,0.15909555216128568,0.09724477932200944,0.7436596685167046
16402,0.19623422691238557,0.009347483441681907,0.7944182896459323
16403,0.9326919902253877,0.008837915136687783,0.05847009463792351
16404,0.8735967061192726,0.009410307671944469,0.11699298620878343
16405,0.40862337575175506,0.006890568066501126,0.5844860561817439
16406,0.958233767349777,0.004168540276414083,0.03759769237380908
16407,0.9457941451921104,0.010184068945790622,0.044021785862098955
16408,0.06690250791648987,0.03533393548236229,0.897763556601148
16409,0.9606208225375746,0.007079968658796096,0.03229920880362915
16410,0.11481886210292581,0.017374402996250753,0.8678067349008242
16411,0.8776243682177549,0.013316121218385997,0.1090595105638593
16412,0.9876192134991715,0.004032090595195095,0.008348695905634295
16413,0.718004265929195,0.004750567361755143,0.27724516670905025
16414,0.8180787796372273,0.013881074150655556,0.1680401462121178
16415,0.14481332020290713,0.18045822054176022,0.6747284592553326
16416,0.024394866714283186,0.000481661990749072,0.9751234712949682
16417,0.5655445143247917,0.01691201673432507,0.4175434689408832
16418,0.9478098983269676,0.0054196742227570075,0.04677042745027586
16419,0.38389775877212057,0.037744847411160895,0.5783573938167184
16420,0.9455954549069537,0.031236930316236162,0.023167614776810858
16421,0.6483176243131992,0.09065920934474361,0.26102316634205747
16422,0.006979578013109681,0.00011287173718404764,0.9929075502497068
16423,0.8235679166424799,0.010283889833630684,0.16614819352389007
16424,0.9464004131734635,0.009540213466490382,0.04405937336004569
16425,0.7457461014351794,0.04110675132904186,0.21314714723577896
16426,0.3979861591653245,0.0327254408464652,0.5692883999882105
16427,0.3783413012144219,0.01582881594164903,0.6058298828439292
16428,0.3940657546154167,0.005157178462986648,0.6007770669215968
16429,0.39123976358167123,0.05948821140325753,0.5492720250150714
16430,0.42199719568162175,0.11840509078285895,0.4595977135355192
16431,0.9489431963496882,0.004162543760403013,0.04689425988990972
16432,0.6937926341140411,0.020103369545465957,0.28610399634049327
16433,0.9630283551344845,0.00668933548270369,0.03028230938281183
16434,0.49780029759828437,0.15243063169539128,0.3497690707063247
16435,0.9428484217152863,0.00937122266359282,0.04778035562112035
16436,0.6780032321468699,0.03321547714364877,0.28878129070948155
16437,0.36609026716368137,0.24502246783480358,0.38888726500151505
16438,0.9630368911068604,0.019970044866794254,0.01699306402634574
16439,0.018395209057475846,0.0250100441424975,0.9565947468000267
16440,0.814839046478007,0.022304782407036365,0.16285617111495707
16441,0.7138922809008367,0.006515421084586441,0.279592298014577
16442,0.9430381244456862,0.007350653205327826,0.049611222348985407
16443,0.25824845754620784,0.003996721626465459,0.7377548208273266
16444,0.8853533078197313,0.004758296911060597,0.10988839526920877
16445,0.20295490045647108,0.00514546971808406,0.791899629825445
16446,0.9760959516789228,0.004752469893231698,0.019151578427845723
16447,0.9454989951020929,0.0070714090390828575,0.04742959585882532
16448,0.9286295468279411,0.006657143342597888,0.06471330982946075
16449,0.08028055639555891,0.0038087080564614645,0.9159107355479796
16450,0.9370251192279795,0.004190181524554582,0.05878469924746637
16451,0.9724352855742143,0.008394504743328868,0.01917020968245605
16452,0.2815881633358597,0.00918490803710809,0.7092269286270321
16453,0.9745517546816681,0.0026965234847690822,0.02275172183356304
16454,0.22108923309710207,0.06749194957089695,0.7114188173320012
16455,0.7012544836460491,0.029666104603264496,0.2690794117506865
16456,0.9675192956680293,0.003015379049532522,0.029465325282438736
16457,0.8905300752561912,0.014024923482181997,0.09544500126162703
16458,0.496031545282306,0.020307607180114443,0.4836608475375798
16459,0.551964028156548,0.024410643982544913,0.42362532786090723
16460,0.8532104298864409,0.005881541424779613,0.14090802868877964
16461,0.9086871441149323,0.004131386694748251,0.08718146919031945
16462,0.9657646398772306,0.0010536014361185498,0.03318175868665097
16463,0.4466668013560779,0.26206856295442504,0.2912646356894972
16464,0.011108899680201218,0.020384461919642053,0.9685066384001567
16465,0.9622467663189337,0.007843573821275832,0.02990965985979057
16466,0.9269718639857102,0.007523558849414256,0.06550457716487491
16467,0.27953833067255307,0.018792184056722193,0.7016694852707253
16468,0.9649041975271644,0.0042792074620191895,0.03081659501081692
16469,0.9809888409311246,0.002768414488395408,0.01624274458048052
16470,0.9303171357553418,0.041566288003850246,0.02811657624080798
16471,0.5992182645283459,0.07350516309362809,0.3272765723780258
16472,0.25127334383955935,0.04004155727402747,0.708685098886413
16473,0.9283740574291949,0.05866089434452332,0.012965048226283232
16474,0.9779184653759018,0.005058617139947438,0.017022917484150652
16475,0.9789790023720576,0.0021314068809505132,0.018889590746992105
16476,0.9772283270672831,0.005838149969171565,0.01693352296354602
16477,0.9598442948652841,0.01256317932610425,0.027592525808612035
16478,0.41181711796743165,0.014851644813063936,0.5733312372195045
16479,0.9634359809578602,0.011803707539665293,0.024760311502474333
16480,0.9458150484706815,0.006635496806188363,0.0475494547231296
16481,0.28037389920943734,0.14867847351081745,0.5709476272797454
16482,0.8885484459278356,0.0075890432259167985,0.10386251084624788
16483,0.9600404975751204,0.006121525257362282,0.03383797716751822
16484,0.7228644874938138,0.03343966469232459,0.24369584781386167
16485,0.9344705413233831,0.007013139510584492,0.05851631916603278
16486,0.01448276818473829,0.0018586798174324278,0.9836585519978294
16487,0.5069307295696197,0.03462574130416695,0.4584435291262136
16488,0.9796865285507687,0.003938487708240798,0.01637498374099091
16489,0.2668294679551439,0.10741384565171586,0.6257566863931401
16490,0.4553659929343246,0.009187440617119357,0.5354465664485558
16491,0.97447872476696,0.0032311491558670693,0.02229012607717326
16492,0.9661929426977371,0.01165647593988249,0.022150581362380118
16493,0.4584268275749928,0.027939691894228964,0.5136334805307782
16494,0.13044626898437772,0.0314489382293952,0.8381047927862272
16495,0.906766314631333,0.017331871603487557,0.07590181376517946
16496,0.7228308115152597,0.007231347063348486,0.26993784142139193
16497,0.9666963781653999,0.011966639612342659,0.02133698222225716
16498,0.9337128213701772,0.007162417887578723,0.05912476074224371
16499,0.8177907745550349,0.040818009381197146,0.14139121606376767
16500,0.800950064573965,0.00833423318334296,0.19071570224269305
16501,0.9696877112912134,0.005442497701744593,0.024869791007042133
16502,0.7265925229800495,0.07520855237344923,0.19819892464650102
16503,0.22701547156466154,0.012639838044972578,0.7603446903903659
16504,0.9391355499965491,0.009054542893036347,0.05180990711041431
16505,0.9474729319452773,0.007252819981590333,0.04527424807313301
16506,0.9715140047516078,0.008078616659728824,0.02040737858866332
16507,0.5038305393838326,0.009031188003321594,0.4871382726128461
16508,0.9289286499950064,0.006593737625711232,0.06447761237928154
16509,0.709771393789636,0.05446544760000856,0.23576315861035535
16510,0.25863395026719077,0.008647714616011028,0.7327183351167983
16511,0.8551079303985576,0.0640984781361933,0.0807935914652492
16512,0.9510985135293892,0.015288170784026089,0.03361331568658487
16513,0.639503631366856,0.036462623697257654,0.32403374493588627
16514,0.9314975269532478,0.009899984615645762,0.05860248843110705
16515,0.9773730858943033,0.0053756058806813415,0.017251308225015853
16516,0.429544988689328,0.010452570948713071,0.5600024403619591
16517,0.07183404915584672,0.0024468905364011294,0.9257190603077521
16518,0.9704661227534442,0.006094220723346485,0.023439656523209482
16519,0.9350529470921203,0.008401844497435172,0.05654520841044472
16520,0.06768015651966627,0.0006909919963124261,0.9316288514840217
16521,0.9499926134275163,0.00883766828587929,0.04116971828660425
16522,0.9444072714771717,0.006419447810216688,0.04917328071261161
16523,0.44869620384919157,0.022958224751476342,0.528345571399332
16524,0.08168426224448248,0.025049535222976902,0.8932662025325407
16525,0.312373818071967,0.09997675177240213,0.5876494301556311
16526,0.05336616785896084,0.04017838599257062,0.9064554461484687
16527,0.7237724271241918,0.02527911061804642,0.2509484622577617
16528,0.9361427839994295,0.009398418817547747,0.05445879718302236
16529,0.7657655239007587,0.010140575834762883,0.22409390026447837
16530,0.9847010466287914,0.002156664659620269,0.013142288711589142
16531,0.8216338005337259,0.08310211690717036,0.09526408255910368
16532,0.9147956107046397,0.01384410245643873,0.07136028683892169
16533,0.4390878861677779,0.04847915006448478,0.5124329637677373
16534,0.9055508580359667,0.027420805212400073,0.0670283367516337
16535,0.9510891480893152,0.015274110509432826,0.03363674140125161
16536,0.9543971839584621,0.010426603484178735,0.035176212557359955
16537,0.9263095784043541,0.01045973822516481,0.06323068337048088
16538,0.9078630738417552,0.025392360831806345,0.06674456532643855
16539,0.7440462103903461,0.008942061553762783,0.24701172805589092
16540,0.7158904584181086,0.015146327515295972,0.26896321406659546
16541,0.19131202139650527,0.10829427123552125,0.7003937073679736
16542,0.9765029524406441,0.008056005029536602,0.015441042529819938
16543,0.9228119014103855,0.008130546086769897,0.06905755250284465
16544,0.48638955968886727,0.018751279836216394,0.49485916047491657
16545,0.16420552728142995,0.0505977398205659,0.7851967328980041
16546,0.948741971959203,0.0025569159137166625,0.0487011121270805
16547,0.5721701965654852,0.05693667583889448,0.3708931275956204
16548,0.5537684998717359,0.00905966547191685,0.4371718346563474
16549,0.5003726803462947,0.058439383540635735,0.44118793611306967
16550,0.9177434542841678,0.007102454113768175,0.075154091602063
16551,0.6099320075325145,0.030393236566633074,0.3596747559008523
16552,0.9116274821981246,0.007810776264960942,0.08056174153691525
16553,0.9116890959581201,0.012808440941523102,0.07550246310035731
16554,0.3102693422487223,0.12941967857491812,0.5603109791763595
16555,0.8425993467690936,0.057463668821755624,0.09993698440915065
16556,0.021079967610249693,0.015248597296647256,0.9636714350931033
16557,0.8467281249965095,0.016930939455750336,0.1363409355477405
16558,0.07020526318626098,0.0003615460599205153,0.9294331907538185
16559,0.20678020366438632,0.009362548599793082,0.7838572477358203
16560,0.9153248912845743,0.008653101178364056,0.07602200753706226
16561,0.6621101874053285,0.043344313927644214,0.2945454986670276
16562,0.9163804584062024,0.007325131453628068,0.07629441014016977
16563,0.4679996873097199,0.026829912070091756,0.5051704006201884
16564,0.881364301870674,0.01296100468399388,0.10567469344533259
16565,0.9703265047715053,0.0021871255997198426,0.02748636962877556
16566,0.6626049777215436,0.10264366484803407,0.23475135743042155
16567,0.9414083607940877,0.005477431946336666,0.05311420725957591
16568,0.5098829573980285,0.014258573054889508,0.47585846954708216
16569,0.9635353272858729,0.004443449160851437,0.03202122355327601
16570,0.9590393669244872,0.0076964746199562235,0.03326415845555738
16571,0.93035721310402,0.019557963833789684,0.050084823062190316
16572,0.3560606547105943,0.0521220964066425,0.5918172488827634
16573,0.5563950023394834,0.006917393353408876,0.4366876043071075
16574,0.862232651469992,0.009975969460375059,0.1277913790696331
16575,0.10672335589435837,0.009242785781871234,0.8840338583237705
16576,0.9354670382721701,0.011003844528928563,0.05352911719890151
16577,0.9266671232349601,0.0018885343686178703,0.07144434239642235
16578,0.9382163728656051,0.006048539546631565,0.05573508758776293
16579,0.20780756365813835,0.012643298059964727,0.779549138281897
16580,0.9043899379597237,0.0065581337509564115,0.08905192828932043
16581,0.90081318852052,0.019339984734976508,0.07984682674450379
16582,0.21120774734866077,0.010160259024501298,0.778631993626838
16583,0.25628497513626414,0.08615278236736058,0.6575622424963752
16584,0.3351956680091987,0.04885931739777292,0.6159450145930284
16585,0.09336460307510053,0.030954680617500317,0.8756807163073991
16586,0.9576494662588589,0.00882594438000979,0.03352458936113074
16587,0.5061628607400315,0.009259373194282418,0.48457776606568614
16588,0.5243129648237016,0.06727108615830966,0.4084159490179889
16589,0.5765026375001402,0.009796176240983638,0.41370118625887725
16590,0.9551969931171556,0.006476699686606563,0.03832630719623865
16591,0.01446327121101568,0.006485748265273344,0.9790509805237115
16592,0.7457046518333587,0.06787420000985987,0.18642114815678146
16593,0.07059345243637974,0.048527445389282844,0.8808791021743374
16594,0.9849779129025984,0.00408168910265577,0.01094039799474661
16595,0.06142609856694506,0.008332082306152542,0.9302418191269025
16596,0.04414617073947078,0.0036167962635238323,0.9522370329970055
16597,0.7173125791411696,0.0844639149816123,0.19822350587721765
16598,0.5543029684546802,0.06233992263512222,0.3833571089101977
16599,0.6709082922641301,0.02838140653503422,0.3007103012008354
16600,0.7024650742407356,0.010562387679238897,0.2869725380800257
16601,0.9422576957625427,0.002294378131304422,0.05544792610615302
16602,0.9283883598966645,0.006740619977069948,0.06487102012626589
16603,0.9445795506581046,0.005137794177657349,0.05028265516423913
16604,0.9163445309060104,0.011219469977012645,0.07243599911697739
16605,0.4676079049199039,0.14257848718260904,0.38981360789748704
16606,0.9408035026304085,0.007853101514555243,0.05134339585503618
16607,0.93320333742358,0.044987790022719,0.02180887255370169
16608,0.952962942139092,0.0066427101200892055,0.040394347740819396
16609,0.05511817701503148,0.008534839923039439,0.9363469830619294
16610,0.9646380714978057,0.0081188776338111,0.027243050868383908
16611,0.9498890424096306,0.010873388462688012,0.0392375691276812
16612,0.9563896605233421,0.01034842907234536,0.03326191040431234
16613,0.976676684042324,0.0041533992097109755,0.019169916747966007
16614,0.8855778389404763,0.032388897744578496,0.08203326331494579
16615,0.9184261936281695,0.03354872204204422,0.048025084329786555
16616,0.7288103052834781,0.04576233900237057,0.2254273557141512
16617,0.4077935908142392,0.017303308823193166,0.5749031003625678
16618,0.9509092562040699,0.007839758501739912,0.04125098529419065
16619,0.9551821512512934,0.004051414249273392,0.0407664344994341
16620,0.02883617387747377,0.0005242986035432238,0.9706395275189832
16621,0.9766317843238054,0.0027610303050046997,0.020607185371189853
16622,0.600656562633801,0.17322039697331285,0.2261230403928867
16623,0.8082118535259989,0.012964084919547326,0.1788240615544543
16624,0.41666318327167157,0.024587806485852234,0.5587490102424765
16625,0.5234536118404087,0.048331157089177595,0.42821523107041315
16626,0.9144685445962953,0.009254565161459867,0.07627689024224486
16627,0.8613062171293825,0.004515451332706618,0.13417833153791073
16628,0.838593480693146,0.04223022689544298,0.1191762924114114
16629,0.9415777307411977,0.007360812500617635,0.051061456758184624
16630,0.09607552465553366,0.0024522498988886715,0.9014722254455777
16631,0.9522320073317629,0.004106846266468471,0.04366114640176867
16632,0.971020871653126,0.0066090753318499545,0.022370053015023726
16633,0.8180995135609959,0.017109945006378423,0.1647905414326266
16634,0.20964299212414136,0.009247762286214082,0.7811092455896449
16635,0.38922684696980026,0.04139327466911656,0.5693798783610834
16636,0.609377800379759,0.027311076519543676,0.36331112310069724
16637,0.7507253189078509,0.004234928676360796,0.24503975241578801
16638,0.8194496124491818,0.003251005074147495,0.1772993824766711
16639,0.9805284199446817,0.009239545995779865,0.010232034059539655
16640,0.8807662139954594,0.00841880154075693,0.11081498446378456
16641,0.6656545755693515,0.030161566737964253,0.30418385769268463
16642,0.7788039823103706,0.015983454543160937,0.20521256314646863
16643,0.9632931720835044,0.0181463796675661,0.01856044824892977
16644,0.9675818224368901,0.007018616253622086,0.025399561309488713
16645,0.8499241290757168,0.017824906953777465,0.13225096397050692
16646,0.9741197439925033,0.013929654296812895,0.011950601710683515
16647,0.93875287284169,0.007635582863539108,0.05361154429477028
16648,0.43732469231852256,0.030696881360191833,0.5319784263212854
16649,0.8279514358247051,0.010114946289154297,0.16193361788614097
16650,0.0426355912020891,0.0018697293764792333,0.9554946794214316
16651,0.9292139781240326,0.017715471734208687,0.053070550141758176
16652,0.011079442011486085,0.008791165605921768,0.9801293923825921
16653,0.027324215196405457,0.023652448659055057,0.9490233361445396
16654,0.08562050254317001,0.10054897660818712,0.8138305208486429
16655,0.08508098761319086,0.008100434731654286,0.906818577655155
16656,0.9831651308966696,0.0022836268549764767,0.014551242248354069
16657,0.9621565838327897,0.015498579605980225,0.022344836561230513
16658,0.6736741506116152,0.14933472182675941,0.17699112756162577
16659,0.9623091415603414,0.00712592676625363,0.030564931673405057
16660,0.8669014971227849,0.016159323919253805,0.11693917895796115
16661,0.8627866459798721,0.009565284592282296,0.12764806942784584
16662,0.9641931481681617,0.009299383321559558,0.02650746851027907
16663,0.602557744453468,0.012994137337697442,0.38444811820883473
16664,0.6692633024526575,0.008167435882350794,0.3225692616649922
16665,0.11253807429341253,0.01939079151765759,0.8680711341889298
16666,0.8809360238071064,0.010698678072864011,0.10836529812003017
16667,0.08712419336634458,0.0036978838467687067,0.9091779227868871
16668,0.9746359084575388,0.0025407217917669716,0.02282336975069495
16669,0.9718200586757293,0.002096956344421169,0.026082984979850964
16670,0.31570265583119445,0.004836488180936322,0.6794608559878692
16671,0.9421184406831634,0.011992605673405248,0.045888953643431665
16672,0.8357055809026613,0.039459502829740804,0.12483491626759805
16673,0.9613410476051703,0.007794019119824481,0.030864933275005224
16674,0.9762027849425133,0.004563959875965816,0.019233255181521077
16675,0.4391505973663239,0.00419622393642832,0.5566531786972478
16676,0.9042596130457737,0.03239524218592218,0.06334514476830445
16677,0.8436593548816039,0.007549514732649928,0.14879113038574696
16678,0.7030372941796966,0.032277055783781095,0.2646856500365218
16679,0.9440242932455097,0.006525858424985372,0.049449848329504276
16680,0.9443131324785007,0.009940966348271572,0.045745901173228146
16681,0.7830644055521585,0.11163607244773947,0.10529952200010223
16682,0.013571681966514572,0.00269203828663212,0.9837362797468536
16683,0.9206442766376878,0.013824441111519243,0.06553128225079269
16684,0.005458746735439254,0.010247845272178617,0.9842934079923822
16685,0.8720945802130768,0.003350868097053461,0.12455455168986967
16686,0.08839448822517015,0.011293280102197456,0.9003122316726326
16687,0.24092127534922136,0.11234652916193845,0.6467321954888402
16688,0.9611529373709357,0.005846286934133311,0.03300077569493189
16689,0.9202690151053342,0.02465118972417436,0.05507979517049128
16690,0.9697272285092216,0.007591610651761854,0.022681160839016827
16691,0.9186039210357662,0.007250308467735153,0.07414577049649923
16692,0.9515456011445446,0.005341901940988237,0.043112496914467266
16693,0.9546064329209414,0.011786194111926534,0.033607372967132274
16694,0.9801336783746794,0.0065173628079924955,0.013348958817328883
16695,0.7942454286982161,0.02696525430734502,0.17878931699443928
16696,0.5170057077701912,0.11832450177917671,0.3646697904506322
16697,0.10842792629816612,0.038637555458539835,0.8529345182432941
16698,0.005929747237743512,0.000894968385114667,0.9931752843771419
16699,0.8858046930425083,0.015176236508875313,0.09901907044861658
16700,0.9641486725940348,0.009988622532104441,0.025862704873860463
16701,0.8928564297726418,0.006138107379505477,0.10100546284785304
16702,0.9708502683736782,0.013221319823311933,0.01592841180301012
16703,0.37202293718150387,0.032539969383473345,0.595437093435023
16704,0.6708561288211183,0.07256500217753899,0.2565788690013423
16705,0.9611159082608174,0.008273704989631885,0.03061038674955094
16706,0.9160562715376765,0.009592208886830315,0.07435151957549319
16707,0.8757683087820086,0.0027533620643179404,0.12147832915367343
16708,0.015432792741877404,0.0007283717395276733,0.9838388355185951
16709,0.7825794902971916,0.007103421861869353,0.210317087840939
16710,0.1400309780736426,0.013456944537027239,0.8465120773893301
16711,0.07425634784919573,0.00216016315546096,0.9235834889953435
16712,0.9567634463577864,0.007046826836694248,0.03618972680551951
16713,0.6953616557240815,0.014086866156690811,0.2905514781192278
16714,0.5081820540097706,0.06617255878839375,0.42564538720183553
16715,0.8904250681850688,0.030316826229799716,0.07925810558513181
16716,0.13112422850348102,0.034506959757029367,0.8343688117394895
16717,0.9350350620701229,0.009097156264454105,0.05586778166542337
16718,0.26472794940712585,0.18645259638989586,0.5488194542029783
16719,0.9197144001380366,0.008577027960765178,0.07170857190119792
16720,0.9706158299059534,0.0019474893421895926,0.027436680751857664
16721,0.9220629037766019,0.005564361205945471,0.07237273501745291
16722,0.5679477234888587,0.02008581795191017,0.41196645855923125
16723,0.8161997346662697,0.02055593661745605,0.16324432871627428
16724,0.801988498512841,0.027841659158553415,0.1701698423286059
16725,0.9232106369126696,0.01248758088432228,0.06430178220300754
16726,0.6161832531533002,0.02627082904078104,0.3575459178059195
16727,0.9658612252134924,0.0033445086574219298,0.030794266129086038
16728,0.8526111605789966,0.012853663759492042,0.13453517566151188
16729,0.9059006753085119,0.026673278451200197,0.06742604624028821
16730,0.9117515242770863,0.01803098673139714,0.07021748899151696
16731,0.9332802633602573,0.0037125087909511546,0.0630072278487921
16732,0.9282540688002255,0.004218323253165243,0.06752760794660989
16733,0.6099274018871746,0.018592490485504348,0.3714801076273207
16734,0.026636282593488957,0.03598649023721712,0.937377227169294
16735,0.09020164873173611,0.023433330878745946,0.8863650203895179
16736,0.7647765895766329,0.009291792125349306,0.22593161829801786
16737,0.9834008553967652,0.002254960886872426,0.014344183716362584
16738,0.7892813258169596,0.015299785354863656,0.19541888882817676
16739,0.9545659036187565,0.003927702010622139,0.041506394370621646
16740,0.985100740234032,0.004038847523710902,0.010860412242257478
16741,0.006666666666666667,0.03375,0.9595833333333333
16742,0.9322185946736803,0.00927046433977936,0.05851094098654092
16743,0.9633943619479878,0.008617571882260653,0.027988066169752118
16744,0.8916944062131565,0.010917946333285805,0.09738764745355803
16745,0.9245296950861401,0.008634840338775294,0.06683546457508416
16746,0.036165859222740133,0.0016382187386305746,0.9621959220386295
16747,0.5658010758995217,0.01587118173923345,0.4183277423612451
16748,0.19662087548694693,0.0016666666666666668,0.8017124578463865
16749,0.8475369920761892,0.005841765019247564,0.1466212429045642
16750,0.8532810915110373,0.00946832961313652,0.1372505788758264
16751,0.7096312713374502,0.04882415684014666,0.24154457182240327
16752,0.9612558779333422,0.023947145220930523,0.014796976845728282
16753,0.9698674672893962,0.004779704948885862,0.02535282776171741
16754,0.9530126121771942,0.007474848206046519,0.03951253961675947
16755,0.4369784587758927,0.10544982802732852,0.4575717131967789
16756,0.9769607963460673,0.006468316989642016,0.016570886664290567
16757,0.8969949121068219,0.00487733357701009,0.09812775431616823
16758,0.6425529356791309,0.05842785925326574,0.2990192050676034
16759,0.28241601404984007,0.016526762119250502,0.7010572238309096
16760,0.9447326560218049,0.011239745903564143,0.04402759807463217
16761,0.3004483161688975,0.02002346143437995,0.6795282223967226
16762,0.9750622474663657,0.0029292892704365467,0.02200846326319865
16763,0.9323451894853404,0.007734083693627333,0.05992072682103235
16764,0.977010577900845,0.012892288605305975,0.01009713349384947
16765,0.010439783200388209,0.021784715162906206,0.9677755016367057
16766,0.05334545540643608,0.011912178778580716,0.934742365814983
16767,0.9448282246188662,0.0073553679978307935,0.04781640738330314
16768,0.09856065528113966,0.014573279675861217,0.8868660650429994
16769,0.08950743284493284,0.10594345238095239,0.8045491147741148
16770,0.9312546440168203,0.014835791332543705,0.05390956465063545
16771,0.9167661755099801,0.014111301883372644,0.06912252260664797
16772,0.9729737848492541,0.0031255384643068323,0.023900676686440036
16773,0.9837778244487856,0.002978569899483763,0.013243605651731145
16774,0.37148896008579657,0.001448617071058627,0.6270624228431451
16775,0.7864443174435523,0.05327763438993957,0.16027804816650848
16776,0.18640096694530514,0.012106481481481482,0.8014925515732133
16777,0.9163710136812333,0.008390731153574981,0.07523825516519242
16778,0.8810400294558076,0.02658065338824471,0.09237931715594754
16779,0.1855331089701002,0.018513814645645235,0.7959530763842549
16780,0.5812353538815505,0.04385152066082433,0.3749131254576249
16781,0.8061055314844909,0.005120890593952075,0.18877357792155758
16782,0.2695097020444232,0.04221218840902809,0.6882781095465488
16783,0.9621263216062182,0.004615901643537674,0.033257776750244834
16784,0.9191676399539781,0.011233813286413543,0.0695985467596079
16785,0.6873472377117629,0.004693453955791124,0.30795930833244606
16786,0.9299910633649148,0.005656893798754076,0.06435204283633106
16787,0.058885485185677475,0.006095620999256163,0.9350188938150665
16788,0.9462333969433759,0.010083639414108335,0.04368296364251481
16789,0.9649371645447697,0.006716256706916949,0.028346578748313114
16790,0.18543039950861243,0.006932995702549703,0.8076366047888373
16791,0.5522470510421,0.08500919491550864,0.3627437540423913
16792,0.8745003440056295,0.021082172493714944,0.10441748350065502
16793,0.6853141351708701,0.022688533765262316,0.2919973310638674
16794,0.15348744448949903,0.0062472785038134625,0.8402652770066877
16795,0.8820375789247459,0.025078481509076937,0.09288393956617716
16796,0.6369203646437904,0.05099454508590133,0.3120850902703087
16797,0.9612314323668801,0.0069081291580092566,0.03186043847511071
16798,0.876086487159855,0.013248509335732623,0.11066500350441273
16799,0.6938793449570875,0.20468178026165182,0.10143887478126104
16800,0.754314235169316,0.012617186687810542,0.2330685781428745
16801,0.9532105999749599,0.006034624728966935,0.040754775296073194
16802,0.019958276574548323,0.005145235799499318,0.9748964876259525
16803,0.033338798152684486,0.0018465897598228705,0.9648146120874924
16804,0.023119677688550933,0.007653255153665812,0.9692270671577838
16805,0.9432813324321184,0.007013942298978213,0.04970472526890363
16806,0.9096430012197954,0.009412713891883945,0.08094428488832085
16807,0.7740979809837979,0.03135989701742235,0.19454212199878007
16808,0.9369311897338751,0.011164063479475754,0.05190474678664877
16809,0.823998359325955,0.0036799393310200457,0.17232170134302485
16810,0.9650082531365721,0.011567551479332966,0.0234241953840944
16811,0.970409955685322,0.004207800637111438,0.02538224367756667
16812,0.9676019138611497,0.002874446195699489,0.029523639943151027
16813,0.9746679582006812,0.0041002027313380585,0.02123183906798112
16814,0.005349358974358974,0.0033333333333333335,0.9913173076923076
16815,0.5114660084313908,0.023954177699155442,0.4645798138694539
16816,0.8864231238662997,0.015487922665413425,0.09808895346828761
16817,0.9635847443839123,0.00421871088365973,0.03219654473242808
16818,0.9248537185580022,0.008662284252376314,0.0664839971896217
16819,0.8683415918191122,0.006602991072493278,0.12505541710839527
16820,0.8763662747514417,0.034524862377303754,0.08910886287125473
16821,0.3779125737773937,0.009284236505342571,0.6128031897172632
16822,0.04336244541484716,0.03191203992514036,0.9247255146600126
16823,0.6620980841246931,0.1580924753422239,0.17980944053308362
16824,0.10786847256678818,0.032147614363914806,0.859983913069297
16825,0.1626000026409569,0.0988205266514499,0.7385794707075934
16826,0.9513091991956331,0.016973350747112776,0.03171745005725515
16827,0.8458169699065056,0.028429062871407663,0.12575396722208768
16828,0.40497077384038654,0.004172318254732456,0.590856907904881
16829,0.8358567516032014,0.03156910213655815,0.13257414626024028
16830,0.510241817508693,0.2899643860415107,0.1997937964497962
16831,0.8241202807907925,0.057157692125173847,0.11872202708403362
16832,0.22070101026829017,0.10042388112216817,0.6788751086095418
16833,0.3380762773667807,0.1421134226038379,0.5198103000293812
16834,0.8165958758092403,0.0074182345402999195,0.17598588965045917
16835,0.9667939290262747,0.006562868179840167,0.026643202793885105
16836,0.7703855159443953,0.007855945737569484,0.22175853831803513
16837,0.7882921425713936,0.022918327676147245,0.18878952975245947
16838,0.34912582809923376,0.059243895449604636,0.5916302764511615
16839,0.9229938881652188,0.007542925035988013,0.06946318679879314
16840,0.9750200951922712,0.0038911623683006054,0.02108874243942734
16841,0.9455665275646427,0.007405369440333576,0.04702810299502358
16842,0.9299381882550521,0.0068515545000361255,0.06321025724491205
16843,0.01768766970888341,0.015571003510574534,0.966741326780542
16844,0.9605172405713805,0.0035403413930524767,0.03594241803556709
16845,0.9005109671307466,0.011420921883338252,0.08806811098591462
16846,0.9732853244119388,0.010825952043827693,0.01588872354423359
16847,0.6722119388144321,0.05674732615292735,0.2710407350326403
16848,0.9006734229219152,0.01474400273412563,0.0845825743439595
16849,0.9674152965230471,0.004224529421245892,0.028360174055708592
16850,0.8210182577814965,0.01500943794667469,0.1639723042718291
16851,0.48419173695327744,0.004121422955542956,0.5116868400911798
16852,0.9016957059191665,0.01427252151166703,0.08403177256916634
16853,0.9848115708032746,0.0020528946590270434,0.013135534537698884
16854,0.9510812495889235,0.02199452156167815,0.02692422884939842
16855,0.12251117775934856,0.03133873228488653,0.8461500899557647
16856,0.1282636850874744,0.06490785523652132,0.8068284596760044
16857,0.05412259770302706,0.0004860562398113615,0.945391346057162
16858,0.2535297614362004,0.08439607129838328,0.6620741672654161
16859,0.9275345976993864,0.011816629978508816,0.06064877232210515
16860,0.5943821921242236,0.0005119400775261457,0.4051058677982503
16861,0.5533463692472016,0.008817811991842525,0.4378358187609562
16862,0.9335093344646114,0.006423348414279013,0.06006731712111017
16863,0.02338411755040609,0.01342155035107231,0.9631943320985217
16864,0.3239294886161133,0.03400443235234413,0.6420660790315426
16865,0.8086812238404885,0.05645243214876859,0.13486634401074343
16866,0.9176393794175199,0.014063972969964257,0.06829664761251603
16867,0.9402597251846281,0.020545437558252614,0.03919483725711949
16868,0.5040191936469626,0.02183859955301445,0.4741422068000233
16869,0.24295009677607549,0.010762731327297053,0.7462871718966271
16870,0.8611644972018291,0.01898333082728857,0.11985217197088283
16871,0.9333133387825409,0.004865657049545507,0.06182100416791409
16872,0.968367026390487,0.015230341562890418,0.016402632046623036
16873,0.9631800428804165,0.009180984294158766,0.027638972825425642
16874,0.9094605853982034,0.006348277225468814,0.08419113737632779
16875,0.19156360116243457,0.005968025839755849,0.8024683729978096
16876,0.6439759684465297,0.10623095011194,0.24979308144153003
16877,0.25620994592169855,0.1354911720937123,0.608298881984589
16878,0.9628035502137852,0.00845682524027006,0.02873962454594487
16879,0.8184709139440766,0.03031495927001703,0.15121412678590665
16880,0.8248094579855137,0.03203375717219531,0.14315678484229122
16881,0.9807546940917825,0.006998144358504107,0.012247161549714732
16882,0.9700147354957026,0.002558352504692667,0.027426911999604946
16883,0.9671694412645409,0.002170501253684026,0.03066005748177579
16884,0.040728402083216764,0.0005280018477726164,0.9587435960690107
16885,0.6364408566976406,0.05990121637969566,0.3036579269226642
16886,0.6995981107257829,0.011637940330406667,0.2887639489438099
16887,0.9301546331995048,0.007874782175784894,0.06197058462471001
16888,0.8424350613656043,0.0432325017851218,0.11433243684927386
16889,0.9445162040832582,0.006109478702122286,0.04937431721461939
16890,0.9726059317388879,0.003899534420848395,0.02349453384026417
16891,0.9309695983033833,0.006950060595372926,0.06208034110124352
16892,0.6876082706911798,0.005624574029705811,0.30676715527911425
16893,0.8167120530351117,0.07172357933889924,0.1115643676259891
16894,0.8062125748961332,0.012469357036477774,0.18131806806738934
16895,0.8974074054125712,0.005721381021585863,0.09687121356584323
16896,0.912132699228675,0.014267619280100537,0.07359968149122327
16897,0.8311165904574352,0.014043472228470376,0.15483993731409443
16898,0.9481447838239742,0.006878488399695142,0.04497672777633035
16899,0.968667587591531,0.005619082642855386,0.0257133297656125
16900,0.9516450171706733,0.00773624165116335,0.04061874117816471
16901,0.9710939850637779,0.008052040010382708,0.020853974925840117
16902,0.9793529867772418,0.0030623912227342206,0.017584622000024287
16903,0.9834357058181897,0.002416569253390741,0.01414772492842021
16904,0.7897225947349105,0.04590561651833207,0.16437178874675717
16905,0.6225527837106665,0.05190231124513293,0.3255449050442008
16906,0.761877029240369,0.009391676061527693,0.22873129469810338
16907,0.9604249848225273,0.011852517301051682,0.027722497876421635
16908,0.39988755977001883,0.02426596264724235,0.5758464775827385
16909,0.8986929610227399,0.020691855384716566,0.08061518359254315
16910,0.9716927540699205,0.0035237956700974894,0.024783450259981937
16911,0.5474297086870472,0.013349820635982695,0.4392204706769703
16912,0.8038299672955143,0.017461565312661367,0.17870846739182455
16913,0.1585379668881656,0.054625491914712124,0.7868365411971225
16914,0.7718377586950907,0.04566118798551375,0.18250105331939526
16915,0.8262934781240846,0.035426567412607406,0.13827995446330849
16916,0.743967084244701,0.01859149813138245,0.23744141762391635
16917,0.39304116322967525,0.006842507796998249,0.6001163289733262
16918,0.847558967653756,0.01927277369724269,0.1331682586490022
16919,0.9047516315593479,0.035067424711064187,0.060180943729588834
16920,0.041542704982480194,0.013170827996111484,0.9452864670214086
16921,0.4014079026626067,0.006623911551989938,0.5919681857854039
16922,0.0599621430483043,0.016525837769750026,0.9235120191819459
16923,0.9531907081626453,0.007973281168832742,0.038836010668522276
16924,0.9044348473685027,0.01133014324775023,0.0842350093837466
16925,0.1809446443414651,0.17199991192188296,0.647055443736652
16926,0.04898033072238717,0.003529110915558079,0.9474905583620548
16927,0.05817852303523034,0.07040784832451501,0.8714136286402546
16928,0.9208989633491531,0.021296373250453825,0.05780466340039355
16929,0.7797961081056493,0.04092466906505631,0.17927922282929457
16930,0.06946561215892377,3.40015667321456e-05,0.930500386274344
16931,0.8685697155742577,0.022266970853040455,0.10916331357270276
16932,0.8290426919011561,0.003408305624373599,0.16754900247447083
16933,0.7978029532420954,0.06406366105224486,0.1381333857056597
16934,0.9447268190099951,0.006517551697157521,0.0487556292928472
16935,0.8894993787285498,0.016495316553377416,0.0940053047180739
16936,0.9510009961163797,0.009177587146784117,0.0398214167368364
16937,0.6693358718376559,0.01776096797762393,0.3129031601847205
16938,0.9797202056948263,0.004271088066057917,0.016008706239116294
16939,0.012815690690690692,0.010642371695003275,0.976541937614306
16940,0.2227062912848182,0.005207317073170732,0.7720863916420111
16941,0.9158093818884805,0.005564745246154233,0.07862587286536563
16942,0.9673150329035859,0.010920643955997067,0.021764323140417808
16943,0.8123555798225696,0.016199228805737428,0.17144519137169204
16944,0.17702851587471932,0.01309822834764554,0.8098732557776355
16945,0.959209712485351,0.003965260974653114,0.036825026539995684
16946,0.947070339795568,0.005399789226551056,0.04752987097788095
16947,0.9425172367521459,0.007708881394134688,0.04977388185371919
16948,0.9386748046394519,0.0076888608904325025,0.053636334470115836
16949,0.03367958807925763,0.0002340307407699838,0.9660863811799724
16950,0.9033483285889702,0.015139959772730801,0.08151171163829916
16951,0.9427071037115038,0.0333135828591433,0.023979313429353735
16952,0.9077701149987354,0.0031018734683391624,0.08912801153292571
16953,0.8752523960735026,0.020798069910766374,0.10394953401573105
16954,0.13765900077446377,0.0006344816107359488,0.8617065176148007
16955,0.9708295583583112,0.0027001570132702273,0.026470284628419022
16956,0.6723234846134672,0.12581942187439307,0.2018570935121396
16957,0.9390197384244406,0.009025363732088967,0.0519548978434704
16958,0.20236238104542809,0.19957075775206812,0.5980668612025037
16959,0.056826704014939305,0.025142210730446025,0.9180310852546149
16960,0.9509981463810123,0.01111125927049601,0.03789059434849196
16961,0.9682774150572254,0.014175182092518855,0.017547402850256053
16962,0.8165066339062902,0.011292123662932956,0.17220124243077686
16963,0.9194506293176933,0.030879966427085043,0.049669404255220574
16964,0.05271051720681198,0.00592206642582028,0.941367416367368
16965,0.8723991410691413,0.02387946850417173,0.1037213904266864
16966,0.9846903275247446,0.0019171286922354802,0.013392543783020286
16967,0.5978822465976786,0.021342852628711693,0.38077490077360965
16968,0.2876649464781567,0.008553991367417942,0.7037810621544257
16969,0.9455725413600745,0.008438005378711828,0.04598945326121372
16970,0.7681636894226458,0.043496788354401655,0.1883395222229533
16971,0.9071635927422186,0.023912124670301474,0.06892428258747907
16972,0.9703283409174156,0.003652599163931629,0.026019059918653387
16973,0.8226365340829505,0.034872023472948994,0.14249144244410053
16974,0.064669525776749,0.03953173323502787,0.8957987409882232
16975,0.25142013270415425,0.020340356341543412,0.7282395109543024
16976,0.25981410967104474,0.03172134142913364,0.7084645488998215
16977,0.9495962658548247,0.007243067336379075,0.043160666808796794
16978,0.9542076315375776,0.004095304910622375,0.041697063551800695
16979,0.909707725989853,0.014973569613119598,0.07531870439702816
16980,0.7412439016847778,0.04162447335829811,0.21713162495692462
16981,0.6876560107093982,0.025959131644682793,0.28638485764591903
16982,0.9642792972681442,0.015440798007977034,0.02027990472387913
16983,0.9265433342737557,0.011418250443313748,0.06203841528293027
16984,0.5996310791784814,0.06568171295653537,0.33468720786498385
16985,0.9540968447060715,0.007164801399492376,0.03873835389443652
16986,0.12717166033579777,0.05696369012987669,0.8158646495343254
16987,0.007870166977500533,5.5001172121585326e-05,0.9920748318503784
16988,0.8426328886728528,0.024604435551310234,0.13276267577583703
16989,0.941682026938225,0.004607842479626607,0.05371013058214934
16990,0.8715182635788183,0.008417882073684546,0.12006385434749713
16991,0.5826427472649058,0.0035325861277784223,0.41382466660731604
16992,0.33794141853896936,0.1956230513441021,0.46643553011692857
16993,0.9460845068216247,0.007843982340076066,0.04607151083829901
16994,0.5285704714104376,0.005525316502006361,0.4659042120875561
16995,0.7426193050916979,0.013601354408314042,0.24377934049998784
16996,0.9101626236928598,0.016619847290977596,0.07321752901616266
16997,0.2792408393872838,0.03364108062127938,0.6871180799914368
16998,0.4224277328587791,0.02356453484949062,0.5540077322917302
16999,0.8020871435650917,0.015099587635367367,0.1828132687995416
17000,0.3230553174151865,0.010809719393516581,0.6661349631912967
17001,0.18652809516844313,0.014256683376962532,0.7992152214545942
17002,0.7755768244759489,0.002540360924523471,0.22188281459952738
17003,0.5883320868790616,0.06562171325385323,0.3460461998670854
17004,0.7636682691964842,0.019325771232313698,0.21700595957120247
17005,0.966777725370935,0.0038095716208018356,0.029412703008263007
17006,0.9623229601291288,0.008902969236744033,0.028774070634127718
17007,0.599796088859636,0.007336790724053232,0.3928671204163108
17008,0.9827588479793534,0.0020927705578386436,0.015148381462808457
17009,0.9218452586425067,0.035675582637529575,0.0424791587199636
17010,0.9697079870832491,0.00328999690311981,0.027002016013631554
17011,0.8874236898873638,0.04893282229096266,0.0636434878216736
17012,0.522396153264889,0.002631539559931428,0.4749723071751796
17013,0.37560230820772106,0.0038193235653971895,0.6205783682268812
17014,0.6635052068206956,0.047143631497616044,0.28935116168168806
17015,0.7272209539192606,0.014746099917944712,0.2580329461627946
17016,0.6248656974129561,0.019777270403431437,0.3553570321836131
17017,0.9131975951470483,0.004872133218496344,0.0819302716344553
17018,0.9726385333013121,0.0017021796336865876,0.025659287065002343
17019,0.1745005893731533,0.030402889309377693,0.7950965213174693
17020,0.9108816931839537,0.010180647493070022,0.0789376593229762
17021,0.8516745580929393,0.04179355105009661,0.1065318908569642
17022,0.1719461401381861,0.0029748041742162883,0.8250790556875978
17023,0.27864279083599525,0.02406328848267081,0.6972939206813342
17024,0.9786775986673679,0.004467704964636995,0.016854696367995827
17025,0.16832341628185263,0.053472714904249666,0.7782038688138978
17026,0.8616169006961129,0.013122832348991621,0.12526026695489584
17027,0.9333621632631931,0.009289471479404166,0.05734836525740256
17028,0.9474482655634896,0.006479945094319254,0.046071789342191326
17029,0.8804246818571451,0.003978958880467481,0.11559635926238762
17030,0.03376431410941876,0.0017333333333333335,0.9645023525572479
17031,0.8810596726901097,0.014170214649710286,0.1047701126601803
17032,0.18895623109455223,0.015181238719233742,0.7958625301862139
17033,0.7289975345589027,0.0043868462785385896,0.26661561916255916
17034,0.9079613611896855,0.013167081393321149,0.07887155741699453
17035,0.6243230133897967,0.033592965547431144,0.34208402106277197
17036,0.6949505739860733,0.14155013701060812,0.16349928900331887
17037,0.9545550035802205,0.0069923856854743885,0.038452610734305184
17038,0.9228220893889763,0.00782886735224204,0.06934904325878127
17039,0.7904652162714406,0.005759113674633657,0.20377567005392644
17040,0.8515265586978776,0.01689135089491233,0.131582090407211
17041,0.9600026654245293,0.003835863897279737,0.036161470678190914
17042,0.910346181972354,0.02249766363584682,0.06715615439179959
17043,0.9576258630902835,0.007762743166781726,0.03461139374293484
17044,0.5759100695963387,0.23306046207593842,0.19102946832772272
17045,0.947267292138204,0.0028446192371320593,0.04988808862466396
17046,0.9703990169611577,0.005858828575468971,0.02374215446337346
17047,0.7800592873016196,0.022718933457414013,0.1972217792409664
17048,0.5221396084605195,0.008866467626541918,0.4689939239129389
17049,0.9248574524182612,0.012921340732649882,0.06222120684908907
17050,0.11666921898277453,0.011616977574208466,0.8717138034430176
17051,0.9732585861313229,0.002137140829801752,0.02460427303887601
17052,0.8263665683584968,0.009472584261421581,0.16416084738008174
17053,0.9719943354202734,0.009463234025410067,0.018542430554318104
17054,0.9439292762024771,0.00494020793910944,0.051130515858414716
17055,0.9513053819009428,0.008482624949924474,0.04021199314913331
17056,0.8208750869278147,0.006437555906427601,0.17268735716575853
17057,0.8779508717129775,0.011121404223758919,0.11092772406326384
17058,0.40858174943754316,0.18331185465999303,0.4081063959024639
17059,0.8954116742342401,0.021165471511342075,0.08342285425441733
17060,0.8100681836772566,0.04116517892720604,0.14876663739553736
17061,0.8734501330125478,0.006697674373929897,0.1198521926135223
17062,0.9149400823078476,0.0020471509075188367,0.08301276678463405
17063,0.9507721625541063,0.03513985445515093,0.014087982990743271
17064,0.9319446630165245,0.043373781306518165,0.02468155567695679
17065,0.8742782088079241,0.030350280032019547,0.09537151116005639
17066,0.8952443699460932,0.03991418954510413,0.06484144050880274
17067,0.7968291689945202,0.03922848544942799,0.1639423455560515
17068,0.9303806120935876,0.0012508556765496999,0.06836853222986321
17069,0.39910028026006505,0.061205555679097495,0.5396941640608371
17070,0.937852790202152,0.003547483844493911,0.05859972595335408
17071,0.861101430712569,0.00515533465444721,0.13374323463298404
17072,0.9641890425878303,0.020129294151164226,0.015681663261005615
17073,0.7654841675216525,0.031082747099490257,0.20343308537885738
17074,0.12341932502926585,0.0027913768968128843,0.873789298073921
17075,0.9811429570796398,0.0037111384014285316,0.015145904518932512
17076,0.960042425339985,0.004269410340443124,0.03568816431957232
17077,0.16420151527997306,0.010170265877162427,0.8256282188428646
17078,0.8986415438673233,0.0345323328974048,0.06682612323527233
17079,0.9476482454361856,0.008021787291994304,0.04432996727182085
17080,0.011864966458987375,0.00011971181148539069,0.9880153217295274
17081,0.5851447589898692,0.004419446263001289,0.4104357947471294
17082,0.024565401680351533,0.008577213283095634,0.9668573850365527
17083,0.9783820033053,0.003775018565099662,0.01784297812960132
17084,0.9266647809080917,0.013585166859690325,0.05975005223221782
17085,0.9555273293294693,0.0031240247403789842,0.04134864593015227
17086,0.924395431111992,0.023006891467530977,0.05259767742047676
17087,0.9576128317989913,0.013710052214074165,0.028677115986934267
17088,0.12407738171644841,0.02613731887404253,0.8497852994095093
17089,0.9645280122538433,0.014045063486782302,0.021426924259375542
17090,0.6517426097504366,0.036108687964925,0.3121487022846387
17091,0.1824959878963326,0.010295066731751078,0.8072089453719165
17092,0.20900516982957992,0.017291413411174555,0.7737034167592456
17093,0.9565917188403816,0.00815955374455288,0.03524872741506593
17094,0.008211379170651617,0.0033703703703703704,0.9884182504589781
17095,0.9396674036425675,0.006987057265919957,0.05334553909151286
17096,0.20607739353578114,0.09741674793788174,0.6965058585263372
17097,0.5732363711009786,0.020664107467148075,0.4060995214318741
17098,0.7931501313539555,0.013037591790372841,0.19381227685567193
17099,0.9356600397582031,0.011290220666200956,0.053049739575596666
17100,0.44103605071662816,0.0826079160156827,0.47635603326768927
17101,0.7495275540001209,0.017490340044977737,0.23298210595490118
17102,0.1427367606552736,0.05124150929164631,0.8060217300530801
17103,0.657412857343393,0.018629875640027063,0.32395726701657934
17104,0.6723289336982924,0.014058196131639425,0.31361287017006834
17105,0.8380689970206014,0.02703906962716176,0.1348919333522369
17106,0.88460271727859,0.01586096593628341,0.09953631678512694
17107,0.0495982164215615,0.014134546632773581,0.936267236945665
17108,0.022880667006083134,0.0007287872887515828,0.9763905457051656
17109,0.822745394094874,0.010119872455783639,0.16713473344934252
17110,0.2793649603287512,0.08214821968318928,0.6384868199880595
17111,0.9228064434615127,0.003805630115295978,0.0733879264231915
17112,0.3563637240477933,0.11783872019066675,0.52579755576154
17113,0.8671396542460621,0.009619239948519128,0.12324110580541946
17114,0.44572013920975917,0.17669508621429925,0.37758477457594175
17115,0.9800511523852348,0.002489321277951172,0.017459526336814177
17116,0.8844066381935003,0.016066956851044,0.09952640495545656
17117,0.2057376730016408,0.16017766638819272,0.6340846606101664
17118,0.429758330237037,0.047755220115481244,0.5224864496474818
17119,0.8391008774360746,0.021025235396165288,0.13987388716776022
17120,0.8819624022430207,0.005426563746954348,0.11261103401002497
17121,0.9280881825913619,0.011054073574245806,0.060857743834392096
17122,0.9677046971736627,0.010156862417403953,0.022138440408933546
17123,0.8075323490856331,0.060250281676259,0.1322173692381073
17124,0.8391691514298195,0.026663421036239587,0.1341674275339417
17125,0.8594697088139971,0.010423850277042011,0.13010644090896087
17126,0.9293418126430922,0.00854028462490152,0.06211790273200557
17127,0.9741741258722415,0.0024738679371875466,0.023352006190570606
17128,0.5136676092251612,0.02649896386453442,0.45983342691030477
17129,0.8010287393826484,0.019113119848225155,0.17985814076912687
17130,0.011867398826329872,0.00040830833445983837,0.9877242928392104
17131,0.7199617442073567,0.04461137307867324,0.23542688271396997
17132,0.8790225116718725,0.03956407529259591,0.08141341303553103
17133,0.9831621588650573,0.0027863952689807796,0.014051445865962627
17134,0.8441776276225257,0.0023479160537868923,0.15347445632368772
17135,0.3617161259273421,0.058768602789191826,0.579515271283466
17136,0.014024033733278212,0.0009674998240808108,0.9850084664426411
17137,0.8058962221918404,0.021986999408636302,0.17211677839952436
17138,0.9591820295366288,0.0016375777044198216,0.039180392758952326
17139,0.8959663670738887,0.016463827043829773,0.08756980588228218
17140,0.9083922215344152,0.009251630582777661,0.08235614788280693
17141,0.9449177260620667,0.008152529150331619,0.04692974478760184
17142,0.0647437895923122,0.012194491326504213,0.9230617190811836
17143,0.977498083082668,0.007184373875037868,0.015317543042295047
17144,0.7840972997082434,0.013369599938073575,0.20253310035368322
17145,0.9397868038775418,0.007637171669899865,0.05257602445255779
17146,0.8463025812135568,0.014602988524316626,0.13909443026212648
17147,0.8212955787261589,0.005155822182448401,0.17354859909139295
17148,0.943356799441147,0.007587324947259953,0.04905587561159303
17149,0.9537273503871291,0.017879912015550236,0.02839273759731969
17150,0.8714701447356058,0.018983284663592986,0.10954657060080102
17151,0.9135003837089819,0.006272956535818042,0.08022665975520057
17152,0.1323269371873691,0.014425441887614276,0.8532476209250167
17153,0.8451575109398514,0.013971692545350658,0.14087079651479806
17154,0.9611274636082165,0.010118749877670776,0.02875378651411322
17155,0.07896529984157624,0.023903956498624694,0.8971307436597994
17156,0.032685469877572884,0.002386301046653457,0.964928229075774
17157,0.11926737144203768,0.00044659500466972055,0.8802860335532923
17158,0.9378609434992747,0.008939182299442858,0.05319987420128188
17159,0.9721052253656974,0.01234284241954533,0.015551932214757274
17160,0.9705788154307169,0.01370382986449648,0.015717354704786253
17161,0.8990874763535259,0.008589927754972032,0.09232259589150144
17162,0.7147169405055057,0.006575199831469804,0.2787078596630238
17163,0.9501757029020363,0.00696312187424633,0.042861175223716276
17164,0.9656600698288537,0.010479928854354203,0.023860001316792563
17165,0.1740889749920603,0.008691286700769019,0.8172197383071708
17166,0.5388507822315642,0.11620498677523312,0.3449442309932029
17167,0.9889461439180254,0.0015724993098321074,0.009481356772142735
17168,0.9574176838026613,0.008017675912232075,0.03456464028510646
17169,0.9688868614621481,0.0032072153092204073,0.027905923228631994
17170,0.8876719733849803,0.013141357192111467,0.09918666942290887
17171,0.9842378575675929,0.002753977871539167,0.013008164560869034
17172,0.8107570018456625,0.009218832539699599,0.18002416561463808
17173,0.8524648565610335,0.019048750127013802,0.12848639331195327
17174,0.7344834511348944,0.014082719714533684,0.2514338291505716
17175,0.937081687571504,0.00834656243013629,0.05457174999835972
17176,0.8846056887131811,0.006223391435863318,0.1091709198509556
17177,0.6791367165215331,0.011310793833964048,0.3095524896445027
17178,0.06057913151566834,0.006720953037437797,0.9326999154468941
17179,0.12049350603832555,0.01901316439080407,0.8604933295708703
17180,0.9279488455357389,0.010608598370982443,0.061442556093279574
17181,0.9437206802912866,0.005943579385258649,0.050335740323454864
17182,0.855253998775844,0.012908356388981765,0.13183764483517488
17183,0.6482159231738993,0.013567004279275482,0.3382170725468251
17184,0.9543470955883553,0.012860106831967926,0.03279279757967702
17185,0.9491064314822406,0.0032279427970757345,0.04766562572068398
17186,0.9471835813105649,0.016000741828635638,0.036815676860799784
17187,0.7013501856628553,0.021640165199523862,0.277009649137621
17188,0.8333169935109285,0.023882819771346854,0.14280018671772465
17189,0.9424238818739148,0.0030147323551629013,0.05456138577092241
17190,0.448937652615692,0.012461392576336916,0.5386009548079708
17191,1.6025641025641026e-05,0.0016666666666666668,0.9983173076923078
17192,0.08041316526610645,0.37067343604108305,0.5489133986928104
17193,0.13764648930842807,0.031091673996462663,0.8312618366951091
17194,0.006567454972431543,0.0018132919934561265,0.9916192530341121
17195,0.08687704021707834,0.08170436717019221,0.8314185926127294
17196,0.35619797836215744,0.11822968490878938,0.5255723367290531
17197,0.09116318144148172,0.003553911834588211,0.9052829067239302
17198,0.8206136090494742,0.020229992340452974,0.15915639861007316
17199,0.9345933450504108,0.008352395614703382,0.057054259334885726
17200,0.9173979772347,0.006965965141876249,0.07563605762342455
17201,0.8763664962944043,0.01669979455289514,0.1069337091527006
17202,0.9725845381822341,0.0038340492724519937,0.023581412545314442
17203,0.8700814741506597,0.015830625791536733,0.11408790005780375
17204,0.006805555555555555,0.0033333333333333335,0.9898611111111111
17205,0.39643173768843015,0.09348334417812776,0.510084918133442
17206,0.7739253421435949,0.020984864035622844,0.20508979382078224
17207,0.7498596077840411,0.16616623368879282,0.08397415852716618
17208,0.9448916081799615,0.015425149202439377,0.0396832426175998
17209,0.9134721639681775,0.006541371266075128,0.07998646476574764
17210,0.9868026297885467,0.005230827838326269,0.007966542373128079
17211,0.9844329860922773,0.002430630153151046,0.013136383754571988
17212,0.7207354138999119,0.026972852243261018,0.2522917338568272
17213,0.8875244970923277,0.038147989736780914,0.07432751317089156
17214,0.9568160943997128,0.02066573726788279,0.022518168332404772
17215,0.9630841702558413,0.0067400508150422265,0.030175778929116177
17216,0.1335574675149655,0.08375726032407355,0.782685272160961
17217,0.7537223231328744,0.060733362325532905,0.18554431454159284
17218,0.09367039615516738,0.016733483580490833,0.8895961202643423
17219,0.21810447363397045,0.00845959942873488,0.7734359269372946
17220,0.796441177398626,0.014517402199631858,0.18904142040174296
17221,0.7679968229816765,0.00400365649925306,0.22799952051907033
17222,0.30565837675366336,0.07528772137297525,0.6190539018733613
17223,0.9275478039163741,0.018533743953559365,0.05391845213006645
17224,0.5596681078638724,0.039718979387024206,0.4006129127491036
17225,0.9452169468354179,0.007073159470520565,0.04770989369406139
17226,0.9518157585241281,0.006104502935197026,0.042079738540674455
17227,0.9584329430664063,0.01585668810126338,0.02571036883233027
17228,0.027887118694211396,0.000628307552626516,0.971484573753162
17229,0.4355639777164229,0.07055009425411507,0.4938859280294619
17230,0.2333742297053035,0.036007909774937084,0.7306178605197595
17231,0.943692367478363,0.007220584036939878,0.04908704848469718
17232,0.9664832165834881,0.014108404763580176,0.01940837865293217
17233,0.6052505077399445,0.02707416742500616,0.36767532483504933
17234,0.22311869188743483,0.01113567566264486,0.7657456324499199
17235,0.7675588159724402,0.003817410818220084,0.22862377320934002
17236,0.712866612820942,0.05303907453909115,0.23409431263996666
17237,0.01686691803280327,0.011565432944900533,0.9715676490222966
17238,0.6474791423179326,0.03057842325014133,0.3219424344319262
17239,0.10839493623483511,0.1193808810456665,0.7722241827194983
17240,0.9658676238925749,0.00947307663077617,0.02465929947664896
17241,0.14716407445816304,0.005104926394053004,0.8477309991477842
17242,0.8266146586065313,0.01320905848189618,0.16017628291157307
17243,0.2323567542444422,0.05592402726945544,0.7117192184861023
17244,0.06622492987621112,0.01570479468663162,0.9180702754371578
17245,0.0848512288079198,0.04263694305212912,0.8725118281399511
17246,0.8134648373562513,0.014511782633156743,0.17202338001059228
17247,0.30876837054592454,0.06123702765228721,0.6299946018017882
17248,0.9616402692024326,0.010402975296978279,0.027956755500589143
17249,0.7238011026147582,0.006806400063222564,0.26939249732201825
17250,0.2998222326610333,0.025251748715043876,0.6749260186239233
17251,0.8643155739296005,0.0067834410178448075,0.1289009850525549
17252,0.7021968081235336,0.04472551302439475,0.2530776788520717
17253,0.9698752495972663,0.002677327441524275,0.027447422961209642
17254,0.16805439743131334,0.004040565124458537,0.8279050374442285
17255,0.9743233779939341,0.0025291574617832837,0.023147464544283257
17256,0.9199819927650321,0.007217974746946397,0.07280003248802135
17257,0.9892140557500142,0.002390524482477424,0.008395419767508676
17258,0.8602633988863141,0.01196800618952988,0.1277685949241564
17259,0.9242549024399703,0.02153350026250213,0.054211597297528266
17260,0.7817026939765501,0.02859988897413503,0.18969741704931517
17261,0.9615957289167518,0.010643227638830379,0.027761043444417564
17262,0.28056293870911686,0.0301430190631355,0.6892940422277476
17263,0.9681085719070598,0.00544934965030611,0.026442078442634222
17264,0.8488910282676526,0.045969919600054754,0.10513905213229241
17265,0.9376895152857221,0.0033914834060442957,0.05891900130823433
17266,0.07751140542677219,0.05033033824079576,0.872158256332432
17267,0.926588821376212,0.007189142415702293,0.06622203620808628
17268,0.20738165801952455,0.08386098952702957,0.7087573524534461
17269,0.9624597261229074,0.004976767269368698,0.03256350660772346
17270,0.9604663233823999,0.002515622047587334,0.037018054570012546
17271,0.7192135836802469,0.053711295198124065,0.2270751211216286
17272,0.635059361591852,0.005154117425570846,0.3597865209825771
17273,0.1864647892200201,0.12363435999510564,0.6899008507848743
17274,0.9304924552564852,0.004916377257786624,0.0645911674857288
17275,0.9579599291517722,0.013963188984803455,0.02807688186342459
17276,0.4116754843623883,0.024016732708700448,0.5643077829289112
17277,0.9511528236606072,0.006745619327615574,0.04210155701177709
17278,0.9339812937337845,0.004005932439655733,0.06201277382656009
17279,0.2677423388537012,0.03991893493976758,0.6923387262065313
17280,0.9860820074265542,0.0018467877981636328,0.012071204775283102
17281,0.9372042621990031,0.004454354918873447,0.05834138288212307
17282,0.9694013661646244,0.0033646794773580864,0.027233954358017454
17283,0.9406236308563697,0.006703643241908027,0.05267272590172195
17284,0.8448460696054508,0.02904833491613922,0.12610559547840972
17285,0.7247555908470289,0.15938212147773267,0.11586228767523858
17286,0.0606958590962845,0.02673961235688959,0.9125645285468259
17287,0.20093983261632378,0.0030861305011529562,0.7959740368825239
17288,0.13239376862993185,0.09546791191054269,0.7721383194595257
17289,0.033519782609160866,0.0003702522202900185,0.9661099651705494
17290,0.5987637963604606,0.0029838386178984554,0.39825236502164074
17291,0.5781495017851671,0.013207318886627115,0.408643179328206
17292,0.9676620073497126,0.0012079200590772183,0.031130072591210697
17293,0.31000648713333767,0.011977902276990526,0.678015610589672
17294,0.13780576702008956,0.01675868922840212,0.8454355437515084
17295,0.9745276890864187,0.005175472052882246,0.020296838860698975
17296,0.33628024636887743,0.004730433895895919,0.6589893197352269
17297,0.9706467039330124,0.0013258088676596194,0.028027487199328464
17298,0.09197766506285703,0.017995354582248498,0.8900269803548944
17299,0.6358006266765123,0.021333724125032927,0.3428656491984541
17300,0.35535834418192963,0.08575565534329255,0.5588860004747781
17301,0.9325402300641347,0.005907412623315767,0.061552357312550376
17302,0.9466560134133722,0.009352305515117506,0.04399168107150988
17303,0.23202373223826958,0.030067781177933774,0.7379084865837966
17304,0.9112546243659981,0.0059894945220052495,0.08275588111199669
17305,0.022229738198795153,0.007815963507562742,0.969954298293642
17306,0.9848053882250594,0.005469897882544921,0.00972471389239598
17307,0.9676638025743803,0.004993853427068228,0.02734234399855243
17308,0.742803123281184,0.05778533011567751,0.19941154660313898
17309,0.8396178721097189,0.003491873358780574,0.1568902545315005
17310,0.7611116923469212,0.003405140630968673,0.2354831670221101
17311,0.9714092045316104,0.01600816949941289,0.012582625968976802
17312,0.856083361229635,0.0188083910428382,0.12510824772752713
17313,0.9156613632100903,0.008895836342368983,0.07544280044754013
17314,0.07728848475327732,0.018970688776119092,0.9037408264706035
17315,0.8859004027483621,0.0043703267235481935,0.10972927052808981
17316,0.4484115497753362,0.015443966618081102,0.5361444836065826
17317,0.9794856022994658,0.0030694869194652437,0.017444910781069266
17318,0.37346314569028394,0.0067943714169419345,0.6197424828927739
17319,0.06339397230137887,0.006670560747663552,0.9299354669509576
17320,0.16599762187259048,0.0013935945812829685,0.8326087835461271
17321,0.9284936083768398,0.007401389796449049,0.06410500182671057
17322,0.022583047950589737,0.004006154168155235,0.9734107978812553
17323,0.09936350311707098,0.0484006054530482,0.852235891429881
17324,0.5407757488096142,0.02879501614083331,0.4304292350495522
17325,0.7691860302098451,0.033067987590522804,0.19774598219963216
17326,0.8027237152026505,0.033209647069238596,0.1640666377281115
17327,0.25158446195011264,0.02134780348426192,0.727067734565626
17328,0.5400697741642335,0.013266451900414667,0.44666377393535184
17329,0.7555320991716908,0.04870175297053698,0.1957661478577718
17330,0.9368429241158139,0.02573359597106901,0.03742347991311625
17331,0.8064387638972519,0.08216864626314417,0.1113925898396041
17332,0.10262140866652886,0.000494421397187004,0.896884169936284
17333,0.9446076185831466,0.010191010234673902,0.0452013711821785
17334,0.9051441469662563,0.031237826859511274,0.06361802617423265
17335,0.8685586324940855,0.019481919428852287,0.11195944807706243
17336,0.036955789553164094,0.0018363269284321915,0.9612078835184038
17337,0.13173856769938508,0.030763905000247185,0.8374975273003674
17338,0.9126133939195352,0.014232632249634255,0.07315397383083042
17339,0.948739190723848,0.012973383174904474,0.03828742610124812
17340,0.47081494716016226,0.15314300543311804,0.3760420474067198
17341,0.025168591159586865,0.0007484645736162352,0.9740829442667968
17342,0.9692335686301019,0.010361051484286354,0.020405379885611932
17343,0.9318944586399671,0.012746268535929748,0.05535927282410309
17344,0.8906887873625662,0.006998018539473607,0.10231319409796075
17345,0.24376132432319897,0.012378529601307985,0.743860146075493
17346,0.007677817539202389,0.0017334392393149427,0.9905887432214827
17347,0.3294668568981748,0.012318485811931793,0.6582146572898934
17348,0.6346589014539219,0.18715534172206064,0.1781857568240176
17349,0.7503983978992419,0.09623106326094731,0.153370538839811
17350,0.11828209755803694,0.025206068853949763,0.8565118335880136
17351,0.8621251978658453,0.009753405221482063,0.128121396912673
17352,0.037607376283846874,0.005960784313725489,0.9564318394024277
17353,0.37486970777301465,0.024599266527462606,0.6005310256995228
17354,0.9531251801715691,0.011367161692939316,0.035507658135492434
17355,0.9270965134488718,0.010148456449442646,0.062755030101686
17356,0.04633256174550337,0.0007053621691076374,0.9529620760853893
17357,0.684986340348702,0.12653847764445977,0.18847518200683844
17358,0.028081091173324198,0.0013253364343086655,0.9705935723923672
17359,0.9435569126108453,0.007161980770680842,0.049281106618474284
17360,0.972540856808483,0.004461504370828092,0.022997638820689302
17361,0.9166774494147262,0.001762247791832097,0.0815603027934427
17362,0.663154355084158,0.012795891703315396,0.32404975321252616
17363,0.06107227675638377,0.025434797862094256,0.9134929253815219
17364,0.8715179371341105,0.015582320017955512,0.11289974284793416
17365,0.9124780506095566,0.010309053953419427,0.0772128954370244
17366,0.8142883465024141,0.006330980672170376,0.17938067282541634
17367,0.08564975493681141,0.0150797417884944,0.8992705032746942
17368,0.774615527876502,0.035913636489247065,0.18947083563425038
17369,0.09033222867143274,0.03498225876700007,0.8746855125615669
17370,0.9528343187498325,0.01306374514412385,0.03410193610604404
17371,0.9392060365082461,0.009693085403289505,0.051100878088464086
17372,0.14556258810104603,0.00043208726289189277,0.854005324636062
17373,0.9238599474720062,0.015297937080278677,0.060842115447715166
17374,0.941831618744505,0.002750223492801108,0.05541815776269362
17375,0.05713313131011192,0.04001342808187908,0.9028534406080091
17376,0.8762013222891829,0.03603776717734881,0.0877609105334683
17377,0.20533302576772597,0.012879331324983001,0.7817876429072913
17378,0.930300613471015,0.039547669563415704,0.030151716965569335
17379,0.9829301248954042,0.0022076170168571895,0.014862258087739342
17380,0.6934303339565743,0.008077282491184824,0.29849238355224056
17381,0.05547472319993126,0.004440940475505268,0.9400843363245633
17382,0.9021704258203388,0.010864973744168912,0.08696460043549166
17383,0.09067998279814568,0.015022367455700762,0.8942976497461537
17384,0.7693821035682628,0.01651569058317339,0.21410220584856418
17385,0.9849072460458916,0.0035667273068086215,0.01152602664730059
17386,0.9797475378387831,0.002760585516069421,0.0174918766451483
17387,0.9603802249935668,0.006980149436806389,0.032639625569626934
17388,0.9461800226094013,0.015222968357174549,0.038597009033424216
17389,0.12884684253710546,0.001217082835525547,0.8699360746273693
17390,0.9087639341719467,0.011016376526765374,0.08021968930128812
17391,0.05803955889024189,0.00394920067246357,0.9380112404372947
17392,0.9622074792499037,0.004732937670416581,0.033059583079680245
17393,0.9610579811274753,0.01549874120869908,0.023443277663825392
17394,0.9469231510555391,0.007271163564508445,0.04580568537995327
17395,0.6683162306490754,0.05502898836643327,0.27665478098449137
17396,0.7687291767260934,0.022136683096562127,0.20913414017734533
17397,0.11400108694572192,0.0029545831972360268,0.883044329857042
17398,0.03868470830650555,0.015080901792089242,0.9462343899014053
17399,0.9629236369792845,0.0020592949926980125,0.03501706802801918
17400,0.9434944602205655,0.007268643227629655,0.049236896551805825
17401,0.06583477170905773,0.007527936760712156,0.9266372915302302
17402,0.9068644973594907,0.017918333516395095,0.07521716912411361
17403,0.13719663034168061,0.09109132484518798,0.7717120448131315
17404,0.4623186185331519,0.016650766748112153,0.5210306147187364
17405,0.23433958550307396,0.008591006037369547,0.7570694084595565
17406,0.8747265824630251,0.023555738906879623,0.10171767863009484
17407,0.45086967858495447,0.006293446494430247,0.5428368749206156
17408,0.8902959621501663,0.013092747860827314,0.09661128998900635
17409,0.9699814245576084,0.0036912549233676594,0.026327320519024484
17410,0.0034205756350411875,0.0036521942110177407,0.9929272301539411
17411,0.7034348215040186,0.03170190520941509,0.26486327328656645
17412,0.24591714944510343,0.03239849922169046,0.7216843513332063
17413,0.8025037189959714,0.010836919591932071,0.18665936141209685
17414,0.9796394830412913,0.001346919363239065,0.019013597595470298
17415,0.6577534140299592,0.018373964384413563,0.32387262158562724
17416,0.9478744739117271,0.01240482237056589,0.03972070371770775
17417,0.8621089109947349,0.018421591207922992,0.11946949779734252
17418,0.27832620366349314,0.22368516888911563,0.497988627447391
17419,0.10722250898551526,0.04325721945839809,0.8495202715560867
17420,0.8969891451119334,0.0052785086204014476,0.09773234626766508
17421,0.946667840735387,0.007060338517934111,0.04627182074667912
17422,0.654744883314188,0.061900910285776975,0.2833542064000346
17423,0.8477424819013399,0.022344587739091506,0.12991293035956852
17424,0.9635884927456008,0.014271783846167858,0.02213972340823178
17425,0.2152211994295974,0.1460572425090987,0.6387215580613039
17426,0.9627020911349333,0.009936806686644074,0.027361102178422813
17427,0.9182823999875599,0.009850668397274437,0.07186693161516508
17428,0.019236928104575165,0.023848039215686276,0.9569150326797388
17429,0.6754769274269445,0.039054530647370085,0.28546854192568555
17430,0.9081826792879956,0.009063004607896198,0.08275431610410823
17431,0.016867510820634875,0.005006613756613757,0.9781258754227512
17432,0.738734314909888,0.01999005449629103,0.24127563059382107
17433,0.08504036657004109,0.0011371744158912098,0.9138224590140679
17434,0.9400832556255442,0.00833542675530047,0.051581317619155354
17435,0.9254337854664455,0.029234088267953,0.04533212626560121
17436,0.02318502378155076,0.008827624049011516,0.9679873521694377
17437,0.816576281083697,0.10046910999011756,0.08295460892618528
17438,0.9629121406702306,0.00797405236864629,0.029113806961122927
17439,0.9091358600156271,0.0065520188083328474,0.08431212117604013
17440,0.8147332123155929,0.004239857135673123,0.18102693054873437
17441,0.967178900237076,0.005941890956930606,0.02687920880599359
17442,0.6090704321796991,0.012466092501272988,0.378463475319028
17443,0.3408462218709078,0.046465661205699664,0.6126881169233923
17444,0.7366306037745545,0.00661893883461052,0.25675045739083513
17445,0.10136299044167861,0.014572126946164502,0.8840648826121568
17446,0.8236947824950601,0.057435259835403055,0.11886995766953724
17447,0.9553107677294942,0.007596938078195197,0.03709229419230979
17448,0.7541898397451453,0.0304329191800465,0.21537724107480835
17449,0.001136324583387354,0.001908986673589477,0.9969546887430231
17450,0.9423377668294642,0.00581849070659402,0.05184374246394237
17451,0.8508927677655768,0.025575059927805226,0.12353217230661868
17452,0.9494752312630859,0.010386990036668209,0.04013777870024659
17453,0.9625817415168835,0.0032899203267111785,0.034128338156405806
17454,0.7647581894378933,0.038428416654701196,0.19681339390740657
17455,0.9498199676310874,0.008667200897396305,0.041512831471516555
17456,0.9184151387290609,0.06274691640711269,0.018837944863826214
17457,0.9615361792549012,0.007095626372681515,0.03136819437241742
17458,0.9654593075484994,0.002915552460573561,0.031625139990926976
17459,0.9400814247600198,0.008092768274500546,0.05182580696547996
17460,0.6102862761548409,0.06300990615473591,0.32670381769042334
17461,0.8350870205812057,0.010496426877340629,0.15441655254145434
17462,0.9696561141518037,0.002182369930929597,0.02816151591726681
17463,0.4643837900369194,0.028394119909927885,0.5072220900531526
17464,0.9377815116628968,0.011495136448599173,0.05072335188850321
17465,0.8769665166173133,0.00962859544177892,0.11340488794090874
17466,0.24514303769604037,0.013795957887959322,0.7410610044160004
17467,0.873420505699178,0.026327449767784585,0.10025204453303763
17468,0.4209772730183035,0.04561448923028613,0.5334082377514106
17469,0.4279682224755156,0.16810647059868405,0.4039253069258005
17470,0.957637306794561,0.0034159899776979906,0.03894670322774043
17471,0.9273972255848908,0.01355978073083846,0.059042993684270816
17472,0.9846636254182846,0.005768440961422929,0.009567933620292767
17473,0.10383419317853905,0.03462584010603214,0.8615399667154289
17474,0.8569860885874673,0.02636995132142567,0.11664396009110682
17475,0.01954948517268994,0.003362629455451905,0.977087885371858
17476,0.19388573398391903,0.003648118742036714,0.8024661472740443
17477,0.9145909387425365,0.01069047127393737,0.07471858998352546
17478,0.9129887081354036,0.018609470804413202,0.06840182106018299
17479,0.04441784456984729,0.009230102714698143,0.9463520527154545
17480,0.6958353867051449,0.05548896414533528,0.2486756491495201
17481,0.9634601265853193,0.00685276824034203,0.029687105174338566
17482,0.9467030727188389,0.007229846043615548,0.04606708123754443
17483,0.9326854130656795,0.008210218739705403,0.05910436819461476
17484,0.9615227854903973,0.015591870729211171,0.02288534378039118
17485,0.7666265122187527,0.01806654968953337,0.21530693809171425
17486,0.9340871122961342,0.0060987611634892485,0.059814126540375906
17487,0.9261194355268486,0.006185429555966373,0.06769513491718482
17488,0.06787075921121183,0.020219725560076115,0.9119095152287122
17489,0.27770707178279563,0.04421846514688139,0.6780744630703223
17490,0.9184879978347997,0.007137689364512831,0.07437431280068807
17491,0.9354098408827586,0.0022767284598939,0.062313430657347374
17492,0.9315636724919906,0.020895664597715594,0.04754066291029393
17493,0.12911613605021904,0.0018683755772819566,0.8690154883724996
17494,0.9694504308513913,0.003288330357942776,0.027261238790665856
17495,0.9207355145392219,0.01684553705299166,0.062418948407786785
17496,0.0176011043111581,0.015028886554621848,0.96737000913422
17497,0.9310291901948229,0.008297853322105147,0.060672956483071826
17498,0.9022078506026111,0.013988173760107248,0.08380397563728191
17499,0.9449620417863357,0.017626487225391493,0.03741147098827294
17500,0.9850414368973408,0.006979440651296501,0.007979122451363377
17501,0.6723647904274365,0.012167152398296672,0.31546805717426735
17502,0.6425427301753616,0.004672369979813561,0.352784899844825
17503,0.9560381649838612,0.004556419723652848,0.0394054152924861
17504,0.7845110723018295,0.0007476417670562007,0.2147412859311147
17505,0.983778867884979,0.002539864192218484,0.013681267922802458
17506,0.018920611327143427,0.014855551202867584,0.9662238374699887
17507,0.936515211749451,0.02344799449701103,0.04003679375353853
17508,0.9637628234342919,0.009966856940998869,0.02627031962471005
17509,0.6768081851818806,0.033436627225234015,0.28975518759288554
17510,0.6916074971391875,0.015929701077171874,0.29246280178364115
17511,0.9686271306604637,0.0034074705954990738,0.027965398744037605
17512,0.9444862012914397,0.02321276386886876,0.03230103483969127
17513,0.9764505617822724,0.0028705302919359976,0.020678907925791596
17514,0.7128480103386929,0.007741058211368932,0.2794109314499381
17515,0.9627551147601378,0.003967098024145625,0.033277787215717725
17516,0.7393060091925867,0.023398251268979126,0.2372957395384339
17517,0.9736329133529358,0.003060760217504138,0.023306326429560282
17518,0.9423600761316527,0.005774392911477107,0.051865530956869965
17519,0.8641897407510616,0.07153565750870663,0.06427460174023182
17520,0.8834717836634256,0.004451042135406013,0.11207717420116863
17521,0.8897334671220004,0.012250690881003426,0.09801584199699638
17522,0.11397914550737567,0.03587460728114751,0.8501462472114768
17523,0.9316871594776355,0.004481944408040946,0.06383089611432399
17524,0.8263617661980238,0.005641037624053251,0.1679971961779235
17525,0.8498512795449458,0.020186284641207277,0.12996243581384728
17526,0.8976972584198054,0.047595596456704026,0.05470714512349067
17527,0.9546680252182757,0.007556402931842154,0.037775571849882755
17528,0.3781960992281877,0.03491009124112459,0.5868938095306879
17529,0.820698795236917,0.03378456231952527,0.1455166424435578
17530,0.9325354494607215,0.002292805980121298,0.06517174455915715
17531,0.282619304114371,0.09220531806886574,0.6251753778167634
17532,0.3018308392251307,0.09832276257430116,0.5998463982005681
17533,0.5669697437185367,0.015099425535586507,0.4179308307458773
17534,0.08634760563934747,0.02828033180430694,0.8853720625563456
17535,0.8520998900121443,0.019764565811100095,0.12813554417675568
17536,0.12397117647534003,0.030011640557068037,0.8460171829675921
17537,0.9760364818544125,0.0019263542851643903,0.02203716386042356
17538,0.6539513166643837,0.02526599340998171,0.32078268992563463
17539,0.40138291840698814,0.02845548576036355,0.5701615958326484
17540,0.9477673029992857,0.006982367299734158,0.04525032970098068
17541,0.9155703243783491,0.011472081145786562,0.07295759447586417
17542,0.8100709255085445,0.015630983040377813,0.1742980914510777
17543,0.9782113311522849,0.0037497297485003258,0.018038939099215
17544,0.9152262638917545,0.04129226526158489,0.04348147084666076
17545,0.6844514326954475,0.028603710074247796,0.28694485723030394
17546,0.9655893803073915,0.004733395449158551,0.029677224243449866
17547,0.9240064295209176,0.01326552754416323,0.06272804293491907
17548,0.8737347805464875,0.015807381360542147,0.11045783809297068
17549,0.40717249802240674,0.05877741429526816,0.5340500876823252
17550,0.8577644697262548,0.005184787557195065,0.13705074271654963
17551,0.43406019272834745,0.006685786111430862,0.5592540211602223
17552,0.24267619054133055,0.004849066849235529,0.7524747426094341
17553,0.9038562828834519,0.006180117392604064,0.08996359972394391
17554,0.6697568783013014,0.15098733108773463,0.1792557906109644
17555,0.9736211475676952,0.004552993074120259,0.02182585935818475
17556,0.9264581882258179,0.00410976241100867,0.0694320493631735
17557,0.0946049790700369,0.07262218282063797,0.8327728381093251
17558,0.8145401960134254,0.01580908990842601,0.16965071407814922
17559,0.7121558946535024,0.09748021304544012,0.190363892301058
17560,0.5690258417133565,0.2604521764940334,0.1705219817926099
17561,0.031231319242677524,0.013017536826216201,0.9557511439311065
17562,0.04032967686397401,0.0025386074125539897,0.957131715723472
17563,0.8021071188892321,0.013750009134887208,0.1841428719758813
17564,0.18726444772687825,0.02883086819912678,0.7839046840739949
17565,0.98609423621144,0.0033320145736011257,0.010573749214960333
17566,0.3067225792052179,0.008534091020000018,0.6847433297747819
17567,0.7775289061889838,0.01489090236082471,0.2075801914501918
17568,0.8024284033762081,0.0007470720593735431,0.19682452456441857
17569,0.8727725993905091,0.028793038368150784,0.09843436224134056
17570,0.9432009210295477,0.006611739459392423,0.050187339511059276
17571,0.14936125244788864,0.03946324402004208,0.811175503532069
17572,0.8872683701790621,0.004752901757780728,0.10797872806315692
17573,0.6544905991198349,0.023525403305409316,0.3219839975747561
17574,0.49930295876074393,0.01687793787623405,0.48381910336302203
17575,0.5502345792470736,0.07189148897203282,0.3778739317808933
17576,0.9567758930477801,0.031438095609460634,0.011786011342759787
17577,0.14470675990210663,0.032458720840308534,0.8228345192575847
17578,0.9724929670355065,0.010929125042141804,0.016577907922351295
17579,0.6735178419173745,0.00962543888142527,0.3168567192012001
17580,0.8386495379061878,0.009215357850314906,0.15213510424349727
17581,0.6488252165990641,0.04413990741510952,0.3070348759858265
17582,0.9801153271028857,0.011608245378681452,0.00827642751843405
17583,0.0016826923076923076,0.0016666666666666668,0.996650641025641
17584,0.4919225023903373,0.006298803648350531,0.501778693961312
17585,0.9577914185397777,0.02673198226241707,0.015476599197805372
17586,0.7997313663156833,0.09818541985611612,0.10208321382820042
17587,0.9589377549535862,0.0035014806911617567,0.037560764355252185
17588,0.14078152412524741,0.04314503205439438,0.8160734438203582
17589,0.7632565469528715,0.04127871267753929,0.19546474036958875
17590,0.014039447917219656,0.008583741719007418,0.9773768103637728
17591,0.8033609447763892,0.019378915093216178,0.17726014013039468
17592,0.9072683674730185,0.026468280824101607,0.06626335170288038
17593,0.12143461108700658,0.05485786245751941,0.8237075264554738
17594,0.6610590019781267,0.1444963363865763,0.19444466163529717
17595,0.9286806105740002,0.01074935162853826,0.06057003779746136
17596,0.029742369414004037,0.007004437918386303,0.9632531926676097
17597,0.8674697375338547,0.04097107740207509,0.09155918506406982
17598,0.8117602557667325,0.02715323920893581,0.16108650502433186
17599,0.9640895024149766,0.004457223863932622,0.0314532737210914
17600,0.543404570402963,0.012533924391940428,0.4440615052050966
17601,0.9630998272239392,0.001393043006142421,0.035507129769919515
17602,0.976873850104586,0.004934460696499602,0.018191689198914937
17603,0.20696679253788555,0.024862706787282085,0.7681705006748326
17604,0.6767962870616314,0.003000968558161001,0.320202744380207
17605,0.8858184367128578,0.007567446917336637,0.10661411636980528
17606,0.6519970777547268,0.030166947068155762,0.3178359751771174
17607,0.9719503916515836,0.0021705009859098244,0.025879107362507283
17608,0.9485210084346505,0.00821119039754444,0.04326780116780577
17609,0.7558226034934759,0.0037406918052048715,0.24043670470131956
17610,0.22844506645103158,0.003158488029463163,0.768396445519505
17611,0.016027530784274376,0.0027732495869146547,0.9811992196288108
17612,0.9286779361852581,0.012316322038750294,0.05900574177599158
17613,0.6250623140436712,0.01363882109867372,0.36129886485765556
17614,0.8211161036198888,0.03549634791923498,0.1433875484608769
17615,0.9611658175317,0.012950614886214695,0.025883567582085213
17616,0.8905958982894432,0.04868245755765161,0.06072164415290538
17617,0.8865768519596844,0.03869239673814562,0.07473075130217015
17618,0.7310931456916955,0.005434005330699974,0.26347284897760487
17619,0.8492829264298181,0.011516010562182407,0.1392010630079991
17620,0.00911260691575625,0.0018883073591902117,0.9889990857250536
17621,0.9511109452102824,0.0045575161872968475,0.04433153860242211
17622,0.7521612210772908,0.03603069907827393,0.21180807984443564
17623,0.6364788683379745,0.01143145275503796,0.3520896789069873
17624,0.8413247538999272,0.015374379914203538,0.14330086618587023
17625,0.8806815270454648,0.005367205430524336,0.11395126752401066
17626,0.9036408052989183,0.005533256558429982,0.09082593814265201
17627,0.9649853183575954,0.009496296319600483,0.02551838532280378
17628,0.6181007554346235,0.04746431727703844,0.33443492728833796
17629,0.6270101830004922,0.06548209629858057,0.3075077207009272
17630,0.9660296765529666,0.0037161638513697804,0.03025415959566386
17631,0.9615145099521039,0.011313288246414628,0.027172201801481926
17632,0.8814838663405332,0.004179542397530043,0.11433659126193658
17633,0.8156931132818293,0.06235817544299638,0.1219487112751745
17634,0.1268969884703417,0.005146963377119513,0.8679560481525389
17635,0.01978054213026089,0.0002960241370191131,0.9799234337327202
17636,0.9347459552475658,0.009802633906807542,0.0554514108456273
17637,0.8183556584865811,0.029745639388887635,0.15189870212453105
17638,0.9881681257056829,0.0030437334932761568,0.008788140801041436
17639,0.8893543738358176,0.007098961346337938,0.10354666481784464
17640,0.8549787389608057,0.0676125305624258,0.07740873047676877
17641,0.8746831456342433,0.035419529561952906,0.0898973248038038
17642,0.6911503679205521,0.08630381940970287,0.22254581266974516
17643,0.9290304898467515,0.007709611601222508,0.06325989855202692
17644,0.7222122133307374,0.03762955114058211,0.24015823552868085
17645,0.5942199790411954,0.059772805252566785,0.3460072157062384
17646,0.7289612155587295,0.038287504587987166,0.2327512798532834
17647,0.5875835849363185,0.050613915111800536,0.36180249995188096
17648,0.3335465029119778,0.007291328032355666,0.6591621690556667
17649,0.7905351753278487,0.02471062201005641,0.18475420266209494
17650,0.9181180270327474,0.01232800332582015,0.06955396964143175
17651,0.9534198438673235,0.006908576435479632,0.03967157969719626
17652,0.9466022953659785,0.014761037101630221,0.03863666753239158
17653,0.9394448862939576,0.007345271802845679,0.053209841903196574
17654,0.35963966223624916,0.1792126847960666,0.46114765296768423
17655,0.6117478742999835,0.028042509416191966,0.3602096162838248
17656,0.8759644693459027,0.02821884216065249,0.0958166884934452
17657,0.3151248038312371,0.007240992932332135,0.677634203236431
17658,0.887486136387098,0.014779037735226885,0.09773482587767501
17659,0.8111198587129932,0.053570742253598806,0.1353093990334085
17660,0.9303582836155779,0.01698847190202868,0.052653244482394085
17661,0.86624149744789,0.007289462752443074,0.12646903979966664
17662,0.8594500017246097,0.0285179682611752,0.11203203001421526
17663,0.6893636753428812,0.03213887125403014,0.27849745340308873
17664,0.8389383896155319,0.07614027047417815,0.08492133991029031
17665,0.14114413299832682,0.012233152184765476,0.8466227148169077
17666,0.9419280570455394,0.005275204205397457,0.05279673874906332
17667,0.9469935734224246,0.01032330732100069,0.04268311925657462
17668,0.8869230355447772,0.022576628413149825,0.0905003360420729
17669,0.8988603878169833,0.026696412430918404,0.074443199752098
17670,0.7705703163478056,0.009600823180680331,0.2198288604715146
17671,0.9324427936560058,0.0037780184221787748,0.06377918792181617
17672,0.06167729991632152,0.03411737142000299,0.9042053286636752
17673,0.949565890083245,0.0021393077836983163,0.048294802133056626
17674,0.15756809485323647,0.0716985786858025,0.7707333264609612
17675,0.8895324922416381,0.024278598199694707,0.08618890955866784
17676,0.976182653653101,0.005155370365864818,0.018661975981034605
17677,0.7592670966621017,0.05834720190528694,0.18238570143261176
17678,0.87505035196646,0.019922701569843066,0.10502694646369723
17679,0.9416325818669626,0.006802822770939428,0.05156459536209825
17680,0.9602441743926876,0.017102915825820193,0.022652909781493664
17681,0.9315040604686436,0.014838618794868816,0.053657320736487234
17682,0.006058643286569477,0.00044966257381167513,0.9934916941396195
17683,0.9059568388623164,0.0070752182279827025,0.08696794290970113
17684,0.8814062131386403,0.04399695686230683,0.07459682999905275
17685,0.7654107357425982,0.016527557706857855,0.21806170655054402
17686,0.9441359036399333,0.014441331467924494,0.041422764892141535
17687,0.5864308750158812,0.01078858944361996,0.40278053554049875
17688,0.9126159019008073,0.010319495900162986,0.07706460219902989
17689,0.8845660463838976,0.006818661094836236,0.10861529252126675
17690,0.12944701056771324,0.04965327111364387,0.820899718318643
17691,0.5009545903056924,0.03270553560084275,0.46633987409346483
17692,0.9483462083361983,0.013675449127154803,0.037978342536647364
17693,0.9490995118606003,0.006267911413795247,0.044632576725604674
17694,0.6437421860623207,0.08129599447838631,0.2749618194592929
17695,0.9196600433689055,0.007389551977584244,0.07295040465351041
17696,0.9285467041013753,0.018713502479335363,0.05273979341928925
17697,0.7945671055253775,0.012999567003782362,0.19243332747084055
17698,0.6998188689631013,0.017119206543914876,0.2830619244929839
17699,0.48215660080733264,0.016660223910646723,0.5011831752820205
17700,0.8852624516828297,0.03161837885694698,0.08311916946022285
17701,0.861237318454307,0.054265779921879385,0.08449690162381361
17702,0.5777110983411332,0.037308901167455485,0.38498000049141157
17703,0.9605673793107227,0.00221004540030775,0.03722257528896964
17704,0.9584436374676526,0.010117507381422582,0.03143885515092468
17705,0.9696345551446499,0.0035999862079297397,0.02676545864742103
17706,0.5202035973841941,0.007662001132653509,0.47213440148315244
17707,0.10008001693144017,0.005153470966881652,0.894766512101678
17708,0.958956505656224,0.011128232958177537,0.029915261385597938
17709,0.9610384827726535,0.006090985608523611,0.03287053161882326
17710,0.08164649950924609,0.05582354749182034,0.8625299529989335
17711,0.9598293459981426,0.004181840850258217,0.03598881315159917
17712,0.8777774195701374,0.014462978904224138,0.10775960152563827
17713,0.8590338909777417,0.005585790835491305,0.13538031818676746
17714,0.6059000626853043,0.004879141882396957,0.3892207954322988
17715,0.8313223406702134,0.008683241292725869,0.15999441803706083
17716,0.8369172836411096,0.056077071240386224,0.10700564511850463
17717,0.6547069064693116,0.021401078620917623,0.32389201490977065
17718,0.019374508021083002,0.0019532906330484903,0.9786722013458686
17719,0.42096597973307337,0.017575240733859493,0.5614587795330672
17720,0.3459701331098993,0.022320322219516128,0.6317095446705846
17721,0.9118577396686428,0.05009418998984742,0.03804807034151015
17722,0.8513474065616949,0.0341647682704122,0.11448782516789353
17723,0.9407045579714899,0.007018203775722715,0.0522772382527871
17724,0.23470090216280354,0.003303900249153218,0.7619951975880435
17725,0.9792387056945994,0.003036454162729568,0.01772484014267139
17726,0.8333086042986558,0.030088633426852224,0.1366027622744928
17727,0.9519714086237281,0.007643944774406527,0.04038464660186461
17728,0.3253034449660235,0.047486495431932965,0.6272100596020435
17729,0.8357133808701229,0.019523286964913372,0.1447633321649638
17730,0.49082929020767846,0.06038748427476488,0.44878322551755645
17731,0.9277372869573829,0.010889314462742607,0.061373398579874394
17732,0.6648263465920077,0.04197311350436112,0.2932005399036306
17733,0.0326124176243745,0.0011679886510960235,0.9662195937245299
17734,0.936896368356216,0.007369379022152367,0.05573425262163154
17735,0.8214298739353022,0.023735676214098195,0.15483444985059952
17736,0.11364586539039986,0.24241381426993808,0.643940320339662
17737,0.3991429765501861,0.12294319977659254,0.4779138236732212
17738,0.8490306968752883,0.061173790240576516,0.08979551288413488
17739,0.9527649209754425,0.006257096650208766,0.040977982374348444
17740,0.9377411755611418,0.002388174132061048,0.059870650306797384
17741,0.8561324566094275,0.031023285646691753,0.11284425774388031
17742,0.9383861406894183,0.00892334273355352,0.0526905165770291
17743,0.9561614949667948,0.0023174560378059293,0.04152104899539923
17744,0.9576216805524117,0.009601281443158178,0.03277703800443008
17745,0.17747806413535316,0.14954852230747373,0.6729734135571732
17746,0.9754110134376756,0.004498940297266869,0.02009004626505835
17747,0.9362754063923527,0.01478266772571018,0.04894192588193774
17748,0.8619407939029035,0.022904200289301718,0.11515500580779557
17749,0.9651461842707438,0.0015988760099099897,0.03325493971934729
17750,0.7301476024127164,0.04994687620726672,0.21990552138001698
17751,0.9156227328010274,0.009899999499341401,0.07447726769963134
17752,0.9469342829287499,0.001304368833782308,0.051761348237467406
17753,0.9055313504547432,0.022550537924057205,0.07191811162119999
17754,0.10139748863105687,0.00774052712072898,0.8908619842482144
17755,0.9831555248129937,0.0020336173183800963,0.014810857868626364
17756,0.4713265865796821,0.13341081340498215,0.3952626000153357
17757,0.9111031951518926,0.006653846631642166,0.08224295821646552
17758,0.9113306482198812,0.024636869391528995,0.06403248238858963
17759,0.9708514176131884,0.0033512100440199312,0.025797372342792405
17760,0.9084958813370771,0.021083771473784468,0.07042034718913831
17761,0.8017462592417681,0.037123412139424494,0.1611303286188077
17762,0.976488061148119,0.004080793815904687,0.019431145035976833
17763,0.9039175938744602,0.021206504357935627,0.07487590176760363
17764,0.6288772360205231,0.11313252927963037,0.25799023469984667
17765,0.7128325256576113,0.02249774464303728,0.2646697296993513
17766,0.6752556831738141,0.16304598272885357,0.1616983340973325
17767,0.08020499724099427,0.0195697834379191,0.900225219321087
17768,0.9738065035230213,0.005864163816258774,0.02032933266072031
17769,0.019527859074588618,0.0004886891457378523,0.9799834517796737
17770,0.010779028071263214,3.0222824562462312e-05,0.9891907491041745
17771,0.9797527581811492,0.002602156240092164,0.017645085578759094
17772,0.8638200271584526,0.005794222038874388,0.13038575080267278
17773,0.7917862493509944,0.05867912560931263,0.14953462503969328
17774,0.9489150503474205,0.007950329566889514,0.043134620085689954
17775,0.4767046144520835,0.04045041977307595,0.48284496577484065
17776,0.20631165167397128,0.011038715642918834,0.7826496326831105
17777,0.9780199877543174,0.009530276463332342,0.012449735782350934
17778,0.1910479868121992,0.041162240823070614,0.76778977236473
17779,0.8813234587767227,0.03307142995662378,0.0856051112666544
17780,0.8928190998041411,0.006696897727101424,0.1004840024687578
17781,0.801062674157649,0.02551673926596994,0.1734205865763812
17782,0.35685353073315734,0.0946186353865935,0.5485278338802492
17783,0.9531334879238924,0.007957753748353011,0.03890875832775536
17784,0.9691064889104698,0.004040209659697883,0.026853301429832145
17785,0.9493530448721224,0.012687162069745522,0.037959793058132574
17786,0.041454298569329126,0.008211520927357753,0.9503341805033133
17787,0.3967425734366192,0.02183043128309409,0.5814269952802872
17788,0.9476798620115124,0.010902389129325594,0.04141774885916212
17789,0.18370039537037497,0.05767235823578698,0.7586272463938379
17790,0.5100605222478753,0.0200148574279819,0.4699246203241428
17791,0.9581641489455139,0.007335729111937619,0.03450012194254819
17792,0.035276197290025645,0.0033811500615006152,0.9613426526484738
17793,0.4080605237885137,0.032471057736071236,0.5594684184754151
17794,0.917580857125398,0.008741310815719244,0.07367783205888234
17795,0.9241118842836216,0.025702888318387632,0.05018522739799041
17796,0.1526168184198298,0.053542369334161496,0.7938408122460087
17797,0.9662995957302691,0.004498363003258058,0.029202041266472984
17798,0.9149878330261397,0.011293012580370349,0.07371915439348992
17799,0.4931459399585821,0.014242326318522215,0.492611733722896
17800,0.9534057613173498,0.007216140372679432,0.03937809830997138
17801,0.032722023073142516,0.020882680851900634,0.9463952960749572
17802,0.9466366377154606,0.006792119752092535,0.04657124253244711
17803,0.8973539487473978,0.017413473940353336,0.08523257731224847
17804,0.13567942044025566,0.05488656737693836,0.8094340121828059
17805,0.945893060546948,0.006505734071534757,0.04760120538151727
17806,0.9264492175236914,0.009858036367114282,0.06369274610919474
17807,0.07872373424010304,0.007168086383799261,0.9141081793760977
17808,0.948097686433555,0.010895926287081505,0.04100638727936335
17809,0.06454149473531369,0.0022995734053789076,0.9331589318593076
17810,0.09960888594294068,0.039064826230836985,0.8613262878262227
17811,0.918596688450081,0.019177173506597887,0.062226138043321284
17812,0.924759071504508,0.009281459380694225,0.06595946911479728
17813,0.8300568502755081,0.0270847347735391,0.14285841495095264
17814,0.03994775024103363,0.0023281577091936686,0.9577240920497732
17815,0.20732578736622856,0.07346153846153847,0.7192126741722331
17816,0.938969464931814,0.006581668359843227,0.05444886670834181
17817,0.8865818446136299,0.022895597769423872,0.09052255761694661
17818,0.9057353617853029,0.027730621010623756,0.06653401720407315
17819,0.9470522980923194,0.013154099793858622,0.039793602113821186
17820,0.8840540130782405,0.013804809031684427,0.10214117789007528
17821,0.4061665327649766,0.04155864583263816,0.5522748214023852
17822,0.8648195152867766,0.03329561442746749,0.10188487028575642
17823,0.6696267348660563,0.005290299386154071,0.32508296574778944
17824,0.5282737758452157,0.056905207922911955,0.4148210162318724
17825,0.009543959331849431,0.0005972453847210947,0.9898587952834301
17826,0.7482953976764957,0.09504787858852978,0.156656723734974
17827,0.9501495056869655,0.0078437208931075,0.04200677341992641
17828,0.9353113661407927,0.004585865588965634,0.06010276827024265
17829,0.9386169889961623,0.012364390467196175,0.049018620536641175
17830,0.812119577369917,0.013976311691980202,0.17390411093810274
17831,0.831179736822654,0.08205593765566294,0.08676432552168341
17832,0.9714205707522768,0.0028789916363754155,0.02570043761134866
17833,0.8429804836460522,0.029495422058454304,0.12752409429549463
17834,0.9039634325172172,0.022157816015655706,0.07387875146712714
17835,0.44873185738533733,0.039820625811434,0.511447516803229
17836,0.47670450036681017,0.050155230760929384,0.4731402688722603
17837,0.04213483439745218,0.015157288189532384,0.9427078774130156
17838,0.9071473760153307,0.00310395135777076,0.08974867262689919
17839,0.9801669358469902,0.0018741217983340237,0.01795894235467559
17840,0.9279914945152992,0.008191297483875083,0.0638172080008252
17841,0.9839755093114142,0.002278536130408907,0.013745954558177174
17842,0.879468973262156,0.01434374922373144,0.10618727751411364
17843,0.38175464842407525,0.10723005634258906,0.511015295233336
17844,0.05001310685085153,0.0209640482269786,0.9290228449221699
17845,0.5321883120293759,0.008524251879228452,0.45928743609139616
17846,0.9501674165460732,0.0020546216642987605,0.04777796178962931
17847,0.45808725023183505,0.008006953307494076,0.5339057964606708
17848,0.6066422876351312,0.01236439831240004,0.3809933140524685
17849,0.11294998470888813,0.03890911941908229,0.8481408958720296
17850,0.9205682842959216,0.009571315564275732,0.06986040013980199
17851,0.21054970246979587,0.10680711799307242,0.6826431795371318
17852,0.814167916799587,0.01131842909037573,0.17451365411003797
17853,0.9094177274848545,0.005918134364721586,0.08466413815042442
17854,0.9587491836049641,0.018402441847472868,0.022848374547562934
17855,0.907981951357065,0.03821287449918819,0.05380517414374726
17856,0.8384997187757174,0.004529582397423835,0.1569706988268581
17857,0.8818244325561636,0.04281451725332862,0.07536105019050868
17858,0.04959116156945808,0.036144436277185325,0.9142644021533569
17859,0.11204017436095016,0.00297708316291752,0.8849827424761328
17860,0.7948207947689816,0.008243122009689244,0.1969360832213289
17861,0.12436769442174478,0.018918914788554897,0.8567133907897005
17862,0.9813373530683769,0.004039978255587923,0.014622668676035303
17863,0.9598184930073819,0.006943486863544385,0.033238020129074536
17864,0.9527309234473746,0.007020573908772095,0.040248502643853164
17865,0.8674261685169223,0.05046720613940389,0.08210662534367354
17866,0.4667982164803678,0.004276958971718105,0.5289248245479142
17867,0.9713039946624893,0.011726488051693695,0.016969517285816617
17868,0.9706332940870495,0.004888623310124467,0.02447808260282648
17869,0.9603232577920808,0.006920575635278125,0.03275616657264193
17870,0.7766421238419892,0.008567100047459513,0.21479077611055036
17871,0.9700449409363294,0.004389837724119618,0.025565221339550744
17872,0.9329255613202482,0.005630385080715453,0.06144405359903652
17873,0.818206297602789,0.03558576463544406,0.14620793776176738
17874,0.5729838446423752,0.028057045792003212,0.39895910956562236
17875,0.5503368347190716,0.025928532020310636,0.42373463326061794
17876,0.9216243637702777,0.008968355339845508,0.06940728088987722
17877,0.6037837426380762,0.06683378541828752,0.3293824719436362
17878,0.2576137812465599,0.0024229653194398127,0.7399632534340005
17879,0.022981547808688364,0.01477846331082583,0.9622399888804857
17880,0.963716972792149,0.009587139729996752,0.026695887477854056
17881,0.5950858122593113,0.0048202819784846545,0.40009390576220394
17882,0.24040732307658066,0.03595450820861371,0.7236381687148059
17883,0.9611161732496943,0.005163199928201753,0.03372062682210407
17884,0.7668271014869543,0.003128375061044707,0.23004452345200102
17885,0.8037994677481083,0.025638956761587228,0.17056157549030443
17886,0.08494235947289816,0.005418923208484406,0.9096387173186177
17887,0.9841775509014629,0.002125464577173802,0.013696984521363614
17888,0.8240722653596129,0.014742015280054253,0.16118571936033352
17889,0.5658627925190425,0.21376737170317114,0.22036983577778657
17890,0.517728971463653,0.19959102836523399,0.2826800001711129
17891,0.1652787257137742,0.0037916722455171897,0.830929602040709
17892,0.9082373932255422,0.011232251272709824,0.08053035550174804
17893,0.4079099898987893,0.007819570807300348,0.5842704392939103
17894,0.03921012514326475,0.011791932432026803,0.9489979424247084
17895,0.9563687097583543,0.00833613073837044,0.03529515950327493
17896,0.1319487568555144,0.0008390716783309954,0.8672121714661554
17897,0.7633243299806185,0.014101529291682343,0.22257414072769896
17898,0.9690859264477172,0.003501408939312854,0.02741266461297086
17899,0.8762549053832497,0.017767444987895287,0.10597764962885536
17900,0.9733786224093687,0.0101469309507317,0.0164744466399002
17901,0.587051218350258,0.028856791218123495,0.3840919904316187
17902,0.6178705383310479,0.00800158921206561,0.37412787245688667
17903,0.8227208278010009,0.009023345742837459,0.16825582645616227
17904,0.7603157294934889,0.028272019408991125,0.2114122510975197
17905,0.630772168451682,0.033352121110340284,0.33587571043797754
17906,0.6243978451944521,0.016940952326671373,0.35866120247887645
17907,0.2168234061712752,0.04077531472491416,0.7424012791038105
17908,0.41946683067057056,0.13360426039370257,0.44692890893572695
17909,0.8448323084569112,0.03536375663395455,0.11980393490913424
17910,0.13595790170081276,0.003004482925071228,0.8610376153741157
17911,0.011479715117796576,0.0025168139776377114,0.9860034709045656
17912,0.7136895707360286,0.010710064033680099,0.2756003652302909
17913,0.046351141386762225,0.012269912119837892,0.9413789464933999
17914,0.9280403739904469,0.00901965113662078,0.06293997487293305
17915,0.9033666970690473,0.01336965601527752,0.08326364691567617
17916,0.2957811234980659,0.008871799306852165,0.6953470771950822
17917,0.9335538095704635,0.006706466520630275,0.05973972390890643
17918,0.8298292118595655,0.02849734960720131,0.14167343853323347
17919,0.9460939245960727,0.010727440555977784,0.04317863484795062
17920,0.8044545713189617,0.024218949214998692,0.1713264794660403
17921,0.43810949973031477,0.012397085897862245,0.5494934143718231
17922,0.9595460661882012,0.001293019342595881,0.03916091446920364
17923,0.7192390193237828,0.06172195323056662,0.21903902744565087
17924,0.20018036018466087,0.029198275516740004,0.7706213642985991
17925,0.8165480565814004,0.018095117825013808,0.16535682559358575
17926,0.9522315129094459,0.006586579486910403,0.04118190760364423
17927,0.22840320957465024,0.07129531229237823,0.7003014781329716
17928,0.06918009919651576,8.119658119658119e-05,0.9307387042222879
17929,0.5269657530080681,0.019524846286569312,0.45350940070536305
17930,0.9865678262143569,0.002699005429087261,0.010733168356556919
17931,0.7158991195148938,0.013109747048676566,0.2709911334364307
17932,0.4712601237157679,0.023666646396653685,0.5050732298875784
17933,0.6001708552786181,0.022154142976433523,0.3776750017449485
17934,0.7341882742019141,0.022171979639587423,0.24363974615849826
17935,0.21178954731182364,0.06931606938774866,0.7188943833004275
17936,0.1447807831783103,0.0039405322714947955,0.8512786845501951
17937,0.6177866567563393,0.03979831521521541,0.3424150280284452
17938,0.9160842583009139,0.009963228115828593,0.0739525135832583
17939,0.9174868957115702,0.014525713993026355,0.06798739029540357
17940,0.9734903579199962,0.0034493944539842124,0.023060247626019846
17941,0.9396341330655588,0.017943221469817472,0.04242264546462317
17942,0.9679742885042542,0.005836548847387422,0.026189162648359184
17943,0.9589761730398758,0.013032229208018553,0.027991597752105524
17944,0.8849114909744994,0.013759878546276513,0.10132863047922436
17945,0.7563105006168972,0.08631994685609369,0.15736955252700816
17946,0.8125570443641417,0.003937064718348368,0.18350589091751007
17947,0.8021177212344417,0.06284841568541638,0.13503386308014242
17948,0.3688333598632286,0.033151845212834555,0.5980147949239367
17949,0.9691040795716345,0.007278125207881231,0.0236177952204846
17950,0.9830235071698149,0.002819557342551695,0.01415693548763386
17951,0.8595017794676187,0.010422120752230854,0.13007609978015056
17952,0.14311198462234512,0.0011770671937772247,0.8557109481838777
17953,0.4712053781587832,0.02167757926012405,0.5071170425810925
17954,0.9610428677862526,0.014521151173693013,0.024435981040054747
17955,0.055747256671986704,0.022697244749667136,0.9215554985783463
17956,0.932625724117056,0.01247620289553906,0.05489807298740532
17957,0.670888623397051,0.013439129244792071,0.3156722473581573
17958,0.04113924151635455,0.004940588334753909,0.9539201701488912
17959,0.824805079090686,0.021128826476319414,0.15406609443299452
17960,0.8038883221460639,0.021445282297254026,0.17466639555668215
17961,0.049223001105246536,0.0017131980882366697,0.9490638008065169
17962,0.9690377775140174,0.004540511303444955,0.026421711182537895
17963,0.9276434157397055,0.008030436539203451,0.06432614772108973
17964,0.9233051051107524,0.009424545110494495,0.06727034977875271
17965,0.7587294157588615,0.04633027817017671,0.19494030607096235
17966,0.8672081258438984,0.016780132484704658,0.11601174167139673
17967,0.5278281325207872,0.16039011075811677,0.3117817567210962
17968,0.976525269191219,0.0038054946980597875,0.019669236110720818
17969,0.29461840298654407,0.021334712298124364,0.6840468847153317
17970,0.8281636642215802,0.005963247278027634,0.1658730885003924
17971,0.9356042718600759,0.007053432165015381,0.057342295974909224
17972,0.7831751131164586,0.00940550620819781,0.20741938067534404
17973,0.8020579283242901,0.03636655259826111,0.16157551907744896
17974,0.9626236325900414,0.010025226016091803,0.027351141393867066
17975,0.7369094024909735,0.009600157879155061,0.25349043962987144
17976,0.925018405336272,0.01198117977294554,0.06300041489078242
17977,0.03224960273869259,0.01479571441753223,0.9529546828437752
17978,0.9534562052039365,0.0135853172014714,0.03295847759459291
17979,0.8776376990042778,0.016310094831047374,0.10605220616467478
17980,0.9302637142631748,0.0030138389256030135,0.06672244681122232
17981,0.7497577641370287,0.10753378095811515,0.14270845490485592
17982,0.6364557204639925,0.03740305220519359,0.3261412273308143
17983,0.38847175480595125,0.036171311095633804,0.5753569340984152
17984,0.8006253420084631,0.03369810625313897,0.16567655173839757
17985,0.6451213129629466,0.0013110734527154333,0.3535676135843378
17986,0.08513133551295804,0.003559198486970132,0.9113094660000718
17987,0.06734890243576966,0.025338904840032813,0.9073121927241976
17988,0.4756390136983559,0.009468290593197206,0.514892695708447
17989,0.34291451993702327,0.016754830889275867,0.6403306491737011
17990,0.8112281992066364,0.015491073937106291,0.1732807268562574
17991,0.9364664918355995,0.011624915941276836,0.05190859222312425
17992,0.8439574491716851,0.07503107615772227,0.081011474670593
17993,0.9393635298696533,0.016693513587038206,0.04394295654330826
17994,0.9257541689691889,0.01018176421939839,0.06406406681141356
17995,0.7095594934667918,0.1456450505970929,0.14479545593611523
17996,0.9383221034209677,0.011832034823042561,0.04984586175598944
17997,0.9375672322340828,0.020855645841133124,0.041577121924784216
17998,0.23286627336875548,0.11220559805819488,0.6549281285730497
17999,0.8789268933407588,0.02549087930040472,0.09558222735883748
18000,0.9567675747854132,0.01913188974877364,0.024100535465813894
18001,0.9450611978886766,0.006458794528247116,0.048480007583076475
18002,0.7225198504706586,0.015137537412083691,0.262342612117258
18003,0.7340958938261906,0.03223300843013473,0.23367109774367473
18004,0.8693122020699042,0.02274851409676498,0.10793928383333068
18005,0.9692498848037642,0.009793710216259981,0.020956404979975612
18006,0.5566411133712106,0.09558605669593825,0.3477728299328517
18007,0.8198488494731136,0.021050312865270215,0.15910083766161645
18008,0.8819491069203255,0.03284297219369007,0.0852079208859855
18009,0.9403461187775669,0.00727344102627606,0.05238044019615676
18010,0.7780271542112801,0.013310719419571843,0.208662126369148
18011,0.9399021703749119,0.012340244985577746,0.04775758463951058
18012,0.624863474879291,0.023474335020369073,0.3516621901003404
18013,0.7454953740887258,0.12279465184797651,0.13170997406329774
18014,0.8063347557003093,0.024208152534005278,0.1694570917656862
18015,0.8867572715735457,0.009789514794289448,0.10345321363216602
18016,0.9334084406950923,0.007367506001983933,0.05922405330292333
18017,0.9097058394110362,0.005497917939145201,0.08479624264981903
18018,0.22613967091491105,0.023845266354554143,0.7500150627305346
18019,0.2584077050868363,0.023790994561141674,0.7178013003520222
18020,0.6806832256025521,0.013518780807847991,0.3057979935896002
18021,0.9528044981282168,0.0057195339770267145,0.041475967894756556
18022,0.8069265385374265,0.02196852851805404,0.17110493294452
18023,0.9845408411544533,0.0016519261698455694,0.013807232675701372
18024,0.6419057542447983,0.019220021867921364,0.33887422388728106
18025,0.9606687093860568,0.009787475541145618,0.02954381507279744
18026,0.08405154819426261,0.0023042579708379683,0.9136441938348999
18027,0.9120365282584555,0.008377480891940715,0.07958599084960429
18028,0.9806691712451555,0.003122785908130148,0.01620804284671418
18029,0.9163933024078521,0.008290021089320395,0.0753166765028281
18030,0.6783519411963342,0.00912705659454062,0.31252100220912565
18031,0.8798363891851199,0.018047205421935806,0.10211640539294473
18032,0.4402735661515564,0.2594975063744011,0.30022892747404245
18033,0.9005600428440804,0.009177551723812983,0.09026240543210727
18034,0.015355155290019355,0.006666666666666667,0.9779781780433139
18035,0.9034045702411378,0.017945612102527795,0.07864981765633453
18036,0.9050047861010142,0.0365989375346701,0.05839627636431571
18037,0.9078456025329597,0.013409681380532777,0.07874471608650799
18038,0.9458688861992787,0.008068071937417369,0.046063041863303816
18039,0.870209335448722,0.031426174803684384,0.09836448974759295
18040,0.6783790326329018,0.01883574430737105,0.3027852230597269
18041,0.7646308210281293,0.08158865713159355,0.15378052184027796
18042,0.07483434497995946,0.00021193745636326964,0.9249537175636774
18043,0.8387619919834269,0.02731803001074661,0.13391997800582658
18044,0.964414987980033,0.007277374652672588,0.028307637367294913
18045,0.9495742818862687,0.002373639108620234,0.04805207900511136
18046,0.3747166400595669,0.007372184031352213,0.617911175909081
18047,0.400456357079414,0.061894459567502585,0.5376491833530836
18048,0.6012411325417301,0.06018039769531344,0.3385784697629567
18049,0.8657656623592188,0.008415553579252227,0.12581878406152944
18050,0.8510211386005962,0.04022249997869683,0.1087563614207075
18051,0.8805616625401871,0.015051355709120784,0.10438698175069175
18052,0.9642478343251162,0.009004822789204846,0.026747342885679124
18053,0.03127372443217408,0.032519301185014386,0.9362069743828116
18054,0.10021049172855359,0.006585168112536504,0.8932043401589105
18055,0.9196138786617893,0.01770049923939017,0.06268562209882032
18056,0.9509112309538665,0.010014686032420927,0.03907408301371252
18057,0.9579257092462016,0.012425951040576543,0.0296483397132218
18058,0.61915905048449,0.15655895858754343,0.22428199092796675
18059,0.9059185401647751,0.05014079070335737,0.043940669131867775
18060,0.4598303071297039,0.04735376962358691,0.49281592324670925
18061,0.04257332086683905,0.0009033800143545876,0.9565232991188065
18062,0.9745378227270407,0.0028604634105617254,0.02260171386239787
18063,0.6792602255492989,0.030116806819388806,0.29062296763131296
18064,0.857167505104028,0.013886226406271334,0.1289462684897007
18065,0.7945548467846252,0.029206250811676788,0.17623890240369805
18066,0.590231790620774,0.025406806715470666,0.3843614026637556
18067,0.9778575139218593,0.0026397540126196304,0.019502732065521108
18068,0.9359441774858961,0.010451352717908348,0.053604469796195306
18069,0.8817861162152874,0.017843548576148838,0.1003703352085638
18070,0.7815620717114713,0.015937682299159584,0.2025002459893695
18071,0.1420948766679665,0.002619975625154179,0.8552851477068797
18072,0.018500964000886137,0.0036512034892700784,0.9778478325098439
18073,0.9793178059972748,0.0062163041214250295,0.014465889881300254
18074,0.5833398258707478,0.27750814776681526,0.1391520263624368
18075,0.9622147278335351,0.003982564838790734,0.03380270732767463
18076,0.9450985655614219,0.004554974987563736,0.05034645945101466
18077,0.9434075424096117,0.006834468998074798,0.04975798859231313
18078,0.16388188684412672,0.0012386962063010926,0.8348794169495725
18079,0.9278914284231365,0.012892777102379384,0.05921579447448386
18080,0.9564028566657008,0.02046946378698955,0.023127679547309786
18081,0.9868192984388409,0.003708403018912189,0.009472298542247562
18082,0.8912171533822455,0.011249408587909897,0.09753343802984486
18083,0.017174316838900527,0.0066873706004140785,0.9761383125606854
18084,0.5861737300396617,0.042976930125361315,0.37084933983497725
18085,0.8589399878385289,0.012740312407052055,0.12831969975441943
18086,0.8501902281606594,0.020748254721970408,0.12906151711737052
18087,0.9628466027850319,0.006741687588936216,0.030411709626031798
18088,0.5573262927083288,0.046618697264415455,0.39605501002725596
18089,0.4407935547654697,0.033983954777514494,0.5252224904570157
18090,0.8737046766592865,0.037451271321480226,0.08884405201923339
18091,0.9731854515460979,0.008006425461494432,0.018808122992406966
18092,0.8457732304126523,0.02818328422575187,0.12604348536159615
18093,0.8471999308301894,0.06920229170413283,0.08359777746567816
18094,0.6885718312777416,0.021443652594439422,0.28998451612781884
18095,0.9785581276708266,0.0071297445909252475,0.014312127738249142
18096,0.9644196986434006,0.003880143133246958,0.031700158223353155
18097,0.9506596661485048,0.010457719447809,0.0388826144036862
18098,0.20543230892279213,0.021471368574309754,0.7730963225028982
18099,0.9715736988821919,0.016671676800368972,0.011754624317439758
18100,0.9303045060286452,0.011570805646899968,0.058124688324455075
18101,0.8986999073031232,0.06650082900457005,0.034799263692307264
18102,0.54906572173148,0.16023574638508944,0.29069853188343064
18103,0.9105411040895266,0.03464826310312625,0.054810632807347694
18104,0.06473954388688431,0.031639189519856135,0.9036212665932595
18105,0.9740189008883675,0.0030615767106547034,0.022919522400978644
18106,0.9754665354799351,0.0022188166292855223,0.02231464789077933
18107,0.60548955172983,0.06697939538104626,0.3275310528891232
18108,0.1054973534311552,0.049946796306678864,0.8445558502621657
18109,0.9119020642249569,0.015467663611597567,0.07263027216344554
18110,0.5982946528106383,0.010248428041499625,0.39145691914786224
18111,0.9518987781836703,0.0033127240213371347,0.044788497794992964
18112,0.9242170574306878,0.009532847364499566,0.06625009520481291
18113,0.7901879249140894,0.008797963505476247,0.20101411158043433
18114,0.20683102667235795,0.12600084547375567,0.6671681278538864
18115,0.9342286949568429,0.012644694269317604,0.05312661077383932
18116,0.05661894785071273,0.005,0.9383810521492872
18117,0.9127054839741788,0.011660418004679157,0.07563409802114184
18118,0.8847625947463604,0.019243116500468758,0.09599428875317056
18119,0.9325186386332291,0.00817023976904188,0.05931112159772863
18120,0.25665116616284467,0.12724506710501346,0.6161037667321416
18121,0.9546772701697105,0.0077972970429601995,0.037525432787329296
18122,0.5112071090688814,0.041854130658855584,0.4469387602722628
18123,0.7045389434546105,0.05757401896484358,0.23788703758054633
18124,0.8432623510838179,0.010318785733071828,0.14641886318311081
18125,0.4002207403416041,0.4208929820316944,0.17888627762670153
18126,0.7458967204258855,0.07661821666363065,0.1774850629104836
18127,0.2852495076186813,0.15325700702953787,0.5614934853517809
18128,0.03226535326422166,0.0009681380167434692,0.9667665087190348
18129,0.5174838896905268,0.017496854310446973,0.46501925599902627
18130,0.9573792381930779,0.008667953616366438,0.03395280819055547
18131,0.49090619553033965,0.013592756279746009,0.4955010481899143
18132,0.4783278829921097,0.13971481438523783,0.3819573026226524
18133,0.9542751339880592,0.006111008092033942,0.03961385791990684
18134,0.17168980960224156,0.0636816442447114,0.7646285461530471
18135,0.965383069762277,0.006622879808044984,0.027994050429678913
18136,0.8645302067458575,0.009827245092442573,0.12564254816170112
18137,0.08034582358350846,0.07191447617683701,0.8477397002396544
18138,0.23668527317559598,0.045752759757659675,0.7175619670667444
18139,0.9332699021682151,0.007888713897611708,0.05884138393417241
18140,0.9677040860552154,0.011768143682016311,0.02052777026276893
18141,0.8603444773080838,0.011045626218896194,0.1286098964730203
18142,0.5277048777378498,0.08862405361034287,0.3836710686518079
18143,0.8636910727045594,0.006884402677264922,0.12942452461817638
18144,0.7509115062578464,0.019687872126865215,0.22940062161528801
18145,0.939425376854295,0.009362817148450131,0.051211805997254584
18146,0.586258418695363,0.04380328066730598,0.36993830063733124
18147,0.9244792311567932,0.01304750309286395,0.062473265750342906
18148,0.8977706338266006,0.030603601575158113,0.07162576459824138
18149,0.9222376551910073,0.008855297821800962,0.06890704698719158
18150,0.9100937985383242,0.014463041092295868,0.07544316036938066
18151,0.7853490320344018,0.03095372480286589,0.1836972431627328
18152,0.9725251280605909,0.003853011256026254,0.02362186068338307
18153,0.7581768899870164,0.010304809766620284,0.23151830024636405
18154,0.9333994233756074,0.009137460009675557,0.05746311661471726
18155,0.4218957569718301,0.25457791500256177,0.32352632802560805
18156,0.2234309227213334,0.01845458288458119,0.7581144943940858
18157,0.8408556079239937,0.04059490286460719,0.11854948921139884
18158,0.9072399213204242,0.009954671242421347,0.08280540743715409
18159,0.9547465334477431,0.0076062589571064595,0.03764720759515011
18160,0.8827549000893725,0.030506278623057183,0.08673882128757021
18161,0.35526254705266186,0.09745773560162334,0.547279717345715
18162,0.904002390055267,0.02874106165164204,0.06725654829309034
18163,0.9353529968595732,0.011700630257615656,0.052946372882811704
18164,0.6795210530777402,0.008177162296892372,0.31230178462536745
18165,0.9692392388691826,0.0036483948760042194,0.027112366254812687
18166,0.9092395235459177,0.00942022653231514,0.08134024992176642
18167,0.9253437944455659,0.0123083171156578,0.06234788843877612
18168,0.8474160077789425,0.013934055703365129,0.13864993651769233
18169,0.7657774415121007,0.027672197548104654,0.20655036093979498
18170,0.9508628757258126,0.00539920891479208,0.04373791535939587
18171,0.2482205042832367,0.00025061654326876087,0.7515288791734946
18172,0.9481939927593996,0.006407919511119345,0.045398087729481486
18173,0.9649897518219759,0.0029452226583076215,0.032065025519716545
18174,0.6525906759857565,0.017280548911614863,0.3301287751026286
18175,0.12747513256294996,0.013297157865983159,0.8592277095710669
18176,0.601889070162957,0.06369632274847481,0.3344146070885679
18177,0.9753619220908142,0.004288882910382294,0.02034919499880381
18178,0.30550163829835103,0.056612000328063204,0.6378863613735859
18179,0.17161312937481757,0.03731318012064122,0.7910736905045409
18180,0.6059886660938165,0.03555136881644139,0.358459965089743
18181,0.11124895825064263,0.04409416082215523,0.8446568809272023
18182,0.9855321923402939,0.0020554573415319266,0.012412350318174645
18183,0.8852229188763814,0.023327526850461494,0.09144955427315714
18184,0.9441061357961729,0.009494428032706377,0.046399436171120516
18185,0.6370442991182622,0.005267679803352182,0.3576880210783857
18186,0.9245179756786475,0.012274956712711732,0.06320706760864091
18187,0.7729984216642981,0.04394709690573927,0.18305448142996303
18188,0.9595755306671304,0.002959077522189885,0.03746539181067988
18189,0.9327058189695007,0.0070276720059161265,0.060266509024583685
18190,0.8587425782774034,0.0600674008528769,0.08119002086972021
18191,0.8893715675534224,0.009021420625535232,0.10160701182104291
18192,0.9457803964862939,0.007152416186409674,0.04706718732729577
18193,0.2366463910202663,0.11458185449142264,0.6487717544883108
18194,0.015296061312012044,0.011952228968284071,0.9727517097197039
18195,0.5760551861905282,0.012359942990791352,0.411584870818681
18196,0.9299190521825733,0.007687509785785183,0.06239343803164235
18197,0.2075191143499049,0.005659169141064932,0.7868217165090304
18198,0.2613057255178965,0.015910873623358142,0.7227834008587458
18199,0.15676409811463357,0.003377018867736787,0.8398588830176298
18200,0.9493589573277587,0.009245815376039235,0.04139522729620235
18201,0.02996980807300722,0.0002027754234543537,0.9698274165035389
18202,0.5464422226054199,0.015423548991823676,0.4381342284027569
18203,0.944661930906621,0.005536543964774134,0.04980152512860505
18204,0.9529886676524637,0.006763192429207507,0.04024813991832841
18205,0.01094153513910711,0.0035258859279803916,0.9855325789329125
18206,0.969770555623079,0.006017661929791459,0.024211782447130504
18207,0.9442184004862109,0.014459425572408199,0.04132217394138108
18208,0.8804872122880422,0.006720290796336855,0.11279249691562131
18209,0.7001148803840022,0.02097205013826778,0.2789130694777301
18210,0.8632221615155566,0.021588927929517814,0.1151889105549257
18211,0.9438930952265975,0.012362926207496487,0.04374397856590543
18212,0.6560022322950736,0.09236042003199506,0.25163734767293133
18213,0.9691701044118491,0.006945450065511851,0.023884445522639013
18214,0.7038893069098555,0.07082336822820162,0.2252873248619434
18215,0.5406097757721915,0.07919814105718156,0.3801920831706269
18216,0.9676100114599254,0.004029053346485545,0.028360935193589232
18217,0.21282208038332204,0.05690365085673377,0.7302742687599441
18218,0.8958176801918872,0.01966499942448898,0.08451732038362395
18219,0.9578351475854486,0.008640964519203157,0.03352388789534789
18220,0.40599164596727527,0.015044387344552946,0.5789639666881721
18221,0.961337371520023,0.0040629893967081675,0.03459963908326926
18222,0.0645342468017618,0.03487637361446286,0.9005893795837752
18223,0.8799311875023902,0.06605368935240151,0.05401512314520854
18224,0.5337972399558637,0.05019460476234173,0.41600815528179474
18225,0.07524009178656796,0.007245631913704688,0.9175142762997271
18226,0.9332211897923952,0.003647943308619913,0.06313086689898541
18227,0.010628532602031351,0.008505949650036525,0.9808655177479324
18228,0.2367070050083214,0.17419810718644937,0.5890948878052293
18229,0.7635371752499205,0.008349250993142968,0.22811357375693647
18230,0.9237507593811479,0.01004691549168253,0.0662023251271689
18231,0.8595617264459666,0.043986744135518945,0.09645152941851468
18232,0.9480727663651375,0.00712076248605903,0.044806471148803456
18233,0.9121085253818637,0.014312463452603109,0.07357901116553298
18234,0.7749474726886759,0.019434263062741673,0.20561826424858276
18235,0.3284285470999005,0.031823088143028845,0.6397483647570714
18236,0.7135936246979256,0.0493646244060498,0.2370417508960245
18237,0.797619237220587,0.01687427553549858,0.18550648724391466
18238,0.9498822609819425,0.0076262311581351775,0.04249150785992204
18239,0.11139273844497793,0.23056965886842765,0.6580376026865944
18240,0.49282389681667005,0.1296810357859974,0.3774950673973324
18241,0.7552833362050859,0.0598767916488049,0.18483987214610945
18242,0.023846335932829286,0.0018932375443145974,0.9742604265228562
18243,0.9824349156115134,0.004397949017004224,0.013167135371482947
18244,0.942394226786695,0.008393943334273792,0.04921182987903153
18245,0.6219239917278683,0.010581236436614107,0.36749477183551743
18246,0.982144725588141,0.007482935309454447,0.010372339102405965
18247,0.9699577274153969,0.0065742431904417835,0.023468029394161705
18248,0.8606969786756271,0.031128911185595593,0.10817411013877752
18249,0.3083157381957313,0.0027745534185297225,0.6889097083857391
18250,0.9366325674065689,0.01807415135769304,0.0452932812357383
18251,0.8920815301465104,0.0204049934393788,0.08751347641411056
18252,0.6707224007518965,0.04489288894516231,0.28438471030294105
18253,0.951594338632897,0.008180971900088773,0.04022468946701476
18254,0.9535650537601449,0.011159893589935875,0.03527505264991965
18255,0.7064047445201053,0.06114293103592651,0.23245232444396843
18256,0.07070037927145083,0.013206517110768584,0.9160931036177807
18257,0.4396469980163631,0.04250206291162809,0.5178509390720094
18258,0.9113303701134057,0.01839371665395587,0.07027591323263851
18259,0.951551651617212,0.0026860464408712047,0.04576230194191688
18260,0.2082858089632793,0.10210870662086383,0.6896054844158572
18261,0.9836732906906154,0.0027107972887321216,0.013615912020652855
18262,0.2078008911045851,0.09859028806616459,0.6936088208292502
18263,0.8814396987248895,0.014704857808089097,0.10385544346702198
18264,0.9727120287049819,0.010698475189709957,0.016589496105309146
18265,0.6137613026448657,0.13763034546271616,0.24860835189241806
18266,0.6803596277069782,0.016964102681968178,0.30267626961105343
18267,0.7769677278735098,0.0032506073533843417,0.21978166477310584
18268,0.8885969667709421,0.01980934598732665,0.09159368724173166
18269,0.6916166416418702,0.01151033600651842,0.29687302235161167
18270,0.08726188328851646,0.029526431362077315,0.8832116853494061
18271,0.9809919508963649,0.0031363931303555353,0.01587165597327979
18272,0.962904515672323,0.0044731755611886505,0.03262230876648874
18273,0.887136589770316,0.01103139474160276,0.10183201548808105
18274,0.9580824861476785,0.008226469073967546,0.03369104477835399
18275,0.9367715650062005,0.022617230365262683,0.040611204628536866
18276,0.09079593174954267,0.01070145265270392,0.8985026155977534
18277,0.8505348470433656,0.01323202495520962,0.13623312800142556
18278,0.9683175277853673,0.00232709044721503,0.02935538176741813
18279,0.7938986756064379,0.04199615351169992,0.1641051708818623
18280,0.7422611245011984,0.07673987280468351,0.1809990026941178
18281,0.8557221759488918,0.01888290405651894,0.12539491999458904
18282,0.019316759207087326,0.00456790088843632,0.9761153399044761
18283,0.9062118203206584,0.005063928091548796,0.0887242515877928
18284,0.8544215934025514,0.013888858538555733,0.13168954805889363
18285,0.7475509613315553,0.032853794436276125,0.21959524423216853
18286,0.9119934410224004,0.015060250332486059,0.07294630864511323
18287,0.1929374035693376,0.03258471049606337,0.7744778859345989
18288,0.417134154694609,0.02079946382604332,0.5620663814793476
18289,0.030006405324348163,0.05076923076923077,0.9192243639064211
18290,0.9783252275560915,0.002266467162934203,0.019408305280974703
18291,0.9228557565159241,0.005560927355228449,0.07158331612884798
18292,0.39557819436384717,0.05648907960651518,0.5479327260296379
18293,0.9447911502997708,0.015293871316045813,0.03991497838418413
18294,0.3805927641759284,0.025401959969260614,0.594005275854811
18295,0.9477628146606708,0.006154309504489826,0.04608287583483918
18296,0.9613757974960185,0.004761262535916995,0.033862939968064436
18297,0.9504249723896379,0.010768858307371214,0.03880616930299011
18298,0.3767732316612001,0.03279836742030452,0.5904284009184952
18299,0.8869099265802707,0.009240755508006335,0.10384931791172404
18300,0.8837762347317601,0.01687418720559081,0.09934957806264885
18301,0.9828572446990338,0.0035288981432485896,0.013613857157718338
18302,0.7088306306738751,0.010089918228375173,0.28107945109774923
18303,0.9749412427948875,0.004746043567650367,0.020312713637462943
18304,0.9768866160004397,0.002941268066760325,0.020172115932799568
18305,0.8821428654568882,0.0028530454276114864,0.11500408911550089
18306,0.9277798589055739,0.004196444204864401,0.0680236968895625
18307,0.4055359090152681,0.013883218040448855,0.5805808729442833
18308,0.8253341888020113,0.08183418864905197,0.09283162254893702
18309,0.24111197179793165,0.020772308983964802,0.7381157192181036
18310,0.4712556568304321,0.0025487942694688605,0.526195548900099
18311,0.8769602307305322,0.021479448919684604,0.10156032034978361
18312,0.19899388183654046,0.027085463998250615,0.7739206541652094
18313,0.958964526553665,0.003895851128463912,0.037139622317871324
18314,0.9611292201256593,0.011699571449526706,0.02717120842481484
18315,0.6449005534840776,0.09022216384192681,0.26487728267399563
18316,0.8300044673031205,0.09933319042546751,0.07066234227141197
18317,0.801123273247643,0.01652627317171226,0.18235045358064456
18318,0.023506520771149602,0.01586170596532821,0.9606317732635223
18319,0.970323064308418,0.012228996620276223,0.017447939071305825
18320,0.6242088865675247,0.00510630909437523,0.3706848043381001
18321,0.8963484507896008,0.006298895375368416,0.09735265383503097
18322,0.0369819088117425,0.00028809286254800773,0.9627299983257096
18323,0.5547831887406437,0.0014039886344450981,0.44381282262491084
18324,0.026370927539657474,0.0005513975410444241,0.9730776749192985
18325,0.8527443471650955,0.017238061901261408,0.13001759093364426
18326,0.9696648774332121,0.012437773011387607,0.017897349555401072
18327,0.768115358429762,0.025840875944787223,0.2060437656254508
18328,0.9730651978863498,0.007098093400402446,0.019836708713247966
18329,0.7907831120691804,0.013257843619720112,0.19595904431109964
18330,0.8485555983103685,0.037222719808398114,0.11422168188123281
18331,0.9850756170431174,0.002885173143057899,0.012039209813825292
18332,0.3024537577851544,0.058568952350711294,0.6389772898641343
18333,0.47410882282777406,0.08280371455974445,0.44308746261248133
18334,0.650513707798338,0.028015115150200137,0.32147117705146266
18335,0.8184853012314287,0.006971160028343798,0.17454353874022804
18336,0.8763978217483916,0.02407030019481176,0.09953187805679693
18337,0.9506677626969531,0.006102424571135674,0.04322981273191147
18338,0.4365697321033406,0.06601785623394658,0.49741241166271305
18339,0.9039729520929325,0.0286074342328389,0.06741961367422875
18340,0.3649213346268586,0.18653875442887782,0.4485399109442636
18341,0.9691128024191691,0.011088821450201099,0.019798376130630093
18342,0.8234060560794861,0.02306792936631616,0.15352601455419737
18343,0.676896541190818,0.05017026093764994,0.272933197871532
18344,0.9787054004595531,0.005312673853416656,0.015981925687030798
18345,0.6521616979918801,0.009151511720277153,0.33868679028784293
18346,0.6411418346271356,0.024146059763651594,0.33471210560921283
18347,0.9469105731705254,0.004495994153093829,0.048593432676381415
18348,0.955479165266526,0.0076406470640862775,0.036880187669388255
18349,0.7824472526027544,0.008055780218765891,0.20949696717847965
18350,0.37206692745664666,0.0581922760501223,0.569740796493231
18351,0.9170089226514572,0.008539204779802464,0.0744518725687408
18352,0.9284303637510672,0.05717582598105172,0.014393810267881477
18353,0.05759699627981122,0.0025585578702758244,0.9398444458499134
18354,0.9760579066822191,0.0023329767617351173,0.02160911655604635
18355,0.9784847431057263,0.00404954184984119,0.017465715044433047
18356,0.825614217486649,0.0619897978096488,0.11239598470370263
18357,0.8844270846252467,0.013199109184209665,0.10237380619054438
18358,0.20701980402027687,0.10132336571533099,0.6916568302643923
18359,0.9100623427140165,0.02535047605452648,0.06458718123145725
18360,0.9130421039841601,0.006180984324955597,0.080776911690885
18361,0.8366800009707207,0.0217267527796402,0.1415932462496394
18362,0.8937049213080642,0.024579380400179925,0.08171569829175555
18363,0.17996918388539032,0.0916985712627197,0.72833224485189
18364,0.9555095714304717,0.007547854351231733,0.03694257421829642
18365,0.7166724942263374,0.09368916540033104,0.18963834037333197
18366,0.7391124343099427,0.005895939632318077,0.2549916260577395
18367,0.925679743709767,0.0069878282310874545,0.06733242805914533
18368,0.9827068423818553,0.0017910731756792483,0.015502084442465973
18369,0.8152065332967903,0.03266209155621918,0.15213137514699138
18370,0.06454965586631108,0.015364537920206428,0.9200858062134828
18371,0.4050046170778723,0.023051799026825418,0.5719435838953024
18372,0.9207240962521503,0.008201503449561366,0.07107440029828795
18373,0.98209626350774,0.002636588017928328,0.01526714847433183
18374,0.8934983559316035,0.03966729049960579,0.06683435356878988
18375,0.2488208418214333,0.053605346747277606,0.697573811431289
18376,0.009040853305395467,0.0001259354418112912,0.9908332112527934
18377,0.9829552480287422,0.003263657564486901,0.013781094406771752
18378,0.9726819417664117,0.010283593674765609,0.01703446455882232
18379,0.9097077894965291,0.002819794223900467,0.08747241627957036
18380,0.9187275522314008,0.007866659623606437,0.07340578814499261
18381,0.02758651460308773,0.011117261172611727,0.9612962242243007
18382,0.9708688356406178,0.012514873515318622,0.016616290844063363
18383,0.8660424972956279,0.059023581517544145,0.07493392118682815
18384,0.9743444587533372,0.004715338664473237,0.020940202582189562
18385,0.9728319031615643,0.002920359520173321,0.024247737318263046
18386,0.13865075439945712,0.006873224728487885,0.8544760208720551
18387,0.945348362868743,0.0034114805782740737,0.051240156552983064
18388,0.9243744736578248,0.012068670409580672,0.06355685593259414
18389,0.873262554245533,0.030879634882013517,0.09585781087245407
18390,0.7353616141167539,0.039075976242634716,0.22556240964061103
18391,0.9561362429458136,0.008171029491253621,0.035692727562932555
18392,0.8359444519395453,0.021463878697803678,0.142591669362651
18393,0.8354122372925116,0.023125162405419345,0.1414626003020693
18394,0.009152438542005188,0.003670324919810282,0.9871772365381843
18395,0.9315317449231977,0.015011517920507046,0.053456737156296466
18396,0.9706904919851843,0.0023440741631564938,0.026965433851659847
18397,0.9576003532676233,0.009780176719289936,0.032619470013087196
18398,0.28649498803129736,0.012788036706312664,0.70071697526239
18399,0.7239274196384848,0.032916138732024695,0.24315644162949038
18400,0.8444793905595948,0.00991824718403877,0.14560236225636722
18401,0.14067373272643352,0.022990446467029142,0.8363358208065375
18402,0.9061805227394234,0.024516831684509032,0.06930264557606852
18403,0.9161783575740237,0.032819716170946873,0.05100192625502984
18404,0.9329200990339072,0.011298445380589545,0.05578145558550345
18405,0.9696722165924736,0.01057745295763427,0.019750330449892096
18406,0.8474040510482411,0.013020573437126773,0.1395753755146321
18407,0.9638011417451086,0.006087467091880582,0.030111391163010755
18408,0.6916339542831524,0.039132852714378275,0.2692331930024693
18409,0.07018879534997403,0.003918671621935817,0.9258925330280903
18410,0.9577322514154821,0.01103182970067889,0.03123591888383924
18411,0.9583458071639501,0.00344074713302497,0.03821344570302557
18412,0.13832797703661198,0.04834249470203601,0.813329528261352
18413,0.9581321057326521,0.006678721921962046,0.035189172345386016
18414,0.6138658321030817,0.11292931286500824,0.27320485503191017
18415,0.9709548577230318,0.004061434848275662,0.024983707428693734
18416,0.3919729723847557,0.013752567025586093,0.5942744605896583
18417,0.4655837280265639,0.022418696833316924,0.5119975751401195
18418,0.5034026347063768,0.05198541658635152,0.44461194870727166
18419,0.4176659672160995,0.005432661343837168,0.5769013714400637
18420,0.906129026938616,0.01937411559494768,0.07449685746643706
18421,0.9352346865662249,0.007004420156715139,0.057760893277059334
18422,0.6485599570980854,0.017061120667548394,0.3343789222343664
18423,0.03135492173556376,0.0016666666666666668,0.9669784115977694
18424,0.2809027193779745,0.08901293214812327,0.6300843484739023
18425,0.9306712059354768,0.007828978915006305,0.06149981514951686
18426,0.7544621998370837,0.023395316203030533,0.22214248395988576
18427,0.9607715718969568,0.007374895729832449,0.03185353237321061
18428,0.12459895720119583,0.039093808421633534,0.8363072343771707
18429,0.23919017326800168,0.10779624549733893,0.6530135812346594
18430,0.209040297560636,0.004628974239262456,0.7863307282001019
18431,0.9255335454125253,0.0068347607029046195,0.06763169388457002
18432,0.9333217343136275,0.00863059295843192,0.058047672727940806
18433,0.7528240646478777,0.013524868387282351,0.23365106696484028
18434,0.890157159117975,0.010861224571081806,0.09898161631094238
18435,0.923544475823619,0.0037866563498874383,0.0726688678264936
18436,0.16027761943725854,0.03921859876788953,0.8005037817948517
18437,0.0949041791718839,0.04221443008360371,0.8628813907445124
18438,0.6381313882243228,0.016192464659454803,0.3456761471162227
18439,0.07633593586171127,0.0011176112173167392,0.9225464529209726
18440,0.9670257554020854,0.011967247959117765,0.021006996638797255
18441,0.9770882144751548,0.0034780081672159484,0.019433777357629294
18442,0.87972805392899,0.027674873221009484,0.09259707285000103
18443,0.9400077261267268,0.008055410725201441,0.05193686314807175
18444,0.2392303997469358,0.046302642468065876,0.7144669577849984
18445,0.08265211692031998,0.010146356033452807,0.9072015270462273
18446,0.9456982564165928,0.007124418022939484,0.04717732556046722
18447,0.9835910698411516,0.005971377742123105,0.01043755241672521
18448,0.015229596177666374,0.007259686466331595,0.9775107173560021
18449,0.9659773043652704,0.002909212774511571,0.031113482860218523
18450,0.09433351729063327,0.03271049482446542,0.8729559878849015
18451,0.9168541683578469,0.01084817767061849,0.07229765397153462
18452,0.6593514838826294,0.04113909761341571,0.29950941850395474
18453,0.016800324225831102,0.016604753787637237,0.966594921986532
18454,0.3946257860450368,0.024005277771754114,0.5813689361832093
18455,0.8710228141785908,0.010591981895452874,0.1183852039259565
18456,0.8285814428922801,0.01467003439292149,0.1567485227147982
18457,0.9588377432440729,0.005074213374651409,0.03608804338127653
18458,0.910728419261395,0.01024513481848629,0.07902644592011959
18459,0.8707039693720746,0.018663849716751717,0.11063218091117387
18460,0.8435476065553339,0.020582129150487776,0.1358702642941789
18461,0.18479078841121443,0.03742921040356362,0.7777800011852217
18462,0.9464599719304012,0.011645709611253614,0.041894318458345126
18463,0.8697427460678108,0.02371125404355645,0.10654599988863277
18464,0.08304897707891853,0.018108375958855585,0.898842646962226
18465,0.9714493501047656,0.006795453533126551,0.021755196362107133
18466,0.13684810993653085,0.015216705659553144,0.8479351844039161
18467,0.823733305660783,0.043394523480908276,0.13287217085830938
18468,0.9360175215035021,0.006498647530373696,0.05748383096612489
18469,0.9749554820166649,0.004225594502270302,0.020818923481065194
18470,0.5833306943830808,0.056627655116804,0.36004165050011516
18471,0.6895638945592433,0.0058206017909892245,0.3046155036497678
18472,0.9790623797629912,0.003247095355402198,0.017690524881606835
18473,0.7927089797290049,0.006030973986904121,0.2012600462840911
18474,0.9764841477363961,0.009531962822428177,0.013983889441176798
18475,0.8518900651461032,0.01105867417977511,0.13705126067412174
18476,0.9767010994514402,0.004109727521614957,0.019189173026945398
18477,0.8493206734089523,0.011522999629896488,0.13915632696115093
18478,0.17870964862258396,0.02674012859063574,0.7945502227867802
18479,0.9017465075252538,0.004301586928955148,0.09395190554579216
18480,0.4146121044307536,0.044521321703914124,0.5408665738653328
18481,0.5832034587796309,0.006507909995497238,0.4102886312248719
18482,0.41051770004346305,0.006666319954557933,0.5828159800019791
18483,0.913559086789272,0.010690842384615578,0.07575007082611247
18484,0.8601347335528281,0.010610615242712727,0.12925465120445942
18485,0.024185009778077925,0.000734691315333815,0.9750802989065884
18486,0.383354107949704,0.003170019925632113,0.6134758721246639
18487,0.09781929260283906,0.09449024649435597,0.807690460902805
18488,0.049308525625950894,0.032297799987954984,0.9183936743860941
18489,0.0532612887338818,0.05271614937283342,0.8940225618932848
18490,0.038862687814811676,0.0016912513059879194,0.9594460608792006
18491,0.6694455513744375,0.0348244533728059,0.29572999525275656
18492,0.8868112399480511,0.008277267480373275,0.10491149257157525
18493,0.14134924151497325,0.03152815642717252,0.8271226020578547
18494,0.9397868038775418,0.007637171669899865,0.05257602445255779
18495,0.44044844147234535,0.012079130040097615,0.5474724284875574
18496,0.035492003430750256,0.006600726781736694,0.9579072697875133
18497,0.5256956803766987,0.09248773524610485,0.38181658437719623
18498,0.9638333425208134,0.013457251200836138,0.022709406278351125
18499,0.5008105264751121,0.05067174440929866,0.4485177291155891
18500,0.7540893730250186,0.028431993701084048,0.21747863327389727
18501,0.9637442975747164,0.007075842868670863,0.029179859556613022
18502,0.7249943576239769,0.05890100025876423,0.21610464211725902
18503,0.5927015385402771,0.04197269697761248,0.3653257644821113
18504,0.7520147290873672,0.0016203330335482445,0.2463649378790843
18505,0.8982749234605234,0.008212822943022249,0.09351225359645388
18506,0.9404486384590829,0.010402017631868047,0.04914934390904902
18507,0.011103679873171993,0.001987742838688965,0.9869085772881391
18508,0.2231114114468988,0.011970955035995772,0.7649176335171055
18509,0.08763986793541943,0.020334632878492527,0.892025499186088
18510,0.9448998395379984,0.006625290923611746,0.048474869538389975
18511,0.7178195650997201,0.01513594141767917,0.267044493482601
18512,0.7559019824420202,0.029021360053078923,0.21507665750490085
18513,0.8228759222899835,0.05621521610338626,0.12090886160663086
18514,0.8963731228841101,0.004570748900719291,0.09905612821517058
18515,0.014814782155940703,0.0019368524896200853,0.9832483653544394
18516,0.9495479432785912,0.008936156841107353,0.04151589988030164
18517,0.2065629573342151,0.04193766671382202,0.7514993759519633
18518,0.7421202957878817,0.01039232533725365,0.24748737887486466
18519,0.8044921838954837,0.020884931915363572,0.17462288418915317
18520,0.9102229199989189,0.017161213255736555,0.07261586674534472
18521,0.8113038954352294,0.022103663563689948,0.1665924410010804
18522,0.8765164177196283,0.027674268574759964,0.09580931370561178
18523,0.3734126067128275,0.09985481480687552,0.526732578480297
18524,0.7474379601890699,0.06687173664019741,0.18569030317073276
18525,0.9638068850095622,0.011286205231674161,0.02490690975876371
18526,0.354311774050543,0.010109143971973716,0.6355790819774831
18527,0.7757585074519635,0.02442982190207401,0.19981167064596364
18528,0.9766672765276426,0.003910011291284625,0.01942271218107306
18529,0.88849671034058,0.04842001582483825,0.06308327383458191
18530,0.8301258507371264,0.04728689088316956,0.12258725837970416
18531,0.5885692638489165,0.012123609041489248,0.3993071271095938
18532,0.9305035935522877,0.011726643402472673,0.057769763045239945
18533,0.7360827858155705,0.010282472232933262,0.2536347419514966
18534,0.788334315997003,0.026741725971842597,0.18492395803115394
18535,0.9562204914453253,0.011010754121019577,0.03276875443365538
18536,0.33958936721735017,0.032854386311148794,0.6275562464715013
18537,0.8635926245462276,0.006100266789187292,0.1303071086645853
18538,0.9149009155957486,0.032234980555631745,0.05286410384861961
18539,0.9552207131689456,0.007487165595115568,0.037292121235938974
18540,0.48314185527910375,0.05210093892381585,0.46475720579708035
18541,0.9264199718533039,0.015337926332463576,0.058242101814232825
18542,0.36767532621391474,0.008427230600869823,0.6238974431852156
18543,0.0830011896762645,0.00046508979977355936,0.9165337205239619
18544,0.9470648017064696,0.00819626700773829,0.044738931285792385
18545,0.5505633419109024,0.082600259827193,0.3668363982619046
18546,0.9479734012597718,0.010281449315931385,0.04174514942429609
18547,0.03026874748783239,0.0002134911317205444,0.9695177613804473
18548,0.8651651253673461,0.01930929925475178,0.11552557537790134
18549,0.9602090778405291,0.006006337602407749,0.03378458455706311
18550,0.9646300210697486,0.012496367618808972,0.02287361131144319
18551,0.9449588387179337,0.0043032784733164605,0.05073788280875064
18552,0.9714562901566454,0.01047177171622451,0.018071938127130618
18553,0.9536059167888491,0.007360513378421681,0.03903356983272866
18554,0.9756549927177105,0.001820814638060424,0.02252419264422981
18555,0.5768197780865811,0.08400989866195628,0.33917032325146296
18556,0.9832347770204505,0.002948999547739442,0.013816223431811204
18557,0.9250171534492061,0.012192589582711334,0.06279025696808224
18558,0.9048867335660473,0.009668443829090292,0.08544482260486178
18559,0.5346079865889568,0.1934708897905149,0.27192112362052817
18560,0.9822039906361578,0.002488001345745283,0.015308008018097539
18561,0.9454495431055322,0.006153088742340429,0.0483973681521269
18562,0.6923898411102624,0.025097699101510697,0.282512459788227
18563,0.022159538186951166,0.06905368860359226,0.9087867732094566
18564,0.4052081038758994,0.21674214576799816,0.37804975035610233
18565,0.985313606386419,0.002167813397129029,0.01251858021645231
18566,0.9090905217303424,0.01799818654745113,0.0729112917222065
18567,0.9359070170308972,0.007441081823228247,0.056651901145873776
18568,0.9754394800618591,0.008365518327047749,0.016195001611093662
18569,0.8466637858973372,0.07174706793001093,0.08158914617265153
18570,0.5633090017943756,0.02568486487540923,0.41100613333021546
18571,0.9083496410110838,0.015944837476796335,0.0757055215121198
18572,0.9542822000042757,0.007024194362818463,0.038693605632905775
18573,0.8816555147806128,0.04549086857553664,0.07285361664385048
18574,0.6661539634078986,0.12000026481529275,0.21384577177680883
18575,0.9298676308728011,0.00963845590866692,0.060493913218531786
18576,0.9658604208881139,0.005379958632294956,0.028759620479592095
18577,0.2730762983793319,0.013178326659672572,0.7137453749609951
18578,0.1909252555460765,0.054273495555379914,0.7548012488985435
18579,0.14887028506941405,0.029571504982668653,0.8215582099479172
18580,0.1052666720468029,0.0007843416369831173,0.8939489863162144
18581,0.9641067526223706,0.004792577795087294,0.031100669582542827
18582,0.7446234147091421,0.007603207102951046,0.24777337818790718
18583,0.03777192911114911,0.03371584430262683,0.928512226586224
18584,0.9226379454751302,0.008075434791153765,0.06928661973371719
18585,0.856392509342381,0.055947760434204574,0.08765973022341439
18586,0.908168097586785,0.009669275606390627,0.08216262680682489
18587,0.941223839337725,0.009528352252204058,0.04924780841007157
18588,0.8814830912449041,0.03225941229648135,0.08625749645861491
18589,0.9371650272018069,0.012682828202320912,0.05015214459587307
18590,0.972270250829994,0.003722044782193658,0.024007704387813376
18591,0.71293060845269,0.07690370091261926,0.2101656906346906
18592,0.05890519158714344,0.01743989438697154,0.9236549140258852
18593,0.2685296043294118,0.03625038036171795,0.6952200153088707
18594,0.04708087949915155,0.021760352170352167,0.9311587683304962
18595,0.9690983813676713,0.014751952287635754,0.016149666344693
18596,0.2646400439289372,0.07373946608946608,0.6616204899815968
18597,0.9426907291619697,0.037559287939761,0.019749982898269285
18598,0.7059734355617191,0.01008164060048629,0.2839449238377943
18599,0.9477135803750562,0.005539501768056658,0.04674691785688763
18600,0.9615922309534767,0.01525067855260032,0.023157090493923792
18601,0.040451522327033695,0.0019494796911715343,0.9575989979817948
18602,0.943160492882216,0.005786872800302016,0.051052634317481735
18603,0.6032735892621676,0.02293947627143612,0.37378693446639605
18604,0.5003221352461039,0.020966532237872964,0.4787113325160233
18605,0.9057990379184659,0.011694098637248414,0.08250686344428541
18606,0.5900273027235586,0.08029137770766606,0.32968131956877555
18607,0.2976125036286863,0.025357753039735562,0.6770297433315783
18608,0.8152041702951498,0.011755569871778743,0.17304025983307117
18609,0.8211690778825649,0.015481414841011905,0.16334950727642375
18610,0.9620018210039308,0.004787968455356086,0.03321021054071312
18611,0.8654893832241927,0.01932823119703266,0.11518238557877482
18612,0.9488109176294253,0.006732782166137328,0.044456300204437936
18613,0.7694881231951498,0.002866401095027651,0.22764547570982274
18614,0.9277971915007334,0.0068433632592045735,0.0653594452400621
18615,0.8848263733957366,0.02089812140025343,0.09427550520401012
18616,0.6963496603919185,0.00861997653303105,0.29503036307505115
18617,0.5763609559827026,0.03473795053494535,0.38890109348235197
18618,0.9658274436264574,0.014143893015811038,0.020028663357731284
18619,0.9684314665593639,0.010491772539305158,0.021076760901331877
18620,0.8987655930578745,0.014274422348124803,0.08695998459400132
18621,0.9723275606377081,0.014877738774667587,0.012794700587624023
18622,0.05842273678981113,0.0003769037917261701,0.9412003594184627
18623,0.9511456545523824,0.02385070126652466,0.025003644181093534
18624,0.9700728082561721,0.010381779993748263,0.019545411750080247
18625,0.2209832966768488,0.04614514458184124,0.7328715587413097
18626,0.2621376871641963,0.029632132343865376,0.7082301804919384
18627,0.8957834622922826,0.027669148205077317,0.07654738950264041
18628,0.7614738048704953,0.010244771629033141,0.22828142350047098
18629,0.9593451669082501,0.014036327351602781,0.026618505740146656
18630,0.9546763425694339,0.007840540637926333,0.03748311679263981
18631,0.9173302957366819,0.0666669799030596,0.016002724360259138
18632,0.9183987114213881,0.026812879247376565,0.05478840933123552
18633,0.13659932509071446,0.02065324305030968,0.842747431858976
18634,0.6417418378941583,0.03871227949664229,0.3195458826091997
18635,0.14055962624520477,0.020293363439849655,0.8391470103149455
18636,0.9357144441288708,0.0216139607168827,0.04267159515424736
18637,0.5186418396150537,0.013942974779468745,0.46741518560547773
18638,0.9084351114342198,0.033130441629992353,0.058434446935788135
18639,0.7354295777805625,0.020698781567364995,0.24387164065207245
18640,0.6715163274973966,0.04050958328343746,0.2879740892191659
18641,0.8688841145649161,0.018420053052278146,0.11269583238280544
18642,0.9327970102190164,0.007797940906291941,0.05940504887469208
18643,0.9657558406918249,0.012013814361979593,0.022230344946196155
18644,0.8068913802333795,0.05023972667368707,0.14286889309293352
18645,0.8839194311710156,0.014273848043749583,0.10180672078523496
18646,0.7895312658751082,0.024751127231844788,0.18571760689304748
18647,0.9742923680297272,0.0037691296060193874,0.02193850236425423
18648,0.9030467248630512,0.01966807346847313,0.0772852016684759
18649,0.04322421848224734,0.00022474925326209006,0.9565510322644903
18650,0.9445172279997862,0.00965346459351312,0.04582930740670092
18651,0.6592216557616469,0.012165748984227212,0.3286125952541251
18652,0.932223192150377,0.013311850652997725,0.05446495719662607
18653,0.9600029385717223,0.0073007167611060745,0.03269634466717148
18654,0.1747918146169033,0.05182034936847845,0.7733878360146184
18655,0.08190288201428006,0.011572992460624265,0.9065241255250956
18656,0.012049060471140854,0.008920451463546985,0.9790304880653121
18657,0.8402538622313008,0.003879484321980634,0.15586665344671868
18658,0.9581361849590748,0.009947390536619348,0.03191642450430676
18659,0.4349277623565395,0.16067072078488315,0.40440151685857745
18660,0.16919362153932604,0.002878675213674151,0.8279277032469995
18661,0.9480226504390599,0.01943374804900784,0.03254360151193211
18662,0.9683150745396264,0.008402570124535574,0.02328235533583795
18663,0.046707422356615895,0.015278117715617717,0.9380144599277664
18664,0.30995629944705433,0.2583211943918078,0.43172250616113805
18665,0.9175176905631178,0.009650541183793986,0.07283176825308793
18666,0.9795995776009696,0.003664884821426495,0.0167355375776053
18667,0.5209947484211241,0.01140436657125615,0.4676008850076199
18668,0.028770577114308818,0.000797535009928477,0.9704318878757628
18669,0.2724018942739348,0.014893360590798021,0.7127047451352676
18670,0.5256641612536869,0.008884452332462656,0.4654513864138507
18671,0.8046604725754825,0.005692362156898285,0.18964716526761968
18672,0.10081894144220525,0.007847218081212397,0.8913338404765824
18673,0.9338949821310271,0.046651347401420705,0.019453670467552378
18674,0.5257926877813853,0.12719963819542915,0.3470076740231855
18675,0.22627349662202756,0.007284668278990214,0.7664418350989823
18676,0.44444701150071564,0.00918322043646382,0.5463697680628204
18677,0.9374139427149967,0.004324207947472121,0.05826184933753231
18678,0.8648236112680167,0.01211495736762095,0.12306143136436255
18679,0.9532387769770772,0.0033370519925426502,0.04342417103038039
18680,0.9520557339134276,0.021197683816994654,0.026746582269577636
18681,0.9270032402295533,0.005594741913960897,0.06740201785648658
18682,0.9834992100785255,0.0019628373375192238,0.014537952583956022
18683,0.9319191380149359,0.017469348476961563,0.050611513508102925
18684,0.6246133701014355,0.19899267371473922,0.1763939561838254
18685,0.017490273226738705,0.000305090938472961,0.9822046358347882
18686,0.9586987488356012,0.006772133199987927,0.034529117964410654
18687,0.975093659398583,0.0024817916136510836,0.022424548987766236
18688,0.6021563601757758,0.0504042192144904,0.34743942060973365
18689,0.363108000750989,0.011075482500658193,0.6258165167483529
18690,0.4985888061055968,0.02411929527442254,0.47729189861998134
18691,0.1855178549129872,0.1113333476583242,0.7031487974286885
18692,0.3956288244662539,0.05481224208968118,0.5495589334440648
18693,0.8309605660178373,0.01186903497185681,0.1571703990103063
18694,0.4918404673729183,0.013464783665432538,0.4946947489616492
18695,0.8382542181650575,0.005346136764138987,0.15639964507080362
18696,0.8886562610420607,0.04176638948295613,0.06957734947498356
18697,0.9384608159479229,0.00829869934201477,0.05324048471006191
18698,0.8778377187954862,0.004989259500837342,0.11717302170367605
18699,0.9058019309492061,0.019000602262441466,0.07519746678835239
18700,0.29238021154754085,0.010515931757048813,0.6971038566954102
18701,0.33476241193751904,0.017636167812707798,0.6476014202497731
18702,0.7540020986467972,0.048470382073329064,0.19752751927987344
18703,0.004986153780088851,0.005997628416836484,0.9890162178030747
18704,0.4627617393729975,0.009904113579813622,0.5273341470471884
18705,0.576243253306404,0.19261546034808522,0.2311412863455108
18706,0.5829856539872325,0.07445490600831675,0.3425594400044507
18707,0.8362705396179935,0.05057861526940883,0.11315084511259837
18708,0.7303683535110873,0.026420435350454224,0.24321121113845826
18709,0.14279816094637818,0.05222461227758924,0.8049772267760325
18710,0.6436210975142302,0.13632546509694507,0.22005343738882494
18711,0.02320017709811182,0.0005055342648571724,0.9762942886370308
18712,0.7002468035619055,0.010816601664929234,0.2889365947731657
18713,0.8023500925773684,0.017536692351580667,0.180113215071051
18714,0.9481218055042164,0.00823535682648094,0.043642837669302874
18715,0.8824717640286283,0.0085922362889935,0.1089359996823786
18716,0.07440834154804743,0.00894340686840687,0.9166482515835459
18717,0.9647125584547274,0.012138797382633498,0.023148644162639787
18718,0.9302326392882733,0.010336115650962985,0.05943124506076335
18719,0.9758730117444147,0.004793642943462359,0.019333345312123842
18720,0.9733735106443225,0.004901613556009649,0.021724875799667455
18721,0.01173913043478261,0.0016666666666666668,0.9865942028985508
18722,0.9020385768027436,0.02233807637802126,0.07562334681923473
18723,0.9545375666358725,0.009732605448036934,0.035729827916091306
18724,0.7548527087708075,0.00782311195597585,0.23732417927321672
18725,0.9390866284691723,0.008872673241487486,0.05204069828934053
18726,0.8457888785339479,0.007292213819602567,0.1469189076464495
18727,0.914518037856446,0.007552414337710461,0.07792954780584309
18728,0.8800502135237677,0.022008148389381383,0.09794163808685048
18729,0.9790878289409246,0.0022056220063390967,0.018706549052736936
18730,0.027494572637706587,0.00669981428308487,0.9658056130792086
18731,0.842067536677825,0.02351848216639717,0.13441398115577782
18732,0.8722838446417355,0.00828620551152389,0.11942994984674096
18733,0.9379319748539107,0.006756287223702255,0.05531173792238679
18734,0.8049099625908523,0.013155442891313778,0.18193459451783436
18735,0.6715873975342264,0.13284180226957606,0.19557080019619777
18736,0.481195674800558,0.03614447668488865,0.4826598485145534
18737,0.20813232242778815,0.050816870166275126,0.741050807405937
18738,0.7474176082142602,0.04508442655677541,0.20749796522896471
18739,0.500705905197122,0.13759098577923037,0.3617031090236476
18740,0.9601702143203342,0.008080576372585633,0.0317492093070808
18741,0.9779493499091918,0.007878545028348206,0.014172105062460121
18742,0.9250815926843885,0.02690431283779602,0.04801409447781596
18743,0.05725767021786181,0.010138118106324643,0.932604211675814
18744,0.6326274584954504,0.11252407527592152,0.25484846622862806
18745,0.042934561358223405,0.003662821920275277,0.9534026167215014
18746,0.9738024787925544,0.008292760783494326,0.017904760423951845
18747,0.9645785420947948,0.016501200356131965,0.018920257549073574
18748,0.7642527018715161,0.0569739505949421,0.17877334753354213
18749,0.7684343072932791,0.041740218706179444,0.18982547400054128
18750,0.11291936082191512,0.043567367225826006,0.8435132719522588
18751,0.9549940011255547,0.008596042503557966,0.03640995637088811
18752,0.9513590467029924,0.00722855765526176,0.041412395641745404
18753,0.09431962512161406,0.0009634308686166581,0.9047169440097698
18754,0.983549822451603,0.002737315347844552,0.013712862200553077
18755,0.15999614972282883,0.03553991925027373,0.8044639310268976
18756,0.029865885510080303,0.013120183353851957,0.9570139311360678
18757,0.9507106251011446,0.014343968931935009,0.034945405966919446
18758,0.07924391283570972,0.0010963532701324327,0.9196597338941584
18759,0.3693467915506703,0.01857667677974729,0.6120765316695821
18760,0.8840973779167505,0.005402433573769457,0.11050018850948097
18761,0.9257236439446931,0.021557988890047366,0.052718367165259995
18762,0.060452554999984344,0.003715744204187638,0.9358317007958281
18763,0.9241534431079994,0.006862712332079638,0.06898384455992079
18764,0.9473941111648899,0.01110487926914541,0.04150100956596429
18765,0.08391475463030487,0.018576240639318987,0.8975090047303761
18766,0.9230620808105634,0.0057155374993428385,0.07122238169009415
18767,0.8568972603268726,0.020071901853393057,0.12303083781973446
18768,0.9393131771784329,0.009631976026456263,0.05105484679511079
18769,0.8386254097812887,0.016096920864059408,0.1452776693546528
18770,0.30939819931506274,0.0631313215651784,0.6274704791197586
18771,0.9526808076513714,0.009064062772485096,0.03825512957614304
18772,0.8230886301681837,0.032225085293342864,0.14468628453847399
18773,0.9739862773076557,0.0035481668000962923,0.022465555892248495
18774,0.9295026685518489,0.016451269919775392,0.054046061528374996
18775,0.1829953967424073,0.06016590693258545,0.7568386963250072
18776,0.8282820323467869,0.006036623650093948,0.16568134400311949
18777,0.9494707959892885,0.016717328691473604,0.033811875319236954
18778,0.5758753506351428,0.008613759338519272,0.415510890026338
18779,0.6935689259643225,0.04429250530609589,0.26213856872958174
18780,0.5014643476061391,0.12055414264458042,0.3779815097492805
18781,0.5147888474604491,0.14633004917043188,0.3388811033691188
18782,0.6440811711918127,0.0007042953545448603,0.3552145334536423
18783,0.7724565295134495,0.01796521741720842,0.20957825306934205
18784,0.38897625317026857,0.09604537748231161,0.5149783693474199
18785,0.9389036512038069,0.03849123400222207,0.022605114793971013
18786,0.8204483729968078,0.027773919398534873,0.1517777076046567
18787,0.9428184054084111,0.009147913095038178,0.04803368149654984
18788,0.23740463750675214,0.03156007394753545,0.7310352885457125
18789,0.4916103354335356,0.008009807134281923,0.5003798574321825
18790,0.5500422559341775,0.04035268669795184,0.40960505736787045
18791,0.8814917198489214,0.006127984105949778,0.11238029604512906
18792,0.8637023337127513,0.017727590405932667,0.11857007588131578
18793,0.14169441031283436,0.008820405507708776,0.8494851841794566
18794,0.5447054019778538,0.008663412638434197,0.446631185383712
18795,0.8914227829460085,0.014770697798575573,0.09380651925541651
18796,0.5071330187473826,0.09244360068329222,0.4004233805693251
18797,0.04922401497371132,0.11343852301122585,0.837337462015063
18798,0.28424332203698033,0.040606712114634624,0.675149965848385
18799,0.8563214188164873,0.024948824025310595,0.11872975715820172
18800,0.981484440080564,0.0054167848113208525,0.013098775108115888
18801,0.9607761279685451,0.008107895494068918,0.031115976537385966
18802,0.892728353743728,0.005515642653081244,0.10175600360319059
18803,0.6118951626186958,0.02417033354695207,0.3639345038343524
18804,0.9649488505104811,0.012744888603026815,0.022306260886492003
18805,0.12597307498785984,0.011809556082683834,0.8622173689294563
18806,0.47996084382059884,0.027080802728059485,0.4929583534513418
18807,0.9589181304577856,0.007961169055082554,0.03312070048713222
18808,0.9191967950490711,0.017584796441523304,0.06321840850940527
18809,0.17598961415906075,0.21051774361259654,0.6134926422283427
18810,0.9666790653489553,0.007072992885864172,0.026247941765181058
18811,0.9289426353721527,0.007299316760595675,0.06375804786725194
18812,0.9671284073285612,0.0014643353231084304,0.031407257348331566
18813,0.14627635718770943,0.01159406366009613,0.8421295791521943
18814,0.9639304307227963,0.008668216335321872,0.02740135294188203
18815,0.9364564799204355,0.00583856245696439,0.05770495762260007
18816,0.674709701518096,0.0350888598447967,0.2902014386371078
18817,0.9101660054225956,0.0350108447155675,0.05482314986183706
18818,0.9865770448442587,0.004238138927540015,0.009184816228201607
18819,0.7506953784445829,0.03959206611413311,0.20971255544128384
18820,0.8965341004403592,0.006126186976757889,0.0973397125828831
18821,0.30852206130961357,0.005965893166016851,0.6855120455243698
18822,0.8841364438587618,0.01914095690881283,0.09672259923242578
18823,0.6388801642513824,0.0051702292166706685,0.3559496065319467
18824,0.9533561781637057,0.0032751194976304897,0.04336870233866437
18825,0.7644488184953336,0.014025062130697125,0.22152611937396913
18826,0.9367387025744537,0.008327323410787953,0.05493397401475902
18827,0.9145132885622168,0.005891576941351069,0.07959513449643241
18828,0.8281181599504022,0.004122869301634845,0.16775897074796328
18829,0.773310599937224,0.03335286372889945,0.19333653633387662
18830,0.9451813010401002,0.005786178465083293,0.049032520494815796
18831,0.46060705340939134,0.006642157228422721,0.5327507893621858
18832,0.8372608848301654,0.014430494988108864,0.14830862018172605
18833,0.3715833575326963,0.017193600236130334,0.6112230422311734
18834,0.8547600810106754,0.06580397511961261,0.07943594386971267
18835,0.4746547288480334,0.07170272539332351,0.4536425457586431
18836,0.15880687925333975,0.041640256219493806,0.7995528645271665
18837,0.9720546878250413,0.0019244567123928888,0.026020855462565776
18838,0.9574024222581999,0.007497456057619442,0.03510012168418063
18839,0.972568586164273,0.004800357677075272,0.022631056158652407
18840,0.8065808780404471,0.04772953686317617,0.1456895850963774
18841,0.9442442173808729,0.012813996174348646,0.04294178644477979
18842,0.9497893431452371,0.016930535473986243,0.033280121380777065
18843,0.9279206267275377,0.010361537830754068,0.06171783544170895
18844,0.6889010272740491,0.043411371277126465,0.26768760144882453
18845,0.07218885750430627,0.041658347760018685,0.8861527947356751
18846,0.9423994333534746,0.010074650601055814,0.04752591604547047
18847,0.9503649190381402,0.006866632008685589,0.04276844895317365
18848,0.5018430647835026,0.026799477379302054,0.4713574578371953
18849,0.983664007355658,0.0033162032109146267,0.013019789433428151
18850,0.9128214936189863,0.015258682765051948,0.07191982361596144
18851,0.046689442227418304,0.01386402978236377,0.9394465279902179
18852,0.8128852540033003,0.10430541673606139,0.08280932926063841
18853,0.884488169831514,0.00677617032950576,0.10873565983898104
18854,0.8746323135516005,0.016283827303000223,0.10908385914539977
18855,0.9689186720166892,0.010406083760196364,0.020675244223115116
18856,0.8834141512661992,0.01662699920467148,0.09995884952912944
18857,0.8906327888021854,0.022627967689024482,0.08673924350878945
18858,0.4008716308604226,0.020544286133687435,0.57858408300589
18859,0.2707873829188438,0.16137043586170863,0.5678421812194474
18860,0.16130942430079317,0.02645105242904493,0.8122395232701619
18861,0.9744568514629856,0.005912291634128303,0.019630856902886493
18862,0.9597135882619494,0.007809388465952125,0.03247702327209803
18863,0.6959793481736327,0.028786692856408773,0.2752339589699578
18864,0.13834209918190524,0.007591324387758105,0.8540665764303369
18865,0.09239057934446164,0.008291490916385017,0.8993179297391541
18866,0.9172193637461805,0.008721296901932388,0.07405933935188767
18867,0.3287255568203038,0.001758060247574974,0.6695163829321215
18868,0.9513605279254693,0.008476730889685128,0.04016274118484538
18869,0.9378275386389724,0.0067691235738973595,0.0554033377871303
18870,0.9280440927494719,0.019401614116358618,0.05255429313416915
18871,0.2681975632405361,0.05024229747850022,0.6815601392809635
18872,0.9820965216122757,0.0025727770948129006,0.015330701292911838
18873,0.028995221628395615,0.00814365615048597,0.9628611222211185
18874,0.9745402072871013,0.01150835209783394,0.013951440615064375
18875,0.9409752311858318,0.006231136830797091,0.052793631983370615
18876,0.717797894995461,0.04020517635416537,0.241996928650374
18877,0.2615261878983532,0.04582723384785006,0.6926465782537966
18878,0.9824004750497513,0.0049203737470980375,0.012679151203151875
18879,0.675929212274186,0.006548812234260317,0.3175219754915535
18880,0.07091618718611412,0.007809383742605891,0.9212744290712802
18881,0.9505743181899616,0.006353352616235845,0.04307232919380205
18882,0.6569967228189698,0.01859493227288687,0.3244083449081439
18883,0.9461862148304975,0.011111658417919647,0.04270212675158321
18884,0.9538786781270964,0.01250136708752658,0.03361995478537761
18885,0.9237631041414195,0.008461949404489093,0.06777494645409128
18886,0.5036635953755915,0.08641576409877585,0.40992064052563276
18887,0.9562065223820543,0.008611260253778034,0.035182217364168246
18888,0.15727445601617207,0.039523456800563454,0.8032020871832646
18889,0.970116893942732,0.013330768532853463,0.01655233752441447
18890,0.9636649456919666,0.00661066994271454,0.0297243843653188
18891,0.03836095099515345,0.016121693121693117,0.9455173558831533
18892,0.9645159554410128,0.012070213472920494,0.02341383108606683
18893,0.23339698930175554,0.001837030204643841,0.7647659804936009
18894,0.009676730459039811,0.006884636146579467,0.9834386333943806
18895,0.037946732863394866,0.001681350954478708,0.9603719161821263
18896,0.2164781213453036,0.04222552295938133,0.7412963556953152
18897,0.947536158878259,0.008269998526206709,0.044193842595534404
18898,0.21461663368136716,0.00417899575945553,0.7812043705591774
18899,0.8335734970884487,0.028736350315034263,0.13769015259651732
18900,0.9581062165031277,0.0012303665159606818,0.04066341698091294
18901,0.4414773677379802,0.004211501520218789,0.5543111307418012
18902,0.38706205937316013,0.1663115618117346,0.44662637881510525
18903,0.9366323665755693,0.007435069531334337,0.0559325638930963
18904,0.5375037664293212,0.03144948009098546,0.43104675347969373
18905,0.27942452504731813,0.40593129833865044,0.3146441766140315
18906,0.9653538295357428,0.008277498916404313,0.02636867154785378
18907,0.9289190418128564,0.029668326904683726,0.04141263128245896
18908,0.8087231210522648,0.01989148003248725,0.17138539891524807
18909,0.7100245765927136,0.10205463161076779,0.18792079179651916
18910,0.9611469624987772,0.008451541000388847,0.03040149650083413
18911,0.03862887982940166,0.0007234880389168514,0.9606476321316814
18912,0.18245917967863037,0.0029969252177143592,0.8145438951036557
18913,0.900678663873054,0.020177418142399605,0.07914391798454656
18914,0.1721973098280809,0.006769054919734626,0.8210336352521849
18915,0.09672962988419831,0.06723248184180083,0.8360378882740009
18916,0.9577606202285474,0.01861038335865986,0.023628996412793864
18917,0.43144208874321016,0.1049838232353677,0.4635740880214223
18918,0.9016144155735639,0.024695120872243813,0.07369046355419241
18919,0.9355064719943164,0.015397865343825255,0.049095662661858004
18920,0.8630279698992107,0.028992160399875278,0.10797986970091399
18921,0.8496564169181062,0.016500559376334812,0.13384302370555945
18922,0.8544048291198078,0.017168260323491034,0.12842691055670197
18923,0.6003784436689782,0.023362567301713807,0.37625898902930766
18924,0.9375609855276997,0.012959311953897863,0.04947970251840338
18925,0.4677781752317594,0.08977417490648215,0.4424476498617582
18926,0.9597760845009676,0.005171038978538578,0.035052876520494075
18927,0.9669590587103271,0.0034889314194999107,0.02955200987017348
18928,0.21731478035671226,0.29083657621684095,0.4918486434264467
18929,0.9527806673964306,0.006634081071385233,0.040585251532183786
18930,0.07707682947563761,0.021359136245360164,0.9015640342790026
18931,0.8746710840648457,0.03345322540808388,0.09187569052707023
18932,0.7901623108291452,0.004046745724912474,0.20579094344594265
18933,0.9866189384028272,0.0040301492430743656,0.009350912354098679
18934,0.9640273662088471,0.010692947439111561,0.025279686352041766
18935,0.46278572963210074,0.03152986773048867,0.5056844026374108
18936,0.8627815068638023,0.00670436300405463,0.13051413013214316
18937,0.9527942760607383,0.003930044910353203,0.043275679028908706
18938,0.8007487018438934,0.01794206024172064,0.18130923791438594
18939,0.7876075795774895,0.004037332903400965,0.20835508751910956
18940,0.9352687663955427,0.012404738103919568,0.05232649550053799
18941,0.8805583224487329,0.029520442975835812,0.08992123457543108
18942,0.05334163081134056,0.0203694805884381,0.9262888886002215
18943,0.9535993828695096,0.0019427275062822466,0.044457889624208866
18944,0.9431183210783348,0.010703272048734681,0.04617840687293038
18945,0.9167184667060574,0.0077775459555378314,0.07550398733840387
18946,0.8115259344559538,0.009945915464462773,0.17852815007958361
18947,0.08866766099909813,0.0020789960358925876,0.9092533429650094
18948,0.9455970362048477,0.01931482712108041,0.03508813667407181
18949,0.6500466557511453,0.08621702114931926,0.26373632309953554
18950,0.5096968443274077,0.015130037874507259,0.4751731177980853
18951,0.953090448785606,0.006566550450403954,0.04034300076399122
18952,0.9264879540391877,0.008907083575271677,0.06460496238554102
18953,0.7133803851874592,0.022511488706004865,0.26410812610653583
18954,0.9443426106580213,0.004798081996197512,0.05085930734578199
18955,0.28039304804965615,0.16997591820733446,0.5496310337430095
18956,0.9656070876562084,0.01151598361969171,0.022876928724100132
18957,0.9147763207984311,0.007122955594791707,0.07810072360677699
18958,0.9218124114654114,0.0028611095970336427,0.0753264789375554
18959,0.1535199745266061,0.004574794528920095,0.8419052309444741
18960,0.1671991813714125,0.00850185354313009,0.8242989650854579
18961,0.9318299333718765,0.028114318884609843,0.04005574774351348
18962,0.828613247160553,0.01825515033530193,0.15313160250414562
18963,0.09696697628304611,0.14021217886604578,0.762820844850908
18964,0.8730505891905337,0.0053921994721238655,0.12155721133734161
18965,0.9188207453383848,0.012292931750165452,0.06888632291144949
18966,0.9393235470565253,0.006595346095542651,0.05408110684793159
18967,0.923931526418628,0.007367790940933309,0.06870068264043917
18968,0.9554489495795544,0.008234433443512152,0.03631661697693351
18969,0.04481603434134749,0.025371076226938034,0.9298128894317144
18970,0.9411297347900277,0.010997489800685352,0.04787277540928658
18971,0.011056939915904571,0.008876647822928413,0.9800664122611674
18972,0.02724422079186039,0.0010800582163173066,0.9716757209918224
18973,0.5286550906577793,0.004250564948711097,0.4670943443935093
18974,0.6642360880327617,0.0036552505517210275,0.3321086614155171
18975,0.5665100154994595,0.004002315614761745,0.42948766888577866
18976,0.3159603740907046,0.3907036095491982,0.2933360163600972
18977,0.9531819728164447,0.016994339925577147,0.02982368725797804
18978,0.23784735578753688,0.03322778112870988,0.7289248630837531
18979,0.9156956779859736,0.01872326974637635,0.0655810522676494
18980,0.35033440643474767,0.004071686390781481,0.6455939071744713
18981,0.9418486844288807,0.0042234135359377496,0.05392790203518153
18982,0.9381473830331029,0.008114912767633113,0.053737704199263936
18983,0.33247691406266655,0.01506016995417534,0.6524629159831586
18984,0.08163113307899512,0.017907677563591982,0.9004611893574129
18985,0.9810556560428574,0.002359281337472714,0.016585062619669626
18986,0.6481909670968617,0.011337523906905069,0.34047150899623285
18987,0.7254562020370302,0.01034801072517841,0.2641957872377917
18988,0.9643440578764193,0.009001847982149341,0.026654094141431404
18989,0.9605332481828458,0.007425233656529203,0.03204151816062476
18990,0.9720106684146037,0.003978503533861899,0.024010828051534545
18991,0.9483812273493906,0.012211577797959252,0.0394071948526497
18992,0.1637049146788647,0.009936013454639977,0.8263590718664952
18993,0.016402200305859305,0.00275286825848397,0.9808449314356568
18994,0.9013758664705371,0.00986059707252616,0.08876353645693714
18995,0.035892627840206776,0.0012361272934095211,0.9628712448663839
18996,0.45660126529065576,0.3200837474654284,0.22331498724391594
18997,0.14469267646766493,0.007614936076416677,0.8476923874559185
18998,0.49890398956030085,0.09520889801495022,0.40588711242474884
18999,0.8030546345636721,0.055246769810922816,0.141698595625405
19000,0.9235591941780873,0.007693737805640901,0.06874706801627237
19001,0.1683075157963516,0.011682558266938592,0.8200099259367096
19002,0.7994929230890456,0.026979182774267408,0.17352789413668707
19003,0.7650859787923113,0.03538134746599663,0.19953267374169226
19004,0.8447019426072467,0.012720664772882235,0.14257739261987112
19005,0.9473978104149122,0.023143615745074418,0.029458573840015313
19006,0.28601146957504453,0.0472664323184337,0.6667220981065215
19007,0.9620492568089897,0.011279182507317803,0.02667156068369295
19008,0.8745043969814074,0.023815755382888455,0.10167984763570458
19009,0.603716151121788,0.004501985390379112,0.39178186348783295
19010,0.11267768462093135,0.019812267122014844,0.8675100482570537
19011,0.7881491724268109,0.003942956129421136,0.20790787144376832
19012,0.9680544804431128,0.0045889972484257635,0.02735652230846173
19013,0.5954977805554145,0.009106032157407393,0.395396187287178
19014,0.5870971480508943,0.11043705061342553,0.3024658013356805
19015,0.2202949791587723,0.0017777777777777776,0.7779272430634498
19016,0.9724498230559686,0.011276826055402981,0.016273350888627868
19017,0.6904170050158686,0.004293122875101537,0.3052898721090303
19018,0.9200750471132261,0.01066932926455785,0.06925562362221713
19019,0.6441872685517203,0.009238959753915922,0.3465737716943639
19020,0.9627459178917377,0.013051681558808294,0.024202400549454498
19021,0.1256619090472264,0.04214616778400554,0.832191923168768
19022,0.9610051753667862,0.004838845827615304,0.03415597880559862
19023,0.690327469881044,0.06527040641676761,0.24440212370218817
19024,0.979565054589641,0.0029788979804169203,0.01745604742994315
19025,0.7877874007246538,0.0096008883809877,0.20261171089435887
19026,0.9575873359395721,0.0024145574159487684,0.0399981066444794
19027,0.011233706117854202,0.00023836888122351482,0.9885279250009226
19028,0.6763789231540976,0.00704369138631115,0.3165773854595909
19029,0.6227956598413785,0.0018656653850549557,0.37533867477356603
19030,0.15187198779202588,0.0869632787892656,0.7611647334187084
19031,0.38460021143111317,0.09161614273222116,0.5237836458366655
19032,0.035850845204010565,0.010384238989518431,0.9537649158064714
19033,0.8992977523690566,0.00981463035223245,0.09088761727871184
19034,0.9214139222436117,0.0010662466415080007,0.07751983111488063
19035,0.6738491130981599,0.04497308743742927,0.28117779946441057
19036,0.9602913352966048,0.007753923517335609,0.031954741186059316
19037,0.9507928912653785,0.006979325854568889,0.04222778288005262
19038,0.8662158891167286,0.01841327698940831,0.1153708338938633
19039,0.909243220598928,0.03282777155197422,0.057929007849097866
19040,0.7303050260820391,0.020542632491424084,0.24915234142653706
19041,0.11920443290090663,0.00014157354273633345,0.8806539935563571
19042,0.9846941839873394,0.0028053547475482975,0.012500461265112317
19043,0.9402771914361622,0.006222252289802748,0.0535005562740348
19044,0.8572817098851495,0.02380410998398966,0.11891418013086008
19045,0.9820563445275515,0.002399469928725742,0.015544185543723017
19046,0.477287591743025,0.18386142378924503,0.33885098446772993
19047,0.9726439479596367,0.005145685167620161,0.022210366872742617
19048,0.15199586520143113,0.002329589907338834,0.8456745448912303
19049,0.9547003232414033,0.010635903879926481,0.03466377287866973
19050,0.7989453982548927,0.00841836789986591,0.19263623384524092
19051,0.9426646195974926,0.015638612355515242,0.04169676804699206
19052,0.9698496327749266,0.0038531328363127946,0.026297234388760995
19053,0.7536854284442674,0.0043517937412897245,0.2419627778144429
19054,0.04687293519779104,0.0005759155983241178,0.9525511492038848
19055,0.6117909288092352,0.021756209379713586,0.36645286181105147
19056,0.8537747829769099,0.01891522290880809,0.12730999411428237
19057,0.973592992060324,0.00799700209860667,0.01841000584106958
19058,0.9456113277527441,0.014771111671802851,0.039617560575452515
19059,0.9487683356076624,0.011357377926309293,0.03987428646602802
19060,0.9110339408349347,0.008676372724773628,0.08028968644029093
19061,0.8340467347710626,0.0048729992280001355,0.16108026600093703
19062,0.9244765487755326,0.00948805692261035,0.06603539430185715
19063,0.1437112395188033,0.041766044679156684,0.8145227158020402
19064,0.9535615100308877,0.007441043881435933,0.03899744608767661
19065,0.024409412107809503,0.00644260794367766,0.9691479799485131
19066,0.9392125191841856,0.00795231541757898,0.05283516539823627
19067,0.5990928087006734,0.07615885130086894,0.32474833999845776
19068,0.665150475271589,0.07995951571279986,0.25489000901561115
19069,0.10462527950924642,0.03435648720586198,0.8610182332848918
19070,0.01974193350994582,0.0020558444328725757,0.9782022220571819
19071,0.9683510397169263,0.008231334958590604,0.02341762532448316
19072,0.9204382402759548,0.0070093051585311365,0.07255245456551425
19073,0.043037468423309126,0.002402736576946447,0.9545597949997451
19074,0.6522528272248238,0.007198820727980345,0.3405483520471959
19075,0.935476415884219,0.0073818572674179085,0.05714172684836272
19076,0.3923951818388012,0.021767436465640323,0.585837381695559
19077,0.3767331932300369,0.1138287249140962,0.5094380818558667
19078,0.9871337278233716,0.0023189862131508237,0.010547285963477997
19079,0.9681565844054137,0.009380306152212288,0.022463109442374396
19080,0.17831172011989052,0.06563047059186669,0.7560578092882427
19081,0.9467021714188358,0.0046673421076161925,0.04863048647354779
19082,0.0735283541757672,0.0005494295111740198,0.925922216313059
19083,0.7681952468068779,0.10683266476321758,0.12497208842990484
19084,0.822354960544237,0.0789770712899684,0.09866796816579469
19085,0.9491717074896178,0.010041313832427646,0.04078697867795507
19086,0.11577127714295171,0.0026145316712892458,0.8816141911857592
19087,0.9588178831206687,0.02147394225856442,0.019708174620766617
19088,0.9724964003048584,0.007988567723469932,0.019515031971671988
19089,0.9708877674132956,0.004080125963911626,0.025032106622793253
19090,0.9392383699765817,0.0324490159225792,0.028312614100839954
19091,0.39857233820101473,0.22619848207348203,0.3752291797255033
19092,0.9808049463542071,0.0031784705245216493,0.01601658312127153
19093,0.08604670580606438,0.0055049319140701965,0.9084483622798657
19094,0.8385420351743764,0.017708094288036852,0.14374987053758737
19095,0.9514366337172303,0.008284076370700968,0.040279289912069034
19096,0.7163743163082583,0.05820077691929358,0.2254249067724489
19097,0.22196956005309468,0.05840506361546764,0.7196253763314376
19098,0.5942605404880177,0.05907342649945401,0.3466660330125284
19099,0.24524445611577964,0.20058309990662931,0.554172443977591
19100,0.9253472020687997,0.012150848597450421,0.06250194933375046
19101,0.9734658758188041,0.006961617319558182,0.019572506861637664
19102,0.9402624039167765,0.006499289867298442,0.05323830621592479
19103,0.9421836725484402,0.004115215291903996,0.053701112159656325
19104,0.14476797975830927,0.021124840973838283,0.8341071792678526
19105,0.05906620467680599,0.11445346242598399,0.82648033289721
19106,0.9398557711735793,0.006187296116038597,0.05395693271038202
19107,0.3030992806811072,0.07877983614227912,0.6181208831766145
19108,0.9502305698473219,0.0064705785583098405,0.043298851594368394
19109,0.9510861614341428,0.0127179657988052,0.036195872767052224
19110,0.9013773112568038,0.03159921267842545,0.06702347606476994
19111,0.7775876571341612,0.00974515016206837,0.2126671927037706
19112,0.9575226817541272,0.004567485976758328,0.03790983226911442
19113,0.1201127029536304,0.03504709130871964,0.84484020573765
19114,0.7504784329040213,0.02440362348387846,0.22511794361210022
19115,0.22152211677117356,0.06826701703062975,0.7102108661981966
19116,0.3643488906077999,0.026860211599925302,0.6087908977922752
19117,0.5693614291853429,0.18393300174842972,0.24670556906622798
19118,0.981686682893101,0.006294328299462232,0.012018988807437367
19119,0.9642472340725099,0.012007679191984758,0.02374508673550533
19120,0.9623817776994289,0.007105564178723867,0.030512658121847155
19121,0.9358806513173079,0.006748680247926955,0.057370668434764814
19122,0.8643521286369349,0.016044825981927063,0.11960304538113799
19123,0.1089967320244899,0.0003773448773448773,0.890625923098165
19124,0.9691888037378062,0.006432680050331395,0.024378516211862385
19125,0.7786882763887623,0.031281218442077895,0.19003050516915967
19126,0.19331961851911736,0.01927671393209841,0.787403667548785
19127,0.0801955048577455,0.03039928961242696,0.8894052055298277
19128,0.009577145256375433,6.794380346139813e-05,0.9903549109401633
19129,0.9780116676986569,0.0049721233589883175,0.017016208942355344
19130,0.776330870538817,0.011139512107996241,0.21252961735318693
19131,0.05073146929927976,0.04503472222222222,0.904233808478498
19132,0.7177409555434764,0.020554129854487322,0.2617049146020363
19133,0.0956140158316629,0.028805084784496546,0.8755808993838408
19134,0.022683580606544334,0.0003610818237435229,0.9769553375697125
19135,0.08607344541233682,0.010600531946685792,0.9033260226409777
19136,0.2029231005540778,0.005933879752236484,0.7911430196936856
19137,0.8947188841055629,0.0029870343041807166,0.10229408159025648
19138,0.7337262117109866,0.0930317613036883,0.17324202698532631
19139,0.6055758298296695,0.01173138372507589,0.3826927864452547
19140,0.8412637435770226,0.04255361081956089,0.11618264560341665
19141,0.9191395345786274,0.03167889566537759,0.04918156975599517
19142,0.8926876285346977,0.014452441802903365,0.09285992966239857
19143,0.9691758410876761,0.006294666979286199,0.024529491933037103
19144,0.26996671831363206,0.03118279918379151,0.6988504825025763
19145,0.9388488523192131,0.008879125629477796,0.05227202205130946
19146,0.030188444290487747,0.0067861690196509596,0.9630253866898617
19147,0.956205804220355,0.0032300421408995926,0.04056415363874509
19148,0.9611545556216845,0.005165846413708339,0.03367959796460738
19149,0.3214072574824844,0.008781697011344777,0.6698110455061711
19150,0.008567111959287532,0.00020833333333333335,0.9912245547073791
19151,0.25424499254253435,0.11971444117554933,0.6260405662819162
19152,0.4380848147146001,0.11794794007571244,0.44396724520968783
19153,0.9773694175357661,0.003707684048504527,0.01892289841572981
19154,0.0736817582052024,0.011471237891827602,0.9148470039029702
19155,0.47698086843045207,0.02660454025456355,0.49641459131498417
19156,0.9018164519200783,0.01643209689940941,0.08175145118051272
19157,0.7395668885690617,0.02378187154548826,0.23665123988544992
19158,0.9236082122856972,0.014641485111301812,0.06175030260300106
19159,0.8896903614356446,0.018028848171419695,0.09228079039293577
19160,0.8860035427592217,0.004950716942228275,0.10904574029855016
19161,0.939507124258138,0.007153596188891518,0.05333927955297086
19162,0.6392931836117065,0.05897071333892888,0.3017361030493641
19163,0.7211128504620006,0.028866008501317188,0.2500211410366824
19164,0.9398792408659972,0.03150867206501757,0.02861208706898561
19165,0.8186392152028202,0.08688701652961335,0.09447376826756655
19166,0.8670946202379071,0.03809622211987713,0.09480915764221555
19167,0.9651366274653101,0.0039815328943725425,0.03088183964031692
19168,0.39148318702551593,0.03154675641449028,0.5769700565599938
19169,0.8604911163969262,0.026253577778216273,0.11325530582485782
19170,0.9359680956609302,0.01483156627364401,0.04920033806542568
19171,0.9094415369013152,0.003042359672059704,0.0875161034266254
19172,0.981609241929399,0.0023147206808745674,0.01607603738972723
19173,0.96385125003706,0.008860674160537534,0.02728807580240278
19174,0.9255948471075279,0.02716391028782362,0.047241242604648216
19175,0.7210969351832324,0.017718654408286686,0.2611844104084808
19176,0.9741856905096965,0.006270240271972869,0.019544069218331243
19177,0.8990539567255009,0.0089984910633203,0.09194755221117887
19178,0.0916664329594762,0.020790991265207334,0.8875425757753165
19179,0.8739718977341849,0.008064224446710407,0.11796387781910449
19180,0.1565081668781493,0.0003961868081412991,0.8430956463137095
19181,0.04865024209906467,0.004049187897485031,0.9473005700034507
19182,0.8387587212899872,0.011922642739133568,0.14931863597087983
19183,0.9656791864708724,0.012973906488343762,0.0213469070407831
19184,0.6361789021097792,0.01909533303958623,0.3447257648506343
19185,0.2088141432975728,0.11129651769524737,0.6798893390071796
19186,0.9623389542163073,0.007338399522609989,0.03032264626108334
19187,0.244746909147626,0.013613884669588907,0.7416392061827857
19188,0.7008346881587386,0.044843666737455434,0.25432164510380567
19189,0.969083004980424,0.0032400515944475063,0.027676943425129358
19190,0.9698434124003859,0.01007175662099425,0.020084830978619496
19191,0.041120833164905723,0.0031634862310793393,0.9557156806040151
19192,0.5238469522554325,0.14190100029461214,0.3342520474499556
19193,0.9753680465534365,0.0041852688647059195,0.020446684581857347
19194,0.8780412305402371,0.025606353106831972,0.0963524163529317
19195,0.25065259296046144,0.1171898407367082,0.6321575663028307
19196,0.02223351955213077,0.00024877748031237716,0.9775177029675569
19197,0.9774987529197137,0.0038619434867174164,0.01863930359356869
19198,0.1563340586952937,0.07635322093264968,0.7673127203720567
19199,0.9423612433167229,0.007581186317968799,0.050057570365307974
19200,0.05721292566927513,0.02192919789785699,0.9208578764328678
19201,0.9653736049579504,0.012484766326733477,0.022141628715315977
19202,0.22829378110333204,0.009966269127788,0.7617399497688804
19203,0.014465309107677288,0.022232875606234524,0.9633018152860884
19204,0.9313464276234993,0.008105301054924623,0.060548271321575885
19205,0.16676890147179252,0.0019552226953193593,0.8312758758328885
19206,0.9632073668193023,0.012717990599873621,0.024074642580824025
19207,0.05190698107395038,0.0004572001532189863,0.947635818772831
19208,0.6513018324680055,0.024827299077019926,0.3238708684549746
19209,0.05585117231047945,0.0022239662003520973,0.941924861489169
19210,0.8967677630852168,0.025958771722726183,0.07727346519205684
19211,0.9143637055951678,0.027822060245723285,0.05781423415910844
19212,0.11433817011049283,0.0019678271769660595,0.8836940027125411
19213,0.9824541247299438,0.007494069449396192,0.010051805820660786
19214,0.9045955230595568,0.039394764036060174,0.056009712904382405
19215,0.7853515571111933,0.013793712007414574,0.2008547308813927
19216,0.9548029545074828,0.015451515395287512,0.029745530097230546
19217,0.9613116532482419,0.005863438810313489,0.032824907941445325
19218,0.49921369410503985,0.10393172619564432,0.3968545796993159
19219,0.6455353110828422,0.1347320334573257,0.219732655459832
19220,0.9312936183180085,0.012333569114227262,0.05637281256776448
19221,0.6998827768634793,0.015703066395838253,0.28441415674068227
19222,0.48549867086904425,0.1494205176111984,0.36508081151975724
19223,0.5060002566592867,0.007756952430717689,0.48624279090999567
19224,0.9835772752167817,0.002703812479466523,0.013718912303752134
19225,0.2382055863536921,0.013793962534622691,0.7480004511116853
19226,0.8653349708496607,0.023049637553974007,0.11161539159636596
19227,0.9806164607442971,0.0043749530516298644,0.015008586204074097
19228,0.5745289013719646,0.02400660142090948,0.4014644972071259
19229,0.7954408218850679,0.057071529877661537,0.14748764823727045
19230,0.0349252033697491,0.005570436507936508,0.9595043601223144
19231,0.9064080264607329,0.007944684738169623,0.08564728880109755
19232,0.9677725024475783,0.016489541551275924,0.01573795600114608
19233,0.29277554929108385,0.17225941189964247,0.5349650388092738
19234,0.8840949963301644,0.016406405484037826,0.09949859818579787
19235,0.952112566637556,0.004943474630641212,0.04294395873180291
19236,0.09667483284283412,0.04945986744906483,0.853865299708101
19237,0.9419855170474667,0.012170974887667243,0.045843508064865236
19238,0.439049611615705,0.16495288089105586,0.3959975074932392
19239,0.452487098376365,0.24087868473992174,0.3066342168837135
19240,0.962479559408091,0.006065813198277126,0.031454627393631814
19241,0.9883824272853041,0.0022993843503839265,0.00931818836431234
19242,0.9563915911378965,0.004397548671262616,0.03921086019084112
19243,0.9573311202168462,0.009588531594853199,0.033080348188301106
19244,0.2652854973286484,0.008318901100534863,0.7263956015708167
19245,0.2605563358048652,0.14155768121062237,0.5978859829845126
19246,0.15111489226140049,0.012638002726286629,0.8362471050123129
19247,0.9724384064878073,0.0026469005816841073,0.024914692930509595
19248,0.6963683847142281,0.026541527812389214,0.2770900874733821
19249,0.049082828955615776,0.010903393643036307,0.9400137774013478
19250,0.8468078285275321,0.03321807028001781,0.11997410119244982
19251,0.7356137590970655,0.005328166948214124,0.25905807395472036
19252,0.9141455861546407,0.004151272365089252,0.08170314148027005
19253,0.955887521229377,0.017228529912459968,0.026883948858163257
19254,0.32380237166285725,0.14086149515481758,0.5353361331823252
19255,0.9487181160121105,0.01665417221044298,0.03462771177744666
19256,0.5061145731837915,0.029651412747224968,0.4642340140689843
19257,0.5699845982626023,0.02749940825123828,0.40251599348615935
19258,0.3195776834192211,0.2079307543938884,0.4724915621868906
19259,0.959321336962351,0.018429355766278865,0.022249307271370342
19260,0.9380516327039483,0.024619394957578897,0.037328972338473425
19261,0.869847545509948,0.014599358844442105,0.11555309564561068
19262,0.4975141070981306,0.0179201188137162,0.484565774088153
19263,0.9009175151152053,0.01619609245260442,0.08288639243219112
19264,0.9438060037878925,0.007012125177909974,0.04918187103419736
19265,0.5297279895731313,0.008121192865954878,0.46215081756091403
19266,0.20608247478782193,0.044318602033374156,0.7495989231788044
19267,0.9125034549187715,0.011642901612258878,0.07585364346896999
19268,0.896826476280496,0.017258139693250407,0.08591538402625283
19269,0.9398628489184759,0.008346143140153013,0.05179100794137126
19270,0.9274639490106306,0.018360040943269703,0.05417601004610017
19271,0.9487541331918553,0.012066380905972578,0.039179485902172635
19272,0.9266397341099679,0.014603413574817307,0.05875685231521409
19273,0.9611370665615414,0.0026569199967420905,0.036206013441717616
19274,0.5752852271706547,0.03848385660265077,0.3862309162266943
19275,0.8650813125962924,0.026239607279198975,0.10867908012450854
19276,0.06193756500414591,0.02721153494259651,0.9108509000532578
19277,0.9809868763658713,0.0024971874223351804,0.0165159362117939
19278,0.10876982229353395,0.04455073425317546,0.8466794434532907
19279,0.6155967185498136,0.007162356059266578,0.3772409253909197
19280,0.5649751198142359,0.00954843470016229,0.4254764454856019
19281,0.9123221150557878,0.02722527742387965,0.06045260752033317
19282,0.9758400781226697,0.002697338975183461,0.021462582902147663
19283,0.8192154194779089,0.07151712254690043,0.10926745797519087
19284,0.9556846960790536,0.010501177251004575,0.03381412666994211
19285,0.02987966771918283,0.0019422316582070672,0.9681781006226104
19286,0.9482359609245824,0.02987935643005575,0.021884682645362866
19287,0.9841373775972754,0.005474465880005146,0.010388156522719977
19288,0.9458723213030135,0.006608683036465504,0.047518995660521215
19289,0.8730999722749808,0.037204128152026984,0.08969589957299248
19290,0.9815254348181368,0.0027720130767960633,0.015702552105067536
19291,0.3512484140973544,0.014479695917265107,0.63427188998538
19292,0.07620482105416777,0.023563040678161846,0.9002321382676705
19293,0.2166837925375485,0.01964318047751926,0.7636730269849321
19294,0.8069838093601731,0.06424795566623939,0.1287682349735869
19295,0.7979682107280813,0.010842507863551287,0.19118928140836758
19296,0.542533559260944,0.03422071653655313,0.4232457242025028
19297,0.927426466591989,0.006758364321717691,0.06581516908629313
19298,0.9589043570355265,0.004983685517031511,0.03611195744744286
19299,0.9701825137624276,0.009107250439455681,0.020710235798116428
19300,0.9392836265700123,0.008083910444005164,0.05263246298598306
19301,0.898550840672144,0.01529443460417995,0.08615472472367626
19302,0.2269542181921247,0.0023246402825354935,0.77072114152534
19303,0.9268269642246467,0.007861436842610113,0.06531159893274235
19304,0.8620975052141223,0.017857890079411496,0.1200446047064659
19305,0.9306023745187497,0.013051413306222129,0.05634621217502891
19306,0.6902987211184325,0.08002378835414349,0.22967749052742395
19307,0.5175923087964469,0.10740819057677024,0.37499950062678306
19308,0.8736005269850293,0.009694219857818891,0.11670525315715162
19309,0.9293110949125535,0.004583007133433233,0.06610589795401339
19310,0.8765493474645003,0.007538731230243746,0.11591192130525603
19311,0.5923539698218577,0.18296899775332584,0.2246770324248167
19312,0.9553959299934959,0.007753596871993651,0.036850473134510446
19313,0.8215212822835903,0.010686822500856993,0.1677918952155528
19314,0.5515018612900804,0.015178641083477818,0.4333194976264418
19315,0.8745673541803346,0.022718203925505817,0.10271444189416029
19316,0.5996848680766863,0.013936293766468478,0.3863788381568452
19317,0.026601585152101027,0.05464732768483914,0.9187510871630596
19318,0.2709523374884824,0.01805894423401894,0.7109887182774987
19319,0.3469828754316696,0.012349638197165566,0.6406674863711649
19320,0.3575677387351048,0.07155412505640185,0.5708781362084935
19321,0.904165478742922,0.03604907261882995,0.0597854486382476
19322,0.536286751925333,0.0635682953424159,0.4001449527322513
19323,0.9070478157540157,0.008222815003936517,0.08472936924204856
19324,0.9236260485851598,0.016484904643080465,0.059889046771759845
19325,0.9337279212134877,0.015680321432571063,0.05059175735394178
19326,0.7653595663966601,0.019295676559818665,0.215344757043521
19327,0.8670353000452539,0.04289909107004761,0.09006560888469899
19328,0.917768768616752,0.029384258557325252,0.05284697282592274
19329,0.958207743888236,0.0018279140280356865,0.03996434208372889
19330,0.7526949643114791,0.07167601256462557,0.1756290231238955
19331,0.14271097766485807,0.13532514346258126,0.7219638788725606
19332,0.8888476423172633,0.01203002059255549,0.09912233709018121
19333,0.7842637677695943,0.03623940192223334,0.1794968303081726
19334,0.9409139648631518,0.013563165021229147,0.04552287011561808
19335,0.7734018523750269,0.023393356248618734,0.20320479137635442
19336,0.22462340731347785,0.01136487872133474,0.7640117139651874
19337,0.9829669302711669,0.003475434284025902,0.013557635444807582
19338,0.9366350880491248,0.007078850258876268,0.056286061691998165
19339,0.9125882448310512,0.006418793828747742,0.08099296134020127
19340,0.2459443272085018,0.0021902754161360655,0.7518653973753622
19341,0.9546316980282145,0.010446189783507163,0.03492211218827853
19342,0.9107464213630879,0.013308168364568556,0.07594541027234344
19343,0.02291778778642717,0.00098614615794988,0.9760960660556228
19344,0.9413289186701639,0.017911882884198364,0.04075919844563816
19345,0.9832886907532128,0.004048012378683947,0.012663296868103609
19346,0.7054266153673943,0.03043086392284603,0.26414252070975935
19347,0.9187637918176577,0.008197526434914235,0.07303868174742888
19348,0.778338140742233,0.08700847191797574,0.13465338733979157
19349,0.15025079455201146,0.00359067862356817,0.8461585268244207
19350,0.9221877737910864,0.015129149991738415,0.06268307621717426
19351,0.7589213927182366,0.014368397814315606,0.22671020946744808
19352,0.6286247586923486,0.043132413586990805,0.32824282772066077
19353,0.9853703392459036,0.0025010786801968766,0.012128582073899982
19354,0.9674190171871027,0.008546258379775403,0.024034724433122868
19355,0.9265384831116644,0.016351469992365274,0.0571100468959705
19356,0.7552961599547892,0.08503468104694595,0.15966915899826462
19357,0.9334637262746494,0.005759540461713093,0.06077673326363757
19358,0.9518345008358816,0.006718332773576175,0.04144716639054285
19359,0.7922460250004,0.0043740235074320195,0.2033799514921686
19360,0.3458335923887977,0.03262926516056356,0.6215371424506386
19361,0.9832546176812381,0.0016926418082102545,0.01505274051055238
19362,0.5723607870478405,0.14910776109487872,0.2785314518572808
19363,0.8020699241509042,0.004580909701297009,0.19334916614779893
19364,0.4554595876563702,0.0026956321480422524,0.5418447801955878
19365,0.7379612302962987,0.15178006833971977,0.11025870136398114
19366,0.7490480252130985,0.02973260896374261,0.22121936582315935
19367,0.8702411552656881,0.015791462098539353,0.11396738263577331
19368,0.9811494640789817,0.002258129890287667,0.016592406030730672
19369,0.7679490422774606,0.0477679874084137,0.18428297031412588
19370,0.8908030931189166,0.016521017008161287,0.0926758898729232
19371,0.9279206738153979,0.008749712043815194,0.06332961414078793
19372,0.9714669925500785,0.004993529214038586,0.023539478235884
19373,0.9831449711362225,0.0020380809440944518,0.014816947919683044
19374,0.5709192517090923,0.009997392554466376,0.4190833557364415
19375,0.8816926892111896,0.006438235032417157,0.11186907575639357
19376,0.9138602909712065,0.013872093258369146,0.07226761577042443
19377,0.01176207255690907,5.1600560987518145e-05,0.9881863268821036
19378,0.9666394122233787,0.002408301936940536,0.03095228583968113
19379,0.1823642531976938,0.013590182018544944,0.8040455647837614
19380,0.8271215941970353,0.013556118907848051,0.1593222868951164
19381,0.9775022740915355,0.0023106952891308818,0.020187030619333832
19382,0.247820117661933,0.060827037593520546,0.6913528447445465
19383,0.823683796540527,0.033458758560924846,0.14285744489854812
19384,0.8618591268194769,0.026498787096304335,0.11164208608421847
19385,0.8104922368059412,0.007377302031214347,0.1821304611628442
19386,0.3220152974679963,0.0035205494206471313,0.6744641531113564
19387,0.8649332449365356,0.017288927820643375,0.11777782724282097
19388,0.9048965404910382,0.0069727645586689325,0.08813069495029345
19389,0.7960712528163121,0.022225641790766644,0.18170310539292098
19390,0.09258241428294768,0.0020333066287408328,0.9053842790883118
19391,0.9678198972628296,0.011756872820196588,0.020423229916974005
19392,0.9421373281813534,0.019007510986158396,0.038855160832488404
19393,0.2972851997945122,0.007861911050432015,0.6948528891550558
19394,0.9322879702037632,0.008770773933914833,0.058941255862322336
19395,0.944078260585838,0.006725211705699187,0.049196527708462674
19396,0.957743851055083,0.0036480935899043834,0.03860805535501251
19397,0.9671647434196922,0.008504870203151764,0.024330386377156
19398,0.030021013696838062,0.007409505468854208,0.9625694808343076
19399,0.4401211680621288,0.015135658709094427,0.5447431732287773
19400,0.8686177934193321,0.006678842705588977,0.12470336387507885
19401,0.5088785798219707,0.03977019113862028,0.45135122903940905
19402,0.8385203040622196,0.03241848968872926,0.12906120624905162
19403,0.9195385706719933,0.005390700922903399,0.07507072840510425
19404,0.9148996901563178,0.013405651800105136,0.07169465804357718
19405,0.9670866162369262,0.0072298546886805076,0.025683529074393023
19406,0.06108732348452726,0.008518653437567272,0.9303940230779056
19407,0.9779642970658008,0.0030284499928071376,0.019007252941391824
19408,0.8732488128205462,0.009238444726564097,0.11751274245289027
19409,0.33430252581752723,0.02332771119649165,0.642369762985981
19410,0.9462452770264481,0.018098404886996634,0.035656318086556206
19411,0.9750659327399882,0.010611142219733402,0.014322925040279906
19412,0.583439636169512,0.09538908854820331,0.3211712752822844
19413,0.013663619139363868,0.0005825611459977819,0.9857538197146387
19414,0.19252013504550358,0.0016296462538069945,0.8058502187006898
19415,0.9814048507357783,0.0028019655651428414,0.015793183699079134
19416,0.34481788032330374,0.027770232730097048,0.6274118869465994
19417,0.21639016935702549,0.1410284411850506,0.6425813894579239
19418,0.9430082840174022,0.004246739963002348,0.05274497601959507
19419,0.37485162473158423,0.0625173389229809,0.5626310363454351
19420,0.9732688415041685,0.004747936017542897,0.0219832224782878
19421,0.886216110060419,0.010153822030288865,0.10363006790929198
19422,0.9371338254356948,0.009569858221801918,0.053296316342503355
19423,0.9786898763526466,0.0019406861336330608,0.019369437513720878
19424,0.9364209881173903,0.006748062115902404,0.05683094976670719
19425,0.8622980927327033,0.036814622820888133,0.10088728444640838
19426,0.6238877950786087,0.011402485403511357,0.36470971951788006
19427,0.8750113693345213,0.010165747772265163,0.11482288289321343
19428,0.013805442053759422,0.00032693278055983166,0.9858676251656809
19429,0.982505657743738,0.0036149087088034903,0.013879433547459144
19430,0.45814212845540275,0.07828323407830873,0.4635746374662886
19431,0.6877849447601152,0.09299097211685135,0.21922408312303326
19432,0.22016511578692927,0.004053182117716993,0.775781702095354
19433,0.7780287332904258,0.035802701161266895,0.1861685655483074
19434,0.9373333736504444,0.009707523474937797,0.052959102874618066
19435,0.9576248619757499,0.010678595734242215,0.0316965422900078
19436,0.1766824057259573,0.1171937546707849,0.7061238396032576
19437,0.9712792867094167,0.004476787343865728,0.024243925946718373
19438,0.29873509422782957,0.061540686684583824,0.6397242190875869
19439,0.8617996256767081,0.02025266372846688,0.11794771059482566
19440,0.8567499515856423,0.014946796668188368,0.1283032517461699
19441,0.0937437469308142,0.000952972384085868,0.9053032806851004
19442,0.9256542660638238,0.009946774616941706,0.06439895931923384
19443,0.05417965570230924,0.01651447362507406,0.9293058706726168
19444,0.8606623160109141,0.014651272148757177,0.12468641184032957
19445,0.9739038432358283,0.001837222413297255,0.024258934350875342
19446,0.9697560565642082,0.005820955771118387,0.024422987664674104
19447,0.9284622876488872,0.01336753859371413,0.05817017375739897
19448,0.9575316005817226,0.0074360621088901966,0.03503233730938693
19449,0.005311098276821532,0.0034222453026154284,0.9912666564205631
19450,0.3206169507376546,0.004690468553779846,0.6746925807085656
19451,0.8911401531429604,0.020250558771564384,0.08860928808547508
19452,0.12883547503939247,0.013609070345219099,0.8575554546153885
19453,0.9685116901084269,0.011527758410614574,0.019960551480958322
19454,0.8087687797361869,0.0186828487097937,0.17254837155401948
19455,0.9619854669799588,0.004906021659406938,0.033108511360635064
19456,0.40842093052726414,0.009624515559672397,0.581954553913064
19457,0.015825156181588255,0.004088638401989425,0.9800862054164228
19458,0.7114753877616378,0.010832979744237827,0.2776916324941246
19459,0.869833879379494,0.006586796013320283,0.12357932460718592
19460,0.37825581284716575,0.025446426827491493,0.5962977603253424
19461,0.883603229421094,0.022529805388514932,0.09386696519039157
19462,0.529722379218354,0.00990686457285732,0.4603707562087889
19463,0.9300697541110446,0.017287057737409593,0.05264318815154509
19464,0.6397279765835879,0.05491819255944115,0.30535383085697054
19465,0.9770707913907832,0.005337947283640083,0.017591261325578048
19466,0.9797212615729947,0.0031716324246825367,0.017107106002323416
19467,0.7497846111364168,0.019709235520795513,0.23050615334278732
19468,0.9623971234542269,0.004050684656986075,0.03355219188878746
19469,0.031116139414690575,0.0005439449665186788,0.9683399156187911
19470,0.8660017712600111,0.023784418775256232,0.11021380996473297
19471,0.43698946125004395,0.11907512655073992,0.4439354121992162
19472,0.20789579597841581,0.007676118103384271,0.7844280859182005
19473,0.833533480927979,0.03067006454652635,0.13579645452549508
19474,0.5117542803347804,0.14505410216671016,0.3431916174985092
19475,0.9322185893493179,0.006078196717090916,0.061703213933590344
19476,0.20619878725950658,0.10289163695919497,0.6909095757812985
19477,0.9572838554837169,0.00745059997944409,0.0352655445368397
19478,0.30600638563982285,0.024822683514672938,0.669170930845504
19479,0.7160652310916278,0.011842601180558758,0.27209216772781347
19480,0.18255065564051295,0.06862059153802397,0.7488287528214631
19481,0.037168589067118486,0.0026437633729019276,0.9601876475599797
19482,0.6989751005344625,0.01924422905529018,0.2817806704102474
19483,0.9692200425222022,0.017299887689083242,0.01348006978871438
19484,0.6600885161412138,0.032469222585043124,0.30744226127374313
19485,0.17216707350405294,0.007156493191403271,0.8206764333045437
19486,0.6829612272581617,0.038187576590279444,0.2788511961515598
19487,0.8816330786061849,0.04238061542645718,0.07598630596735768
19488,0.668068972488711,0.029383226007645872,0.30254780150364335
19489,0.9561598549099244,0.003810612110064767,0.04002953298001097
19490,0.9462342253382261,0.010666173610990317,0.04309960105078378
19491,0.93840134672373,0.007746932168507852,0.053851721107762325
19492,0.9564200326251268,0.014061484584468506,0.029518482790405212
19493,0.08367589655101425,0.011348427686656918,0.9049756757623288
19494,0.10939603880849795,0.21176857465094365,0.6788353865405583
19495,0.9377791124095577,0.01876814253106038,0.043452745059382195
19496,0.9296897244073993,0.019727870508473272,0.05058240508412689
19497,0.9307419758286983,0.008322836011726197,0.06093518815957568
19498,0.4799280612543194,0.034434580924338924,0.4856373578213416
19499,0.9671797047423301,0.012605589985698166,0.02021470527197208
19500,0.9530299040304999,0.03180108785158425,0.015169008117916105
19501,0.8855428413037989,0.017888201466555037,0.0965689572296464
19502,0.6653310521214829,0.03527337835241802,0.2993955695260997
19503,0.0772017726490187,0.017784485951337102,0.9050137413996443
19504,0.8802275845422178,0.011892825884232528,0.10787958957355026
19505,0.980756639224143,0.00260391529773588,0.016639445478121483
19506,0.6214878472983333,0.2866660725863422,0.09184608011532433
19507,0.26196497753727976,0.132339981888836,0.605695040573884
19508,0.8645020739821558,0.020884230262058923,0.11461369575578542
19509,0.6147904292115123,0.012827874867715838,0.37238169592077197
19510,0.7731885812709208,0.031004735022740773,0.19580668370633872
19511,0.9455478976069499,0.008199903370357486,0.046252199022693244
19512,0.7814609178797995,0.012951263050223436,0.20558781906997697
19513,0.16078379659296654,0.017068173400069952,0.8221480300069637
19514,0.47164133131285735,0.17021526316738075,0.35814340551976204
19515,0.8472524362557001,0.027851515355979822,0.12489604838832011
19516,0.37539994929228354,0.14633902738953017,0.4782610233181865
19517,0.16109729548703985,0.04107639077038059,0.7978263137425793
19518,0.8842921995584069,0.0042414397969335,0.11146636064466003
19519,0.9588858000436892,0.0034752600437499394,0.03763893991256178
19520,0.9518414134368806,0.007266887732837329,0.04089169883028137
19521,0.5639840900747778,0.00745156066275863,0.4285643492624639
19522,0.47056036481735947,0.009460076582717348,0.5199795585999231
19523,0.3817881368245546,0.01010116938411218,0.608110693791333
19524,0.962079759796907,0.011183660343009164,0.026736579860084268
19525,0.925170499851154,0.021062570460581086,0.05376692968826519
19526,0.9866985111180369,0.002338850445046057,0.010962638436917315
19527,0.5148309079612347,0.052840393439194416,0.43232869859957135
19528,0.958638101785164,0.007519873437965508,0.03384202477687066
19529,0.9109763017670311,0.036636256235706405,0.05238744199726302
19530,0.9229201851409315,0.018962188276876086,0.058117626582191224
19531,0.9226688392591278,0.012039118374644218,0.06529204236622839
19532,0.6796925684607318,0.009937584237836755,0.3103698473014317
19533,0.8023119710986198,0.019827258264585666,0.17786077063679473
19534,0.8889583069443447,0.006282277699502983,0.10475941535615213
19535,0.39268468943370816,0.020215161649516603,0.5871001489167753
19536,0.7885165859830857,0.028050041677942006,0.18343337233897242
19537,0.6615228384597829,0.1212889960096676,0.21718816553054954
19538,0.9820336242478803,0.008048188004335998,0.009918187747785023
19539,0.7584075206372323,0.03204165634390647,0.20955082301886094
19540,0.1765335533550403,0.04455623423211939,0.7789102124128404
19541,0.915480540383888,0.020612412936519973,0.0639070466795922
19542,0.032166362579712435,5.5001172121585326e-05,0.9677786362481662
19543,0.8380476754913057,0.05215220256149526,0.1098001219471988
19544,0.9293567563038746,0.016151151238475474,0.05449209245764942
19545,0.9636334054770721,0.011236873303401857,0.02512972121952632
19546,0.7860894935307208,0.014418718751732416,0.19949178771754714
19547,0.9514709293148896,0.008161277658960133,0.040367793026150366
19548,0.9245206847936415,0.007833628286445949,0.06764568691991232
19549,0.05233337221636262,0.0013243259088138127,0.946342301874824
19550,0.871410208347696,0.01936751642098026,0.10922227523132451
19551,0.8929826987707814,0.033072053159614076,0.07394524806960474
19552,0.42857433902271264,0.03057284613455317,0.540852814842734
19553,0.20251151376864057,0.005946912331581018,0.7915415738997783
19554,0.9787198920160533,0.004764254129730225,0.016515853854217662
19555,0.6387086519580708,0.058103931724271425,0.30318741631765783
19556,0.9447323909696657,0.008735328469740542,0.04653228056059371
19557,0.9533556224580305,0.006758350691333684,0.03988602685063634
19558,0.9429571930648638,0.008934058822057308,0.04810874811307892
19559,0.013636937453305024,0.008118668472999196,0.9782443940736958
19560,0.9593898992324091,0.006280186676142349,0.0343299140914489
19561,0.8208013041456176,0.028883293034551567,0.15031540281983102
19562,0.6363526343569167,0.006879009564052039,0.35676835607903046
19563,0.9465775742208831,0.011438317010960415,0.041984108768155955
19564,0.9302315075250698,0.008434471917004482,0.061334020557925764
19565,0.9539143758529741,0.006224529773182493,0.03986109437384348
19566,0.9571561778440779,0.01596050590721124,0.026883316248711195
19567,0.8243151588468588,0.0037083263861363677,0.1719765147670047
19568,0.011760709353652189,0.0033333333333333335,0.9849059573130144
19569,0.6583276743575306,0.008235325278307977,0.33343700036416135
19570,0.9650923710510936,0.004370275057049118,0.030537353891857317
19571,0.8592466822005533,0.009815254176952172,0.13093806362249472
19572,0.5287965503943185,0.07104976430610807,0.4001536852995735
19573,0.5731148265158748,0.055046637614560155,0.3718385358695655
19574,0.03014984221887732,0.0007491745962328319,0.9691009831848902
19575,0.0282669890781481,0.003440576492301534,0.9682924344295509
19576,0.9408938359011763,0.007637764654654116,0.05146839944416976
19577,0.8331763214726183,0.02916164922880725,0.13766202929857443
19578,0.6879022472915923,0.012905859057595583,0.29919189365081283
19579,0.9147612592991214,0.010577926326342938,0.07466081437453619
19580,0.8566104329876126,0.02850474591329688,0.11488482109909093
19581,0.1261473068925521,0.02364276766535903,0.8502099254420887
19582,0.8301088137833985,0.027174995023899137,0.1427161911927019
19583,0.8632253758695316,0.01951197458602486,0.11726264954444403
19584,0.023333333333333334,0.015,0.9616666666666667
19585,0.09854662345613818,0.0039060050978438027,0.8975473714460183
19586,0.028128318309469436,0.00035447674095555727,0.9715172049495748
19587,0.7452734851772719,0.00834393183015559,0.24638258299257274
19588,0.3554297181194311,0.00851593486611607,0.636054347014453
19589,0.9382154171839379,0.005603547741102933,0.056181035074959355
19590,0.9627947244262185,0.006606754264468185,0.030598521309313405
19591,0.5602038227121642,0.077365293715611,0.36243088357222547
19592,0.5690632927282971,0.023301664884791316,0.4076350423869119
19593,0.9354970887624184,0.0062963985955579215,0.058206512642023624
19594,0.3325395796956037,0.015587316394285941,0.6518731039101102
19595,0.9502274327660757,0.013840409013987254,0.03593215821993678
19596,0.16692772096211245,0.029723226164996425,0.8033490528728914
19597,0.9396211031911748,0.008014075993487432,0.0523648208153378
19598,0.9650465743858999,0.009472426734516572,0.02548099887958374
19599,0.25688950157557067,0.017932184010793245,0.7251783144136362
19600,0.4013619894407055,0.0778566874859832,0.5207813230733112
19601,0.8710665256810967,0.01512242669648933,0.11381104762241456
19602,0.5341019385380366,0.033532393895039946,0.4323656675669239
19603,0.905055118637244,0.05084234825486319,0.04410253310789302
19604,0.7245626860804789,0.012287671598619845,0.2631496423209016
19605,0.8658409417738346,0.00469960617735762,0.12945945204880752
19606,0.16188445787521152,0.010385687451038222,0.8277298546737506
19607,0.3546543754939478,0.0042836537939848415,0.6410619707120677
19608,0.8306074576037072,0.021008003141584086,0.14838453925470818
19609,0.14359796684796683,0.17109030784030785,0.6853117253117254
19610,0.5780925060750346,0.06930744481563951,0.35260004910932613
19611,0.05496819150491973,0.015309816928514621,0.9297219915665654
19612,0.9465002244696198,0.007322898466283408,0.04617687706409671
19613,0.9587873546920159,0.006160350925332813,0.03505229438265104
19614,0.3945220005847912,0.06091447951620714,0.5445635198990014
19615,0.7899627036335195,0.01610683114478705,0.1939304652216935
19616,0.014878583164408106,0.000135764664259418,0.9849856521713324
19617,0.880197538105247,0.009441971536526598,0.11036049035822629
19618,0.9391366745589305,0.003658252020359097,0.0572050734207109
19619,0.9264145601390947,0.007608437595624721,0.06597700226528141
19620,0.982901255396256,0.006605281187082265,0.010493463416662532
19621,0.7948030080689019,0.05450666952245565,0.15069032240864214
19622,0.8940714981233188,0.02380300222647895,0.08212549965020194
19623,0.6765296482424422,0.045221265736482774,0.2782490860210746
19624,0.956629548018419,0.008218800774117827,0.03515165120746335
19625,0.968761366803468,0.014868538236544125,0.016370094959987886
19626,0.47138288862362143,0.09227748948381151,0.43633962189256703
19627,0.9274317550937582,0.009970242702283937,0.06259800220395738
19628,0.962122248270077,0.01662077006634813,0.021256981663575415
19629,0.7335480588877934,0.02131830463557445,0.24513363647663197
19630,0.7291932039429537,0.019590593522871173,0.25121620253417587
19631,0.9505780345633961,0.010189039592174093,0.039232925844429674
19632,0.9527328449432146,0.007808364799548301,0.03945879025723716
19633,0.8068205067422397,0.022215074675711228,0.17096441858204942
19634,0.5453881224614436,0.018436311803084367,0.43617556573547206
19635,0.9586945187456064,0.010379962277049634,0.030925518977344215
19636,0.9875578340688994,0.003488674203529031,0.008953491727571818
19637,0.9031946622426551,0.073933705674042,0.022871632083303006
19638,0.9194302729313627,0.012551149860139246,0.06801857720849795
19639,0.8929892294093232,0.019634695778471305,0.0873760748122059
19640,0.9308088740794994,0.008857806094712525,0.06033331982578828
19641,0.45559195008530584,0.015103536512158185,0.5293045134025363
19642,0.7959109321157267,0.031762191235755854,0.17232687664851787
19643,0.4378329174672469,0.04612009571990882,0.5160469868128444
19644,0.012373943029796225,0.011955141181999238,0.9756709157882048
19645,0.9284672896219248,0.007106524092375448,0.06442618628569906
19646,0.5563985713692517,0.006136415976306983,0.4374650126544413
19647,0.07016312976638103,0.0459864510188649,0.8838504192147544
19648,0.9646972395828944,0.01928013468208132,0.0160226257350237
19649,0.9595996328829144,0.010004585206348993,0.030395781910736563
19650,0.2734881456071406,0.01768686087367029,0.708824993519189
19651,0.5879225243043242,0.04536676359459386,0.366710712101082
19652,0.8530104833140001,0.005140506986081897,0.14184900969991862
19653,0.7077320383379961,0.013372665691635352,0.2788952959703687
19654,0.917676270255774,0.0020064590576055323,0.08031727068662169
19655,0.7046974090657692,0.065482167493017,0.22982042344121414
19656,0.4077867438792787,0.026965636436437766,0.5652476196842833
19657,0.6223813174180867,0.004101406095805611,0.3735172764861075
19658,0.9339119460368333,0.0022684269197625396,0.06381962704340521
19659,0.959013393843037,0.00296485149951196,0.03802175465745136
19660,0.030158987182104142,0.005152359717577108,0.9646886531003186
19661,0.677607775344796,0.0378045055556376,0.28458771909956615
19662,0.8037694280777639,0.05243995521518836,0.14379061670704849
19663,0.5618852802178692,0.10006660765432526,0.3380481121278055
19664,0.51154874875564,0.006502604517846378,0.4819486467265136
19665,0.9842059332066316,0.0023604530853328157,0.01343361370803602
19666,0.930314310643194,0.00802354899585862,0.06166214036094766
19667,0.07157525123751803,0.05367671080916416,0.8747480379533177
19668,0.8277471079285652,0.018646976534046372,0.1536059155373891
19669,0.9690719232333028,0.005515132769341131,0.025412943997355282
19670,0.9647744585033795,0.004202295775782606,0.031023245720837884
19671,0.8886585585343778,0.02335639281882841,0.08798504864679328
19672,0.9209698757226938,0.02792966742797792,0.05110045684932793
19673,0.8680896378537911,0.005712941794690828,0.12619742035151837
19674,0.9626064832619128,0.011461460069851503,0.02593205666823611
19675,0.9817556702694131,0.002667936351759721,0.015576393378826818
19676,0.8803867628887034,0.013972872643455982,0.10564036446784034
19677,0.37328473692257025,0.04956153581446038,0.5771537272629698
19678,0.8498218005088247,0.01875479592763799,0.13142340356353738
19679,0.8805158505281927,0.02094828490161115,0.09853586457019613
19680,0.8850243600685272,0.01115956893744944,0.10381607099402362
19681,0.9717896751787597,0.003464870356316152,0.02474545446492468
19682,0.9841447069589395,0.0022982213124661454,0.013557071728595238
19683,0.5998790680810149,0.03227578290426216,0.36784514901472304
19684,0.9854591290449886,0.0013813476280024259,0.013159523327009892
19685,0.929326279152409,0.010682900461999104,0.059990820385592475
19686,0.7638304855610801,0.018180405940422584,0.21798910849849704
19687,0.846419603681833,0.007000975474242618,0.14657942084392428
19688,0.9042266222135835,0.008835892328567803,0.08693748545784906
19689,0.7880791101992798,0.0013093365776312242,0.2106115532230888
19690,0.765166852622419,0.00620070440287216,0.22863244297470853
19691,0.4591968809763073,0.014276653999118295,0.526526465024574
19692,0.9859874180271365,0.0030101368469529675,0.011002445125911071
19693,0.9320807129963631,0.011935924320900838,0.05598336268273616
19694,0.7971676234576981,0.013837299876726859,0.18899507666557552
19695,0.797318107272096,0.01276937777602565,0.18991251495187814
19696,0.009992809686540418,0.014066549018963101,0.9759406412944963
19697,0.8063549733087307,0.011529516516049049,0.18211551017522043
19698,0.8576994283524321,0.017247112100228897,0.12505345954733968
19699,0.7073897794497872,0.005947448250038286,0.2866627723001744
19700,0.9135236861264057,0.008730045555221333,0.07774626831837286
19701,0.11707222684599831,0.000940842605759808,0.8819869305482418
19702,0.40700622689498367,0.15326033844888312,0.4397334346561333
19703,0.16290187426950348,0.08542841211213537,0.7516697136183611
19704,0.8913970461632705,0.012132646738891105,0.09647030709783866
19705,0.6818041826635062,0.04559661407350369,0.2725992032629901
19706,0.091150231196908,0.02520348229142782,0.8836462865116643
19707,0.7598424680839897,0.027081932293778792,0.2130755996222324
19708,0.3054338471378005,0.02309019650777076,0.6714759563544287
19709,0.8818013443973094,0.0076525054681254945,0.11054615013456595
19710,0.7410729728378849,0.03157006750825016,0.2273569596538652
19711,0.46951078314419886,0.009470884924909067,0.5210183319308919
19712,0.9498507013335359,0.015345287795812318,0.03480401087065188
19713,0.021862063757827635,0.0034222477061712597,0.9747156885360017
19714,0.8261605023700972,0.004707674761199677,0.16913182286870385
19715,0.7997969319595146,0.020549926446649294,0.17965314159383614
19716,0.07719090021885174,0.07938741392435725,0.843421685856791
19717,0.8741576011159153,0.02945577265679814,0.09638662622728596
19718,0.018104372277854965,0.008895972419852358,0.9729996553022929
19719,0.09356450980231087,0.024194928466524573,0.8822405617311646
19720,0.9334843918675662,0.007969140407339556,0.058546467725093775
19721,0.80272979000918,0.02091192211972566,0.17635828787109464
19722,0.2271048172067778,0.0943470941668307,0.6785480886263915
19723,0.802094995463458,0.03857692554279637,0.15932807899374576
19724,0.9361460895744989,0.013148993015422706,0.05070491741007854
19725,0.9845702501150159,0.002519248728444,0.012910501156540343
19726,0.919640981577021,0.0074596178784828975,0.07289940054449608
19727,0.9154324461626351,0.03581714055651491,0.048750413280849746
19728,0.7338414958102472,0.04959859076200807,0.216559913427745
19729,0.874891473252265,0.029811543147504792,0.09529698360023003
19730,0.7294809424641374,0.028565199092325275,0.2419538584435377
19731,0.7634052775879996,0.021061376149478964,0.21553334626252144
19732,0.9310472430016333,0.006939767529585394,0.062012989468781005
19733,0.11103292360997616,0.05228607268346036,0.8366810037065634
19734,0.82004598231878,0.02698970884352109,0.15296430883769968
19735,0.9491245590615013,0.006842918499513675,0.044032522438985505
19736,0.9532756330254812,0.005204597390977698,0.04151976958354116
19737,0.7756864978957833,0.08019175544867665,0.1441217466555407
19738,0.5800371770863375,0.018736539005535676,0.40122628390812676
19739,0.98332819364919,0.004731606426895078,0.011940199923915894
19740,0.9145925613102819,0.011241793130773205,0.07416564555894511
19741,0.9399557043371146,0.01043361296284247,0.04961068270004359
19742,0.6971651853473322,0.10536591845150473,0.19746889620116317
19743,0.9518402986088387,0.002080688076422463,0.04607901331473934
19744,0.6303242369799036,0.035597606886642756,0.33407815613345365
19745,0.9018352959154544,0.025186540661470472,0.07297816342307525
19746,0.8837755991331708,0.010561904009989631,0.10566249685683937
19747,0.49972655858592846,0.032627300682870085,0.4676461407312016
19748,0.9581430915049479,0.006352519246114945,0.03550438924893781
19749,0.9056324225798937,0.0027079023550545815,0.09165967506505171
19750,0.6799751489934261,0.014106986208729877,0.30591786479784405
19751,0.9456583115366803,0.0037464194948340665,0.050595268968485645
19752,0.954058405731264,0.009789238199322415,0.036152356069413895
19753,0.4234130697701934,0.009859185491463293,0.5667277447383434
19754,0.5932903119946534,0.11147601033681719,0.2952336776685296
19755,0.872069248056624,0.02469811181563756,0.10323264012773822
19756,0.9431377233361454,0.009199628247551448,0.0476626484163033
19757,0.6513379277367136,0.00917557481118177,0.3394864974521035
19758,0.9722997993410201,0.00472956175107032,0.022970638907908833
19759,0.8512574995349842,0.09976604525717749,0.048976455207838186
19760,0.7352325865964389,0.00748964968715274,0.2572777637164085
19761,0.9032526808678423,0.05526393274915886,0.04148338638299883
19762,0.7951624309948891,0.050056595436082985,0.15478097356902773
19763,0.9425781431526741,0.007150983707557606,0.05027087313976792
19764,0.800594957913293,0.025961853436204444,0.173443188650503
19765,0.7194993970530473,0.035033823823429296,0.245466779123523
19766,0.9669083427257541,0.00862674021461436,0.024464917059633152
19767,0.9613770601278022,0.006900764189417609,0.0317221756827799
19768,0.9180769421118767,0.006757246399346331,0.07516581148877732
19769,0.7664369702892633,0.0020699551186715314,0.2314930745920651
19770,0.40942561668407995,0.0034052946481200083,0.5871690886678004
19771,0.8757554909293452,0.025532135859078944,0.09871237321157593
19772,0.8313247670065343,0.020246387723608338,0.14842884526985725
19773,0.6560695978539046,0.009968279679760028,0.3339621224663348
19774,0.12505583973790568,0.04524509641879634,0.8296990638432985
19775,0.4274371586061801,0.056685363171500094,0.5158774782223199
19776,0.9328778577976834,0.005337591129674038,0.06178455107264296
19777,0.6672843760450887,0.011660960796241808,0.32105466315867004
19778,0.9038252376609001,0.007719634694336632,0.08845512764476297
19779,0.9649027010014654,0.0031063717269766184,0.031990927271558424
19780,0.9344308351027429,0.00788478739020325,0.05768437750705338
19781,0.9586503778001854,0.005080342569291755,0.03626927963052263
19782,0.9843018722393585,0.0035621260627450744,0.012136001697897318
19783,0.9453641967263701,0.01298205970412042,0.04165374356950986
19784,0.9235979254183144,0.02406175376495039,0.05234032081673481
19785,0.07572668088622049,0.0011304533547537026,0.9231428657590258
19786,0.027018546716311615,0.0007186606606907243,0.9722627926229982
19787,0.880092542677312,0.02700351803421513,0.09290393928847332
19788,0.503712973662581,0.005578180369840724,0.4907088459675783
19789,0.03993562605082714,0.0030447788188424853,0.9570195951303309
19790,0.8847905247530984,0.0038555627112541245,0.11135391253564758
19791,0.960123830099926,0.005963679975274994,0.0339124899247992
19792,0.8623164116999379,0.025821625571701375,0.11186196272836092
19793,0.14362131854116422,0.002511825822925661,0.8538668556359104
19794,0.9794014216861388,0.004555276085678939,0.01604330222818304
19795,0.9629089875524208,0.004086315184356444,0.03300469726322311
19796,0.9285350819660007,0.007419336229071073,0.06404558180492859
19797,0.9566149119356042,0.008131447343062669,0.035253640721332906
19798,0.4982110347532293,0.1398266461480888,0.3619623190986816
19799,0.027391409958450387,0.007303413855538263,0.9653051761860113
19800,0.07559724753808478,0.011263506286724371,0.9131392461751913
19801,0.07969991212782929,0.04115640688298528,0.8791436809891858
19802,0.8902622551212844,0.0438387668862995,0.0658989779924159
19803,0.9626773679193588,0.011969114357726835,0.025353517722915258
19804,0.1355736649196079,0.0013651695170992595,0.8630611655632932
19805,0.94476741516154,0.011565324953738645,0.04366725988472132
19806,0.010584992193290814,0.011911617207269382,0.9775033905994398
19807,0.5383435297765693,0.010185207067458428,0.4514712631559725
19808,0.3702241128759959,0.009692798021008949,0.6200830891029956
19809,0.6249613941598177,0.0779793461287322,0.29705925971145036
19810,0.9638724477901642,0.005871237147363961,0.030256315062472065
19811,0.4700840791518805,0.05906024356899723,0.47085567727912236
19812,0.667933737562149,0.01731294807957673,0.31475331435827536
19813,0.5428888021840356,0.0231872650427688,0.43392393277319563
19814,0.9727842688628421,0.00784976987477759,0.019365961262380802
19815,0.9660214649542211,0.0089983265910673,0.024980208454712043
19816,0.9603715680181549,0.014703457550863443,0.024924974430981694
19817,0.7917023476674445,0.008487808174670802,0.19980984415788483
19818,0.979458825029032,0.0030515752236342443,0.01748959974733448
19819,0.24268064457321392,0.06309654133628839,0.6942228140904977
19820,0.717723666997634,0.07614995984909066,0.2061263731532756
19821,0.6004195575093116,0.08759621073042197,0.3119842317602667
19822,0.9586568227220575,0.00805258198418744,0.033290595293755276
19823,0.9128527311881186,0.011529669448849885,0.07561759936303149
19824,0.8082674541597996,0.041888768510335524,0.1498437773298649
19825,0.9248100727803952,0.010989947869282759,0.06419997935032176
19826,0.16603681506999296,0.10578856927386339,0.7281746156561436
19827,0.9418796399573631,0.008167316254737903,0.049953043787899866
19828,0.008432407772196504,0.005,0.9865675922278035
19829,0.95433522325335,0.003989282040108755,0.04167549470654135
19830,0.9543578395874923,0.007660357527752498,0.0379818028847556
19831,0.9680526288376291,0.002594255216776808,0.029353115945594144
19832,0.9755477552807063,0.009927772469943653,0.014524472249350596
19833,0.6653654148495548,0.009499510039847224,0.3251350751105977
19834,0.2332093709419323,0.007728758984367182,0.7590618700736996
19835,0.4867408592973525,0.01872448669119228,0.49453465401145524
19836,0.3621316494895604,0.015624260503716006,0.6222440900067235
19837,0.968882178279438,0.01045653203249139,0.020661289688070975
19838,0.8902555874008766,0.02869115260608708,0.08105325999303588
19839,0.1278712106136582,0.06185151206167574,0.810277277324666
19840,0.3505651264067015,0.02214604009479558,0.6272888334985028
19841,0.4679235529344778,0.013330386194844529,0.5187460608706778
19842,0.28112147060559245,0.09748242545689023,0.6213961039375175
19843,0.9127245541785015,0.00692492256814399,0.08035052325335416
19844,0.09213214991785564,0.00032503850795919254,0.9075428115741854
19845,0.9625565689442561,0.014443151009368691,0.023000280046375058
19846,0.8939137517273574,0.016091622590184634,0.08999462568245746
19847,0.26874877448846085,0.0028997790985783325,0.7283514464129611
19848,0.9365862715929423,0.006320590353874517,0.05709313805318369
19849,0.04344051130538394,0.0037700335239542054,0.9527894551706619
19850,0.8636874282306707,0.016859442996867587,0.11945312877246185
19851,0.9655077824692093,0.004460232841980002,0.03003198468881143
19852,0.8266647317071836,0.010981179089384861,0.1623540892034318
19853,0.9416739804546695,0.010682446137182127,0.04764357340814868
19854,0.2138040779994481,0.05562246017594963,0.7305734618246025
19855,0.947498240834398,0.008437242991239234,0.044064516174362835
19856,0.8440378219966143,0.007650915645620572,0.1483112623577656
19857,0.06087901792996424,0.01681170561705617,0.9223092764529797
19858,0.050617776912506275,0.0012378512135124682,0.9481443718739818
19859,0.6142294451014501,0.030858094194800394,0.3549124607037497
19860,0.3952208043067269,0.009933926928389042,0.5948452687648839
19861,0.7496637869672995,0.06508566712510686,0.18525054590759354
19862,0.5777396439734165,0.03057065072429208,0.391689705302292
19863,0.9405752740192541,0.0015721032803802095,0.05785262270036576
19864,0.8482685019968856,0.045484513403412724,0.10624698459970147
19865,0.805465456191926,0.006860305723813179,0.18767423808426084
19866,0.8318467320939917,0.010618016804098447,0.15753525110191022
19867,0.9203309608664881,0.016366055330971623,0.06330298380254108
19868,0.9300163045864042,0.006603992348877301,0.06337970306471824
19869,0.5764405634260382,0.010058286383993857,0.4135011501899685
19870,0.30592435050084127,0.03341113832780442,0.6606645111713544
19871,0.31329839678812577,0.017984131906635344,0.6687174713052391
19872,0.8345467819934761,0.07060101448086147,0.09485220352566227
19873,0.6432912116591584,0.006335657304221509,0.3503731310366198
19874,0.8377245417755073,0.014866353741663474,0.14740910448282965
19875,0.0017053680446537588,0.0,0.9982946319553463
19876,0.9532717421379104,0.006820151749789568,0.03990810611229987
19877,0.9527190926298112,0.010816224569812396,0.036464682800376486
19878,0.6043242877205337,0.0044092921004200095,0.39126642017904617
19879,0.9669394590642592,0.0034529349170986357,0.029607606018642787
19880,0.8562892657461202,0.02339210444654797,0.12031862980733245
19881,0.02228642231878162,0.016114694415778005,0.9615988832654405
19882,0.8333325335132188,0.022681264728344985,0.1439862017584361
19883,0.34951154158277825,0.13483299762257345,0.5156554607946483
19884,0.6588185574853349,0.18938609301332554,0.15179534950134002
19885,0.934422531634291,0.016640874208149255,0.04893659415755935
19886,0.26828346727720437,0.009500711707227187,0.7222158210155681
19887,0.12840274386025452,0.09194122596153846,0.7796560301782072
19888,0.8069286196739116,0.011525334390244373,0.18154604593584436
19889,0.8635910591807721,0.03306356865353978,0.10334537216568855
19890,0.9693454421616705,0.002862558581883289,0.02779199925644556
19891,0.9089864037052615,0.00694758965103235,0.08406600664370674
19892,0.9211700932284203,0.00864538518035662,0.07018452159122422
19893,0.939620389637215,0.005903765890265894,0.054475844472519255
19894,0.812724825216826,0.027200944657990115,0.1600742301251843
19895,0.6075966054573286,0.03796658294117336,0.3544368116014978
19896,0.32430171307685784,0.035076813591728054,0.6406214733314141
19897,0.9271277687889125,0.010260446515358743,0.06261178469573005
19898,0.11580893039023991,0.03827497519158521,0.8459160944181748
19899,0.8740157821434604,0.007999393605673595,0.11798482425086577
19900,0.9717719565592533,0.01401354975122194,0.014214493689524602
19901,0.8395411938129953,0.014502947500501755,0.1459558586865031
19902,0.061117854181194635,0.022613302380175525,0.9162688434386302
19903,0.8192730592454465,0.012534093656979932,0.16819284709757354
19904,0.6827401386944328,0.02536219418428015,0.29189766712128723
19905,0.8983637497068039,0.006029661922758216,0.09560658837043806
19906,0.30828678680039884,0.0650135663143454,0.6266996468852558
19907,0.35846022250748777,0.021162626480792795,0.6203771510117191
19908,0.08343207475579657,0.018712781523763523,0.8978551437204394
19909,0.14099126337628662,0.1248173492629375,0.7341913873607759
19910,0.8914060979961802,0.01954346032509987,0.0890504416787196
19911,0.9466465225680467,0.009445889665849019,0.043907587766104504
19912,0.8044497575164283,0.05440183107232768,0.14114841141124393
19913,0.36038617243068233,0.18736347397474493,0.4522503535945728
19914,0.7327304733632037,0.008771306213116243,0.2584982204236802
19915,0.029830001861653042,0.0003367571734168081,0.9698332409649305
19916,0.9507011808442887,0.004649153794438021,0.04464966536127407
19917,0.9535454691396459,0.01184003403207778,0.03461449682827591
19918,0.9551574236479026,0.0112132655011277,0.03362931085097034
19919,0.9532565009739076,0.007197518722600056,0.03954598030349283
19920,0.5161470501034647,0.1684039231792726,0.3154490267172626
19921,0.10024071423243944,0.005541701437495441,0.8942175843300654
19922,0.9205089782491566,0.012384924682519451,0.06710609706832367
19923,0.9518978367936092,0.009370363185731563,0.038731800020659436
19924,0.1387640990562955,0.0014029147935285076,0.8598329861501764
19925,0.5629723536741205,0.013538244871822312,0.42348940145405717
19926,0.9226998741405794,0.004140171524615162,0.0731599543348054
19927,0.8752288268618437,0.014458704777877151,0.11031246836027934
19928,0.018693821418317543,0.013441666666666666,0.9678645119150159
19929,0.2382694202028047,0.23507031557167238,0.5266602642255233
19930,0.9332292903510072,0.004434882439319263,0.06233582720967406
19931,0.9066301884276606,0.003717299377787343,0.089652512194552
19932,0.7681181356597847,0.04224397327895358,0.18963789106126258
19933,0.7466681642809874,0.0656334990822292,0.18769833663678376
19934,0.9838587021147339,0.0017396024531200953,0.014401695432146921
19935,0.9348346955266698,0.005873728655412608,0.059291575817917996
19936,0.055698029728638784,0.00535756830877428,0.9389444019625873
19937,0.9521290263223422,0.010038593444866477,0.03783238023279141
19938,0.9174513638919392,0.02007701912354984,0.062471616984511064
19939,0.021865163288879552,0.02063435600359364,0.9575004807075269
19940,0.7675376528278857,0.012536998715470034,0.21992534845664485
19941,0.7566983460977564,0.015827644971394116,0.22747400893084935
19942,0.8748245681209493,0.020843055322006344,0.10433237655704448
19943,0.9151585876088643,0.012034683958412016,0.07280672843272343
19944,0.9533018681223452,0.02170465862246505,0.024993473255190145
19945,0.9085365120222044,0.030890710795364602,0.06057277718243084
19946,0.6195802160407494,0.0953917727506998,0.2850280112085507
19947,0.014990547732646584,0.0004364579401423546,0.9845729943272112
19948,0.6178977524972309,0.03548775664631054,0.3466144908564581
19949,0.8441092314835931,0.02175463263659776,0.13413613587980944
19950,0.48669048421687466,0.000761290669343096,0.5125482251137822
19951,0.9023395687339898,0.012486723063844012,0.08517370820216688
19952,0.9105731142225458,0.007048804775024663,0.08237808100243006
19953,0.9535682338061815,0.006630687767624284,0.039801078426193695
19954,0.8361251033153179,0.015748003498979313,0.14812689318570324
19955,0.02411054850223596,0.00013975665285708954,0.9757496948449071
19956,0.5902937999261524,0.010085380299195888,0.3996208197746516
19957,0.8745765205515094,0.054703973190970305,0.07071950625752026
19958,0.9733521081024351,0.0022315319627902387,0.024416359934775034
19959,0.9281013054447866,0.024197301334910583,0.047701393220302424
19960,0.1593586403623027,0.013394281217826846,0.8272470784198706
19961,0.9351369269807737,0.014959078192897267,0.04990399482632965
19962,0.9407802433453376,0.0066554521810493605,0.05256430447361335
19963,0.9747813196302104,0.005424119311000603,0.019794561058789382
19964,0.860243824033251,0.01780407845278529,0.12195209751396419
19965,0.8370751927899451,0.09191984913879393,0.0710049580712612
19966,0.5470880490699491,0.14888863762499838,0.30402331330505256
19967,0.9768140468351008,0.011331626853503479,0.011854326311396778
19968,0.9134329286002452,0.0260361670437013,0.06053090435605321
19969,0.9440509842593652,0.013134139899962463,0.04281487584067248
19970,0.9567530327284957,0.007639372373746413,0.0356075948977585
19971,0.9301169165540892,0.01771742362635292,0.052165659819558334
19972,0.9104864630332685,0.009798716327135729,0.07971482063959566
19973,0.8267870720937002,0.0767539034242529,0.09645902448204666
19974,0.8095346604624962,0.05851307784734479,0.13195226169015892
19975,0.8917413511019716,0.012202870669899153,0.09605577822812976
19976,0.838955035240971,0.00595684626935467,0.15508811848967413
19977,0.18208024405078674,0.011848667009006273,0.8060710889402072
19978,0.9562327722848374,0.002812127819753356,0.040955099895409915
19979,0.9862599930832202,0.0024281634305343735,0.01131184348624664
19980,0.6842989605203043,0.1108122803130871,0.2048887591666083
19981,0.9692185995207696,0.010038373586761974,0.020743026892468663
19982,0.9059374499046375,0.011904875286074883,0.0821576748092881
19983,0.48408327778247223,0.049303291228286826,0.46661343098924096
19984,0.780286385973433,0.0069304004951916956,0.2127832135313754
19985,0.8957379949776073,0.005953088438875566,0.09830891658351688
19986,0.8133405192344955,0.026292490118008643,0.16036699064749668
19987,0.9666156377861698,0.003940322821874794,0.029444039391955612
19988,0.9618091141330191,0.007062314578118898,0.031128571288862313
19989,0.8677002681601563,0.008001965538665686,0.12429776630117824
19990,0.9593003102280663,0.0037413575804050017,0.036958332191528984
19991,0.2366771795486162,0.0990855468927563,0.6642372735586274
19992,0.6300996005047591,0.038336480769487424,0.3315639187257535
19993,0.4773901604978377,0.04546445520416252,0.47714538429799963
19994,0.9302033095046018,0.00820084247501904,0.061595848020378485
19995,0.02517220828131012,0.0001538596595134005,0.9746739320591767
19996,0.4434977282015411,0.028277150663652016,0.5282251211348071
19997,0.5249179002874829,0.04604575202781589,0.4290363476847014
19998,0.920888186676168,0.009023348814823156,0.07008846450900895
19999,0.35081428423013283,0.025,0.6241857157698673
20000,0.8114787921790007,0.02519832457156438,0.1633228832494353
20001,0.9454954252817436,0.006644763051399152,0.047859811666856905
20002,0.8842188782137875,0.0142104298510062,0.10157069193520682
20003,0.16957173511729007,0.06281539999261455,0.7676128648900957
20004,0.27364933327163066,0.10976062169090549,0.6165900450374637
20005,0.9126881159854838,0.019695231212605788,0.0676166528019103
20006,0.941633281462448,0.017842063721027812,0.040524654816523585
20007,0.9293003905256637,0.011312217690160605,0.05938739178417528
20008,0.8402532679331298,0.05354157294697677,0.10620515911989363
20009,0.9389999024943048,0.01342521523861096,0.04757488226708503
20010,0.9301603744304782,0.007322487931890234,0.06251713763763138
20011,0.8755944011482151,0.030910137075511112,0.09349546177627283
20012,0.9520984803183681,0.007383994024652457,0.04051752565698012
20013,0.9157240962425323,0.047200683476032075,0.03707522028143521
20014,0.040882642643713,0.010426554667919799,0.9486908026883673
20015,0.9337204833881964,0.010325640946341388,0.05595387566546272
20016,0.1724580413291503,0.012214451398643892,0.8153275072722059
20017,0.9159952554670437,0.01876733781799597,0.06523740671496021
20018,0.950612032399743,0.007238767811035786,0.04214919978922115
20019,0.9545904017312891,0.007135069546418486,0.03827452872229191
20020,0.9151047819282923,0.007055895828408844,0.07783932224329902
20021,0.9760720770597378,0.0030074259259221968,0.020920497014340008
20022,0.726068567537186,0.05393336391294617,0.21999806854986778
20023,0.912614640611316,0.01695700392632343,0.07042835546236015
20024,0.09214143052334006,0.04226910172144995,0.8655894677552101
20025,0.9570480114443339,0.002183170594234568,0.04076881796143207
20026,0.8485730056099512,0.009345725924378366,0.14208126846567112
20027,0.9471054732080999,0.008378934354270009,0.044515592437630064
20028,0.9329624484856082,0.019937620254431306,0.047099931259960794
20029,0.8745357577031054,0.010779837604655729,0.11468440469223942
20030,0.9554685587939025,0.011493643805927392,0.03303779740016985
20031,0.9608122872573942,0.008172649004090846,0.03101506373851599
20032,0.9870460594151712,0.004422830677678988,0.008531109907150574
20033,0.9117071177777561,0.018648942957444212,0.06964393926479967
20034,0.09438079409727933,0.18162353286818125,0.7239956730345393
20035,0.936261076311823,0.007330089041457056,0.0564088346467209
20036,0.5908747999747551,0.01342829243646509,0.39569690758877885
20037,0.6881357383847343,0.010276429546595967,0.30158783206866946
20038,0.8890677630630023,0.020738067123011236,0.0901941698139869
20039,0.048460327831791876,0.06289428546899667,0.8886453866992114
20040,0.5781510670263231,0.0478843602194757,0.37396457275420103
20041,0.9712384514639016,0.004369975568247376,0.02439157296785246
20042,0.728558823746357,0.038057693140865295,0.23338348311277765
20043,0.9086635689828091,0.018159041829087463,0.07317738918810406
20044,0.8369803334438857,0.01776679686194932,0.14525286969416498
20045,0.17903075714422226,0.0485959572138948,0.7723732856418831
20046,0.9737129963017654,0.002520716549139092,0.023766287149096184
20047,0.7059531544034261,0.0762687110098558,0.2177781345867175
20048,0.009697112403700218,0.00936721549746737,0.9809356720988328
20049,0.08899231799159737,0.052057007900784213,0.8589506741076188
20050,0.9631090315333036,0.008194534166079152,0.028696434300617083
20051,0.6410186764310868,0.10919948251369924,0.24978184105521412
20052,0.014937451607326176,0.027386698293989962,0.957675850098684
20053,0.026125396630089875,0.009481068470991984,0.9643935348989177
20054,0.4507671158552331,0.1966247592439459,0.35260812490082116
20055,0.9465934815752196,0.007704824949735712,0.04570169347504507
20056,0.1244572892375254,0.02964945385264988,0.8458932569098249
20057,0.05763292380337284,0.003579545454545455,0.9387875307420818
20058,0.665293221328926,0.14252001862606484,0.19218676004500895
20059,0.32847667799245367,0.058649052035070044,0.6128742699724762
20060,0.9120924444194124,0.012626682541699614,0.07528087303888835
20061,0.06892960922956358,0.08706519295602054,0.8440051978144159
20062,0.9845468400606836,0.002249195307825614,0.013203964631491174
20063,0.5583458794552555,0.004616321614389894,0.4370377989303544
20064,0.020190470958117695,0.0451282951806899,0.9346812338611926
20065,0.9401609081448354,0.007535738340528254,0.05230335351463616
20066,0.8529814585000102,0.044755386834820374,0.10226315466516984
20067,0.3372901504377354,0.11378220616156244,0.548927643400702
20068,0.40996453615780337,0.004006922666632009,0.5860285411755649
20069,0.7744649891390912,0.03491654307184255,0.19061846778906635
20070,0.7506532510202851,0.054508698077358995,0.19483805090235595
20071,0.9144561091920427,0.02144136521292214,0.06410252559503482
20072,0.7922233928864115,0.05236262435817376,0.15541398275541474
20073,0.2729948808150329,0.1022427555331313,0.6247623636518357
20074,0.9322238934934061,0.009627719481872904,0.05814838702472141
20075,0.9825349174365181,0.002819756314789741,0.014645326248692844
20076,0.9695875820899801,0.008595722938795246,0.021816694971224248
20077,0.11651958334993225,0.07437434694858518,0.8091060697014826
20078,0.9583823632465711,0.0037359800090859,0.03788165674434243
20079,0.7394071273112255,0.005471651576675077,0.2551212211120995
20080,0.8640958619416744,0.014349981545770817,0.12155415651255469
20081,0.402997500662657,0.004905926501644997,0.5920965728356984
20082,0.8931453507060013,0.0073577369599445745,0.0994969123340549
20083,0.5665777302201195,0.017739863296895905,0.415682406482985
20084,0.9654567836399995,0.006590725877030999,0.027952490482969963
20085,0.9148663436258844,0.010011940634431555,0.0751217157396842
20086,0.2717976726583562,0.025012166945440464,0.7031901603962032
20087,0.4237044145069835,0.1945184273404659,0.38177715815255087
20088,0.5251791468656205,0.022662251682133042,0.4521586014522464
20089,0.9392722235203262,0.007560974768057389,0.0531668017116163
20090,0.29036662451699224,0.015448632003290932,0.6941847434797174
20091,0.9859054966117619,0.006137695476948532,0.007956807911290277
20092,0.8318848404271086,0.01648531166149632,0.15162984791139486
20093,0.8558716318334934,0.01504974314071549,0.12907862502579134
20094,0.5416093018340734,0.027984705481651582,0.4304059926842758
20095,0.8060636238807597,0.021027760095576234,0.1729086160236641
20096,0.9374655958937486,0.015030721495947492,0.04750368261030397
20097,0.7155537597766124,0.042576713326786815,0.24186952689660102
20098,0.9229197542056347,0.005845408628857938,0.07123483716550737
20099,0.3813545160359328,0.033563110027826346,0.5850823739362406
20100,0.67643689688339,0.029772536822728696,0.29379056629388134
20101,0.9535192971532137,0.013929706640632202,0.03255099620615365
20102,0.08542445634855281,0.019504442355745,0.895071101295703
20103,0.9496294538105204,0.008682848498845054,0.04168769769063533
20104,0.9575545724726963,0.007960833885090318,0.03448459364221343
20105,0.7641540409671328,0.1289645983836561,0.10688136064921061
20106,0.3989831085751708,0.05402572062573366,0.5469911707990953
20107,0.9690258250546115,0.007555055469073516,0.023419119476315232
20108,0.7038477532959739,0.018102035238403254,0.27805021146562264
20109,0.8325272104019835,0.019373906893358057,0.14809888270465849
20110,0.3518306869349286,0.046951356991459935,0.6012179560736116
20111,0.9603995566526328,0.012180104425581834,0.027420338921785217
20112,0.6992436937091321,0.009233010548723497,0.2915232957421446
20113,0.4367507973455582,0.16422343912100576,0.39902576353343616
20114,0.939536727832485,0.00513045613520799,0.05533281603230739
20115,0.9675068845770756,0.0041247699278762805,0.0283683454950481
20116,0.9854873783145539,0.0015909527783532075,0.012921668907093255
20117,0.03303159120082558,0.0036950159891730567,0.9632733928100015
20118,0.7267968827178193,0.021178723897658867,0.25202439338452204
20119,0.9330621773885766,0.01196616820995639,0.05497165440146816
20120,0.7709317118383697,0.025359622929480387,0.20370866523214973
20121,0.9478726996624395,0.006995695433685846,0.045131604903873745
20122,0.9837853751370366,0.0015374933409577998,0.014677131522005815
20123,0.9316786371176293,0.006165829077160797,0.062155533805209884
20124,0.9499032224447471,0.011220752902949535,0.03887602465230403
20125,0.9361882175695263,0.008216246928880924,0.05559553550159355
20126,0.4584234039736712,0.018412538460376177,0.5231640575659524
20127,0.969792974606703,0.0030969538109578867,0.027110071582339437
20128,0.012000725773862882,3.894080996884735e-06,0.98799538014514
20129,0.8397955395197999,0.01258627068964936,0.14761818979055155
20130,0.9281514442554567,0.018305142671299984,0.05354341307324248
20131,0.9252468178862129,0.005810123794810059,0.06894305831897729
20132,0.5901369324656,0.005098263758620926,0.4047648037757792
20133,0.0650094696969697,0.07782453657453658,0.8571659937284938
20134,0.7602318760964317,0.06658007937923954,0.1731880445243286
20135,0.8890582782932878,0.05139732481307029,0.05954439689364171
20136,0.9254039426923483,0.008058958670541516,0.06653709863711138
20137,0.7796115542651524,0.010292968257992403,0.21009547747685509
20138,0.06743293212636296,0.017748312494343204,0.9148187553792941
20139,0.9101241898147729,0.009209734031635932,0.0806660761535918
20140,0.1546447455329625,0.041136993627977736,0.8042182608390598
20141,0.13219312173870526,0.03706737814736171,0.8307395001139328
20142,0.665214492340842,0.07309121608395647,0.26169429157520174
20143,0.9248308789205547,0.011089005373295123,0.06408011570614966
20144,0.8371763155079923,0.012920392382467562,0.1499032921095395
20145,0.9373399606675351,0.006198115807645534,0.05646192352481914
20146,0.9251338534928012,0.012906110841537637,0.061960035665661196
20147,0.9825786795170092,0.0020042677192011523,0.015417052763790325
20148,0.9050600669237806,0.020560847800330306,0.07437908527588874
20149,0.9337452460103369,0.010383208062784458,0.055871545926878895
20150,0.3884923061760647,0.011567334364879788,0.5999403594590553
20151,0.7377050813833034,0.009038208454909243,0.2532567101617875
20152,0.9100201492146257,0.015115576383654338,0.07486427440172089
20153,0.9755697603181707,0.007360260208254325,0.0170699794735758
20154,0.17547838405076402,0.08748972451673516,0.7370318914325009
20155,0.9062095829759981,0.009009818734427936,0.08478059828957403
20156,0.3414832067866952,0.0148071784876577,0.6437096147256468
20157,0.9319423347454413,0.015262757739850497,0.052794907514708375
20158,0.9121473291235858,0.005847641742084964,0.08200502913433022
20159,0.6236757959244844,0.04637755046783028,0.3299466536076853
20160,0.027805471877785905,0.012632897041582767,0.9595616310806311
20161,0.790041448140162,0.011505050369271989,0.19845350149056623
20162,0.9424231024403952,0.020925193602561457,0.036651703957042994
20163,0.9051742842982594,0.0061976301269455495,0.08862808557479485
20164,0.4106239533835818,0.0574091612043618,0.5319668854120563
20165,0.8894868914872907,0.022703157542279497,0.0878099509704299
20166,0.22564484117276057,0.007242656603083642,0.7671125022241562
20167,0.15535788192301883,0.011549140109485202,0.8330929779674962
20168,0.9367258934263119,0.014768759386142815,0.04850534718754537
20169,0.6504374606614188,0.01612061277780692,0.33344192656077404
20170,0.7079221561512967,0.014526584691910645,0.27755125915679313
20171,0.839289420398304,0.008737687669118949,0.15197289193257793
20172,0.9018640313630789,0.024554093755288393,0.07358187488163292
20173,0.9532568753983204,0.006640507047445609,0.04010261755423386
20174,0.7241166281520213,0.024233381370151307,0.2516499904778274
20175,0.2601933131000871,0.015134219298539054,0.7246724676013744
20176,0.021439393311779815,0.006954153310751748,0.9716064533774685
20177,0.9683704574447063,0.014622256388225315,0.017007286167069365
20178,0.4426042989990656,0.15728393768136875,0.4001117633195656
20179,0.8577169458235318,0.027182651452427844,0.11510040272404023
20180,0.25550669130222486,0.06653744707294994,0.677955861624825
20181,0.974477601779788,0.00349131427374548,0.022031083946466988
20182,0.5594813501229879,0.0552256230943808,0.3852930267826316
20183,0.9750396477106498,0.0039005087421844246,0.02105984354716549
20184,0.0006963561970393491,0.003741656314699792,0.9955619874882609
20185,0.9483548189316436,0.012376148743144222,0.03926903232521162
20186,0.5189337907258187,0.040484618496012995,0.440581590778168
20187,0.9243834123218194,0.009084188952676348,0.0665323987255042
20188,0.5856814806648983,0.053848826951757356,0.36046969238334436
20189,0.06485497180442826,0.0021618451053702233,0.932983183090202
20190,0.015634104217627415,0.00034058026448924756,0.9840253155178832
20191,0.9043111893691365,0.005536320368682505,0.09015249026218124
20192,0.960789685276839,0.005079206392573495,0.034131108330588245
20193,0.9386004367814305,0.019700120896185443,0.04169944232238381
20194,0.06857532096160081,0.0475452924571348,0.8838793865812643
20195,0.9781764560438168,0.011675789058521797,0.010147754897661952
20196,0.8297990987393178,0.04092515088727877,0.12927575037340358
20197,0.7155015504740323,0.013688584214386786,0.2708098653115813
20198,0.15569701367835811,0.11730399884005041,0.7269989874815912
20199,0.21481189250353902,0.006186732681799736,0.779001374814661
20200,0.7086425552700094,0.032748069398736965,0.2586093753312538
20201,0.044859232348169305,0.008703007518796992,0.9464377601330335
20202,0.19524945665843677,0.009290356797477438,0.795460186544086
20203,0.41370338117449973,0.02804490090127292,0.5582517179242275
20204,0.25645240605481995,0.08886825928542927,0.654679334659751
20205,0.9749594836404617,0.010789886202183005,0.014250630157355228
20206,0.5069616632848669,0.04434236560046124,0.4486959711146721
20207,0.05338412450941132,0.029007888536651313,0.9176079869539374
20208,0.36588690571017324,0.15234043978627165,0.481772654503555
20209,0.9263823116952827,0.007892364924437479,0.06572532338027934
20210,0.46834022944454023,0.02428959769932841,0.5073701728561314
20211,0.9236457014455656,0.008107843439005093,0.06824645511542847
20212,0.9427710137357915,0.015243007229130964,0.04198597903507862
20213,0.5278749362994141,0.009287668475737754,0.4628373952248482
20214,0.8052180701285191,0.005615045662232406,0.1891668842092483
20215,0.9159564816010383,0.010126659854250411,0.07391685854471006
20216,0.780040277205886,0.020741936701757554,0.1992177860923562
20217,0.8084711397303495,0.007373610126970743,0.18415525014268008
20218,0.92796603118225,0.008543802472407465,0.06349016634534212
20219,0.9603210052112752,0.004117047381068492,0.035561947407656905
20220,0.6074409342028982,0.10130740132794643,0.29125166446915546
20221,0.9766130417723295,0.0025452957670312843,0.02084166246063971
20222,0.7466465345903914,0.04795468627214366,0.20539877913746493
20223,0.9310740495782697,0.016665614742574032,0.05226033567915566
20224,0.030634783581699375,0.008874063287456947,0.9604911531308438
20225,0.9193512309834694,0.0068008399874349215,0.07384792902909636
20226,0.9567000955873293,0.0065206883468670925,0.036779216065803894
20227,0.8421974094404652,0.009917092103226128,0.14788549845630886
20228,0.020636283793876525,0.0007767959907716899,0.9785869202153519
20229,0.9843714231237715,0.0019793530237857586,0.013649223852443736
20230,0.6741419190125856,0.10155348866888947,0.2243045923185253
20231,0.9463145290518306,0.006957220616915065,0.04672825033125463
20232,0.9853258075914251,0.002770686391141553,0.01190350601743387
20233,0.9623961365221522,0.0044788267371201574,0.0331250367407284
20234,0.06285034740057596,0.014902662095434902,0.9222469905039894
20235,0.9345226449331344,0.006988112468244504,0.0584892425986213
20236,0.8744881177416439,0.004586206089795866,0.12092567616855969
20237,0.5658907593340707,0.0034865154079422945,0.43062272525798695
20238,0.9016999447203102,0.012110902191135918,0.08618915308855359
20239,0.8222907450131223,0.01826029997079066,0.15944895501608808
20240,0.5315432624935102,0.010152190693941668,0.45830454681254823
20241,0.8584212605423187,0.01089915104642057,0.13067958841126118
20242,0.9438433278620816,0.002882363286778261,0.05327430885114102
20243,0.950557511510842,0.008250864772856345,0.04119162371630135
20244,0.9666612473124407,0.008124128374391557,0.025214624313168888
20245,0.9246171052640566,0.013239840672001069,0.06214305406394263
20246,0.18331052481456417,0.029132173319127663,0.787557301866308
20247,0.9679634124302585,0.009978775781047177,0.022057811788694735
20248,0.06610991363584243,0.02265363721246074,0.9112364491516968
20249,0.7346971203669111,0.08984422881016788,0.17545865082292125
20250,0.976276472896731,0.008517878793182169,0.015205648310086937
20251,0.7588578578212658,0.004549608807134008,0.23659253337160033
20252,0.9698159431228337,0.01217124057406399,0.018012816303102044
20253,0.8359333875597774,0.03461968636780954,0.12944692607241343
20254,0.8332817477228223,0.04734517907666363,0.11937307320051484
20255,0.9716122950306544,0.0026959094999554666,0.025691795469390263
20256,0.5742208859898968,0.04305267139905144,0.38272644261105193
20257,0.02072901740021174,0.02374655263278554,0.9555244299670028
20258,0.9491652170868305,0.005537478447353747,0.0452973044658158
20259,0.22379693661601555,0.13177213868003343,0.6444309247039511
20260,0.2178113416758009,0.05362404882826004,0.7285646094959394
20261,0.003929718367513639,0.0017666008491023478,0.9943036807833843
20262,0.8765286068776738,0.04087308752523339,0.08259830559709358
20263,0.873880929882933,0.01840815342210777,0.10771091669496044
20264,0.2526653417126088,0.02864922251404535,0.718685435773346
20265,0.7861855138141419,0.042386272108305985,0.17142821407755204
20266,0.5656781920985238,0.028425614231765525,0.40589619366971097
20267,0.06420048118713147,0.019133664716552815,0.9166658540963156
20268,0.4533870841723992,0.07860523113836329,0.46800768468923765
20269,0.6613019930359544,0.05599838270592944,0.2826996242581162
20270,0.8841690404751618,0.0448748210985323,0.07095613842630663
20271,0.19865059583228475,0.022845857033109016,0.7785035471346068
20272,0.6034238753072045,0.049061365233069254,0.3475147594597266
20273,0.7877419891199652,0.04412617628103923,0.16813183459899592
20274,0.6866378512018945,0.07004231725133304,0.24331983154677264
20275,0.042876677097981486,0.013681350954478706,0.9434419719475398
20276,0.9584291218804019,0.013980589140948642,0.027590288978650263
20277,0.9030244163029191,0.014372916088043098,0.08260266760903842
20278,0.02310565249826484,0.0021300315904972636,0.9747643159112378
20279,0.3514003115615675,0.016099778628746862,0.6324999098096848
20280,0.7625418196537394,0.019091184841360125,0.21836699550490044
20281,0.9043864880673063,0.013781994795871319,0.08183151713682169
20282,0.975504266676272,0.003141388858639786,0.02135434446508858
20283,0.4496675585260295,0.08997098129729197,0.46036146017667856
20284,0.8921487677782941,0.014684403110263852,0.09316682911144204
20285,0.7277190335112179,0.003200693345120141,0.26908027314366245
20286,0.023371482788363523,0.01667333333333333,0.9599551838783031
20287,0.9119089467356749,0.03197804424194479,0.05611300902238045
20288,0.9552341109504615,0.010675050462849629,0.03409083858668894
20289,0.9454224651438589,0.014950289839614935,0.039627245016526196
20290,0.8948857468248597,0.018570955260180665,0.08654329791495964
20291,0.9362931305019606,0.019186195790575702,0.04452067370746362
20292,0.7534294769747947,0.10920827241670475,0.1373622506085005
20293,0.045356517573788155,0.002881920428816317,0.9517615619973956
20294,0.939061779662102,0.024632612006710138,0.036305608331188226
20295,0.8377505026931883,0.012942760107683221,0.14930673719912912
20296,0.9359082951568086,0.007908165167032013,0.05618353967615896
20297,0.016666666666666666,0.0016993464052287581,0.9816339869281046
20298,0.18211484519318116,0.022289241034187682,0.7955959137726311
20299,0.7973641136319954,0.008756327472933163,0.1938795588950719
20300,0.007277884698526722,0.00015873015873015873,0.992563385142743
20301,0.9640365363238701,0.009003159543305151,0.02696030413282525
20302,0.9037862338259005,0.0020771057307965176,0.09413666044330263
20303,0.8594328929040175,0.0031123261793925346,0.1374547809165905
20304,0.9346808485872047,0.008187066533877147,0.05713208487891779
20305,0.9765910339402558,0.0031403751307962006,0.020268590928948553
20306,0.7503695692153761,0.03339392753249188,0.21623650325213173
20307,0.957726195669198,0.00987183605641324,0.032401968274389376
20308,0.8940424932368518,0.009727353838688571,0.09623015292445944
20309,0.7695708702547062,0.025264269766498922,0.20516485997879522
20310,0.4698094461415716,0.037011048605209304,0.4931795052532191
20311,0.5342765063915709,0.008925365997505876,0.4567981276109231
20312,0.9080021687192485,0.03354613495108674,0.0584516963296639
20313,0.2726539143048029,0.025212836816143357,0.7021332488790536
20314,0.9856641851436065,0.0023030990414469083,0.012032715814947125
20315,0.3246431887878274,0.015138804786176668,0.6602180064259955
20316,0.9227433697356221,0.0034056369472910864,0.07385099331708704
20317,0.9442107766422045,0.0069064553225095145,0.04888276803528567
20318,0.8974706142756442,0.007786659973283953,0.09474272575107162
20319,0.46050987069829036,0.18542135772374743,0.35406877157796224
20320,0.7803312463987304,0.00990799865113247,0.2097607549501374
20321,0.7716643915830442,0.023611753734393174,0.20472385468256274
20322,0.8599746530773761,0.039326989270146634,0.10069835765247741
20323,0.9273037281870627,0.024120864583670645,0.04857540722926603
20324,0.9410801302643722,0.01953350833404193,0.039386361401586724
20325,0.16436242189987016,0.01479031328644359,0.820847264813686
20326,0.9285269105114039,0.011183643154962388,0.060289446333634554
20327,0.8308585794993919,0.05220035282243269,0.1169410676781749
20328,0.8751641183364307,0.015294483628826617,0.10954139803474343
20329,0.7939800799862176,0.008058801695199874,0.19796111831858293
20330,0.8599351841452132,0.0455254674711832,0.09453934838360414
20331,0.5869658793315486,0.16297976898110372,0.25005435168734746
20332,0.6548283586245396,0.03901207793080855,0.30615956344465173
20333,0.8798768619309265,0.003956376410317316,0.11616676165875646
20334,0.6918062951345358,0.010338361616523354,0.29785534324894053
20335,0.8317570406409864,0.01871253305306119,0.14953042630595284
20336,0.2801241600892615,0.05450815171494045,0.6653676881957981
20337,0.9598963862252916,0.001954080340278932,0.038149533434429464
20338,0.294193061623727,0.02251537486223159,0.6832915635140411
20339,0.9494682582547307,0.005821144744244881,0.044710597001023714
20340,0.8670157102047371,0.005029880993895362,0.12795440880136777
20341,0.4746454814640302,0.4701273720032338,0.05522714653273644
20342,0.08420130907271622,0.061272457767818075,0.854526233159466
20343,0.8726811331600988,0.015728379994187573,0.11159048684571346
20344,0.9321068872397149,0.015288241018395675,0.05260487174188919
20345,0.6364154406509567,0.010179969735424203,0.3534045896136193
20346,0.027195882552264874,0.004047231561481624,0.9687568858862532
20347,0.9740554194274899,0.0038586735300470245,0.022085907042464478
20348,0.919628052805123,0.02001214655844846,0.060359800636428956
20349,0.9520776412724359,0.007079522164884502,0.040842836562678876
20350,0.8157475847697544,0.01791801865164349,0.16633439657860302
20351,0.9059682247412716,0.0687327439896383,0.025299031269091023
20352,0.8287191015534375,0.018468484796942953,0.1528124136496203
20353,0.34712589826366913,0.08766386984769338,0.5652102318886373
20354,0.8963672021797879,0.014859168390899456,0.08877362942931272
20355,0.9780087604551915,0.003628339657317441,0.01836289988749129
20356,0.9751553118229437,0.0020263271140911615,0.022818361062965396
20357,0.0440590776444357,0.015008169934640521,0.9409327524209238
20358,0.6915838019161816,0.011889210448957648,0.2965269876348607
20359,0.960132989447928,0.01871898194141854,0.021148028610654266
20360,0.8993676116238176,0.03077649549420329,0.06985589288197967
20361,0.3405561391343124,0.017760622670720594,0.641683238194967
20362,0.9733468825926186,0.002472016576443045,0.024181100830938513
20363,0.7993921285299943,0.11101216466086072,0.08959570680914512
20364,0.9212500476947963,0.005038938467270372,0.0737110138379343
20365,0.012451529850054174,0.0004653167056051615,0.987083153444341
20366,0.2698560852536007,0.2106821063339697,0.5194618084124295
20367,0.7761260792086836,0.013938391538084875,0.20993552925323208
20368,0.9377428725741084,0.015879571693173333,0.046377555732718116
20369,0.013065411512893768,0.002722092822636301,0.9842124956644697
20370,0.7796450881026977,0.01930362714469497,0.2010512847526078
20371,0.9583444937214606,0.003803563353387835,0.03785194292515199
20372,0.9568257629428958,0.002882841907761475,0.0402913951493439
20373,0.07305851111208425,0.03139915633460588,0.8955423325533101
20374,0.012870529943030307,0.00039971818870631373,0.9867297518682636
20375,0.4970754338141414,0.16303875077903213,0.33988581540682666
20376,0.014019668691546047,0.01094924689652582,0.9750310844119283
20377,0.77476986786632,0.012559410488480619,0.21267072164519993
20378,0.191260890315226,0.05782434628323782,0.7509147634015361
20379,0.947714615148302,0.006396615224059797,0.04588876962763846
20380,0.7488201518193984,0.01837530558769996,0.23280454259290154
20381,0.4171600443594402,0.12858920450037808,0.4542507511401819
20382,0.8619930301608583,0.016384570602780587,0.12162239923636131
20383,0.4100613235423461,0.0336781860064114,0.5562604904512424
20384,0.28893201086590037,0.001424473585343452,0.7096435155487563
20385,0.8850573464240497,0.012814315874558975,0.1021283377013919
20386,0.9464601086919462,0.008901180992263447,0.044638710315790565
20387,0.8800457620583305,0.004406203277346486,0.11554803466432376
20388,0.26148857281144267,0.006022131384017736,0.73248929580454
20389,0.020013233347349457,0.0006678370167632784,0.9793189296358874
20390,0.9544476259270029,0.009230351948550384,0.036322022124446934
20391,0.8589169247182582,0.012292374782066856,0.12879070049967592
20392,0.5594468995781409,0.12679376520250812,0.31375933521935084
20393,0.27338042179020683,0.03818710445499944,0.6884324737547941
20394,0.9767061876315813,0.0024666589042019117,0.020827153464217086
20395,0.7141423520652327,0.0368250394895074,0.24903260844526012
20396,0.6139139513648958,0.007180088328994114,0.37890596030610996
20397,0.8725800095079764,0.018701333101980414,0.10871865739004342
20398,0.9289873773207321,0.020220640383117765,0.050791982296149965
20399,0.35233256692483883,0.016509869091310934,0.6311575639838501
20400,0.9003970163230146,0.020988236039670528,0.0786147476373144
20401,0.9639701208026241,0.005275139149165289,0.030754740048209883
20402,0.6958412152801514,0.04880693783988795,0.25535184687995993
20403,0.9656781294810429,0.0031050419011334285,0.031216828617824013
20404,0.9444496084475922,0.007985558583803861,0.04756483296860357
20405,0.9716435135355813,0.011137951129791813,0.01721853533462619
20406,1.6025641025641026e-05,0.0,0.9999839743589743
20407,0.11803985539319264,0.008830022206496523,0.8731301224003107
20408,0.5739129275665521,0.02483532594314912,0.4012517464902993
20409,0.9304913295416422,0.0025621013734199857,0.06694656908493793
20410,0.33805657381146514,0.0080630678724202,0.6538803583161147
20411,0.9369734708802683,0.007423634213549463,0.0556028949061822
20412,0.9336182937083987,0.007833914342988767,0.0585477919486119
20413,0.02971599457309776,0.00641337377260185,0.9638706316543003
20414,0.19027628623723955,0.1738811178838325,0.6358425958789279
20415,0.7410427291279458,0.005696927878138505,0.25326034299391603
20416,0.04663497450262156,0.045311002178649244,0.9080540233187291
20417,0.7276015869191373,0.016967124750693917,0.25543128833016915
20418,0.5605193107428416,0.0407433600681408,0.39873732918901816
20419,0.01987630303260028,0.0021073583627404784,0.9780163386046594
20420,0.29518400864217,0.01775524466927021,0.6870607466885599
20421,0.8045726686161864,0.05547196383034423,0.13995536755346907
20422,0.9199589569688738,0.007026641044141344,0.07301440198698553
20423,0.8396790563661874,0.020051026268372973,0.14026991736543995
20424,0.7246558764621919,0.03919832654726808,0.23614579699054047
20425,0.9192428786804324,0.025810056062139194,0.05494706525742894
20426,0.9587827410203945,0.006295840025962122,0.03492141895364327
20427,0.2982680650055765,0.10842262128895286,0.5933093137054707
20428,0.9676312062667932,0.005869494346094491,0.02649929938711223
20429,0.0038597431050364545,0.001690658711862736,0.9944495981831009
20430,0.08961181879273586,0.12550643313510937,0.7848817480721549
20431,0.5094999082465831,0.023916961238518032,0.4665831305148986
20432,0.8344864926109278,0.023266390062584363,0.1422471173264886
20433,0.9772435771305777,0.0037216017427222654,0.01903482112670147
20434,0.9664212120091844,0.02128593419048171,0.012292853800334963
20435,0.8525595640291513,0.011452420299641225,0.1359880156712074
20436,0.7209293822694925,0.17421489596239556,0.104855721768112
20437,0.955221173854536,0.0028048760112973953,0.04197395013416809
20438,0.23922155776952334,0.0041501225490196084,0.7566283196814572
20439,0.8469661607548523,0.02389527366600657,0.12913856557914094
20440,0.9411116519278955,0.008031320353782666,0.05085702771832262
20441,0.09097033048882795,0.05632775431627683,0.8527019151948951
20442,0.7225110911690797,0.09998604052953797,0.1775028683013822
20443,0.9560441922610501,0.007793345090069195,0.03616246264888094
20444,0.625390083176078,0.01568198642635905,0.3589279303975626
20445,0.6659068666359784,0.0038440011007474643,0.3302491322632747
20446,0.5827861291007131,0.03764658283516235,0.3795672880641251
20447,0.7778709531804159,0.008833598046127027,0.21329544877345707
20448,0.6414474591491603,0.11647982856243892,0.24207271228840074
20449,0.6429313811226992,0.2052352557705123,0.15183336310678858
20450,0.4628267623559781,0.02041861102023065,0.5167546266237915
20451,0.9676377981824076,0.00938691987736108,0.022975281940230685
20452,0.4287108242097228,0.006424837308133447,0.5648643384821438
20453,0.9576911077818905,0.0047941086640028874,0.03751478355410613
20454,0.8707000464447132,0.002734079319146443,0.1265658742361409
20455,0.554502057157339,0.15599485818236122,0.28950308466029956
20456,0.894871042392122,0.01346713410784591,0.09166182350003185
20457,0.0879517994090255,0.010683362015313296,0.9013648385756615
20458,0.8799906263310817,0.006653825972462307,0.11335554769645623
20459,0.9458912302457207,0.006496260373149612,0.047612509381129285
20460,0.0771940930639876,0.04990288893864278,0.8729030179973698
20461,0.6050118129842124,0.1261960671927378,0.26879211982305024
20462,0.7610127719231423,0.11469007579764548,0.12429715227921255
20463,0.08380202967215039,0.003618182291137633,0.9125797880367118
20464,0.6087289709210937,0.0451828969838945,0.3460881320950119
20465,0.8826260407184141,0.03527119011304159,0.08210276916854496
20466,0.9673736197320123,0.010264726180709107,0.022361654087279113
20467,0.1737040045536106,0.22783106944113285,0.5984649260052567
20468,0.9648603236104191,0.003238577848907252,0.031901098540673814
20469,0.908647015715304,0.02355475315872444,0.06779823112597091
20470,0.19580520277266253,0.14096138119604124,0.6632334160312963
20471,0.9486589428666008,0.012682765790306551,0.038658291343092975
20472,0.9171210963739405,0.0074393938261882835,0.07543950979987114
20473,0.9333130227040178,0.005632970252461817,0.06105400704352063
20474,0.43895445957792834,0.04338825343874189,0.5176572869833297
20475,0.24781694927449574,0.09914709861145622,0.6530359521140481
20476,0.9609927226977267,0.007182220876639954,0.03182505642563356
20477,0.8621583096911113,0.004310057948169362,0.13353163236071952
20478,0.9371453369124609,0.011190976797289419,0.05166368629024913
20479,0.9762552712222432,0.001971535908344384,0.02177319286941344
20480,0.20900875197620827,0.01501468428781204,0.7759765637359798
20481,0.6166595719473946,0.03931118859592556,0.3440292394566799
20482,0.9560377420156209,0.019206683906945247,0.024755574077434405
20483,0.8300984698096034,0.018204130165963305,0.1516974000244329
20484,0.6348278188198934,0.049470820129222035,0.315701361050885
20485,0.5532831186163926,0.028150733898435813,0.41856614748517146
20486,0.030137800702373672,0.0002317730871928092,0.9696304262104337
20487,0.9435128945675757,0.007324943720991958,0.04916216171143178
20488,0.3068479552625988,0.016825396825396823,0.676326647912004
20489,0.04749370450121337,0.02371948859766586,0.928786806901121
20490,0.07703366353773305,0.20000616715413172,0.7229601693081353
20491,0.8403846599464869,0.007916761147107064,0.15169857890640587
20492,0.8664242221665116,0.009996583102957285,0.12357919473053137
20493,0.8959536035966474,0.022532916076698797,0.08151348032665398
20494,0.9535356196737975,0.011847245095739138,0.034617135230463586
20495,0.9024506172225133,0.008805687270163048,0.0887436955073238
20496,0.4758932774439318,0.058594857605331514,0.46551186495073676
20497,0.88025019928288,0.027304508276740087,0.09244529244038001
20498,0.7779459296255428,0.01403081745659945,0.20802325291785792
20499,0.17915097562372947,0.011339160730356805,0.8095098636459138
20500,0.06044663718472854,0.019359406124002193,0.9201939566912694
20501,0.6977117759482773,0.023112266108026993,0.27917595794369615
20502,0.886610563843275,0.019766136109751063,0.09362330004697439
20503,0.8577981834547082,0.018454396351576915,0.12374742019371546
20504,0.9666951393456448,0.017158569841638882,0.016146290812716322
20505,0.11140925875103656,0.0019013520937283062,0.8866893891552354
20506,0.03405321107076315,0.0005879636522806053,0.9653588252769563
20507,0.9059190057048175,0.012126532337591818,0.08195446195759055
20508,0.9761904671213447,0.0033977234038294222,0.020411809474826653
20509,0.9203336117655694,0.008112927446448934,0.07155346078798193
20510,0.9344985614935689,0.008187431355168771,0.057314007151262475
20511,0.9485838021856197,0.007246264192223816,0.044169933622156335
20512,0.8846518809383805,0.05153011265461339,0.06381800640700595
20513,0.1962833789031302,0.06358468912451261,0.7401319319723574
20514,0.9392032829841526,0.007549040785912499,0.053247676229934815
20515,0.6691113357502217,0.022638544267660286,0.3082501199821176
20516,0.4682251516432177,0.15588381620268693,0.3758910321540952
20517,0.933533410277472,0.0074464706885705185,0.059020119033957374
20518,0.9768698602094164,0.0028261885267642562,0.02030395126381925
20519,0.7977429822479211,0.012573461229423046,0.18968355652265673
20520,0.08509654484930998,0.08236148951118476,0.8325419656395053
20521,0.9432822140938295,0.00733284320831867,0.04938494269785091
20522,0.8527102789882456,0.008990567728538174,0.138299153283216
20523,0.9115847238530277,0.007346801170709386,0.08106847497626309
20524,0.0033493589743589743,0.0016666666666666668,0.9949839743589745
20525,0.9206433433788472,0.0025619950663899236,0.07679466155476296
20526,0.9629613892058999,0.009978844938931116,0.027059765855168845
20527,0.9883168906685462,0.0017320630605131512,0.009951046270940915
20528,0.9525874238145081,0.007059188179751672,0.04035338800574041
20529,0.9684467420942574,0.002994947097078922,0.028558310808663733
20530,0.2797846416629283,0.008557134099893192,0.7116582242371787
20531,0.9304044989574229,0.008127178091372369,0.061468322951204364
20532,0.41662182037290774,0.031035497575638445,0.552342682051454
20533,0.9363393635448205,0.010160363173707575,0.053500273281471424
20534,0.5289604541286981,0.012121475016151134,0.45891807085515146
20535,0.4303472359642523,0.04124693162850603,0.5284058324072417
20536,0.9058282889007412,0.011134075800480522,0.08303763529877788
20537,0.9619836674882992,0.004478990006676444,0.03353734250502524
20538,0.6189783349378426,0.04884109358089708,0.33218057148126046
20539,0.9731536741532254,0.009948323149461787,0.016898002697312547
20540,0.6181692650224798,0.21282143718325344,0.16900929779426707
20541,0.16369474959108746,0.2783549458186913,0.5579503045902212
20542,0.9390526462624905,0.007285021797403091,0.05366233194010616
20543,0.7159297701504967,0.0885187921674045,0.19555143768209857
20544,0.9823457820457636,0.0048899021950257965,0.012764315759210745
20545,0.8904642662559263,0.025919465827929356,0.0836162679161439
20546,0.9653255696211854,0.008885078238604236,0.025789352140211316
20547,0.8555859555325512,0.004716587569661952,0.13969745689778715
20548,0.9670627216864924,0.012104287798484456,0.020832990515022964
20549,0.08840896464388105,0.019768522520035095,0.8918225128360838
20550,0.8871301861154266,0.011130593796356707,0.10173922008821648
20551,0.6932234380165196,0.043410107186561235,0.26336645479691884
20552,0.26934852573704576,0.06334530133217459,0.6673061729307797
20553,0.8395061331977177,0.014884251910227337,0.14560961489205557
20554,0.9433646517805344,0.010190303377936223,0.04644504484153039
20555,0.45976786114268775,0.15344773245113583,0.3867844064061764
20556,0.15287155303072178,0.008321722852142634,0.838806724117136
20557,0.93743325319426,0.0056592140433530565,0.05690753276238753
20558,0.7724861187535051,0.028369927073834185,0.1991439541726609
20559,0.9688026963883135,0.0032618270007094136,0.0279354766109779
20560,0.3963727322425068,0.004702363547389249,0.5989249042101047
20561,0.009697112403700218,0.00936721549746737,0.9809356720988328
20562,0.02025982434846643,0.0010334689837556074,0.9787067066677777
20563,0.9647321565049322,0.003125107620666024,0.03214273587440277
20564,0.8331488441786307,0.022038394165040495,0.14481276165632934
20565,0.5327810671016759,0.023039478633080004,0.44417945426524397
20566,0.7178122678269884,0.014867962022678167,0.2673197701503337
20567,0.0431111823319728,0.031033073447179215,0.9258557442208483
20568,0.8472194184966302,0.08996657728320422,0.06281400422016553
20569,0.6883260632637437,0.0054117709139048205,0.306262165822351
20570,0.9440743140022384,0.012842593485827876,0.04308309251193402
20571,0.2432336691424114,0.34153176344104236,0.4152345674165463
20572,0.04983176260762432,0.0060778179625554625,0.9440904194298202
20573,0.8886361551141597,0.0097779986446491,0.10158584624119099
20574,0.2137605016149457,0.011488365026985163,0.7747511333580694
20575,0.9791352439255505,0.001816411335037038,0.019048344739412353
20576,0.9720238999450427,0.003230751684526441,0.024745348370431387
20577,0.9424488832402619,0.006077566704718724,0.05147355005501944
20578,0.964839306555631,0.00960378531814565,0.025556908126223257
20579,0.8002343600996508,0.016474807973656466,0.1832908319266931
20580,0.9247725274197148,0.010718163931627408,0.06450930864865816
20581,0.4746707452298966,0.09211088864042083,0.4332183661296825
20582,0.9431691697088039,0.0071559540740575855,0.04967487621713818
20583,0.9542615749916291,0.008461648827636678,0.03727677618073392
20584,0.9454357001122058,0.01962109867717275,0.03494320121062222
20585,0.8031006198409097,0.012257072727330448,0.18464230743176
20586,0.9657464509293499,0.0031970635562638605,0.031056485514386514
20587,0.7127921225243254,0.035292869465732096,0.2519150080099426
20588,0.9348125604339107,0.0073560664910621845,0.05783137307502714
20589,0.5497335756697806,0.0603300379747281,0.3899363863554913
20590,0.9857899936334599,0.004090195609057059,0.010119810757483326
20591,0.9829908785866235,0.002599611149865677,0.014409510263511404
20592,0.4957156269814439,0.04440913701497444,0.4598752360035818
20593,0.7199820773804003,0.048213370666835974,0.23180455195276417
20594,0.7670410014640778,0.007053797889398877,0.22590520064652309
20595,0.7915747649058928,0.042295959628036305,0.1661292754660714
20596,0.17507741701794696,0.28067043532875097,0.5442521476533021
20597,0.3007816865538751,0.14761573298420222,0.5516025804619229
20598,0.8507893221086845,0.029502577035577033,0.11970810085573835
20599,0.7223708092827322,0.02040709463538151,0.25722209608188706
20600,0.6410270603794014,0.12067670005759193,0.238296239563007
20601,0.03795866656511133,0.12487733391079579,0.837163999524093
20602,0.8429606096807836,0.002979828322882703,0.1540595619963343
20603,0.9303146216022948,0.014551426046504255,0.05513395235120078
20604,0.939799155696662,0.006161818423244582,0.05403902588009462
20605,0.9040892381339567,0.012565013775631264,0.08334574809041216
20606,0.9515400191242054,0.007774765641027792,0.040685215234766536
20607,0.01757067315354106,0.002756319615168616,0.9796730072312907
20608,0.8360660159842497,0.034363612554628706,0.1295703714611214
20609,0.9291293660280494,0.009236849487337401,0.06163378448461375
20610,0.8820743856719929,0.007098227073783701,0.11082738725422364
20611,0.9616116462481089,0.0020724828100238805,0.036315870941867834
20612,0.8143643719476764,0.005238361276181393,0.18039726677614235
20613,0.33562848341894125,0.027775168841717626,0.6365963477393414
20614,0.7728668939125715,0.018797682882282257,0.20833542320514659
20615,0.9583817548651825,0.00908907465561164,0.03252917047920653
20616,0.34351164858633193,0.010643460036043153,0.6458448913776248
20617,0.5871196287227336,0.22334857569819377,0.18953179557907296
20618,0.978944739940749,0.005337290304956241,0.015717969754294927
20619,0.916262414923501,0.011357791700914367,0.07237979337558435
20620,0.11775648441044839,0.004610750774672128,0.8776327648148794
20621,0.13866859768067527,0.16291592874289307,0.6984154735764317
20622,0.026095175152267124,0.0017665001920221812,0.9721383246557106
20623,0.8689935171570353,0.00474504291946528,0.1262614399234997
20624,0.961747067914347,0.011256742577542833,0.02699618950811177
20625,0.4120160437691389,0.0015320286069043579,0.5864519276239567
20626,0.9332455488270983,0.015736443601049973,0.05101800757185126
20627,0.41086483745191443,0.1651326186347505,0.42400254391333503
20628,0.06151171409267937,0.030385034141552268,0.9081032517657682
20629,0.021849358974358975,0.0017083333333333332,0.9764423076923078
20630,0.9794782351816131,0.0020886333006639502,0.018433131517723148
20631,0.9131676086763116,0.01165681988729716,0.07517557143639159
20632,0.216009955697938,0.053812053839228886,0.7301779904628332
20633,0.8218250321498269,0.003037565200580301,0.17513740264959307
20634,0.8954339020904343,0.02601552086965559,0.07855057703991072
20635,0.9140796438854518,0.005936275241293981,0.07998408087325376
20636,0.3585308499995714,0.04695184272412519,0.5945173072763035
20637,0.3209893788937233,0.03969787001024278,0.6393127510960338
20638,0.9534197038369187,0.006361940516550077,0.04021835564653133
20639,0.022174508892426975,0.012354072333947108,0.9654714187736259
20640,0.13889644409536986,0.004645741387976385,0.8564578145166538
20641,0.06198931554000712,0.0005350067632633391,0.9374756776967297
20642,0.9293354957936011,0.0035384993372941194,0.06712600486910554
20643,0.11887768162799053,0.004177942420804081,0.8769443759512056
20644,0.7184362021559062,0.004987372131309834,0.27657642571278446
20645,0.9171342819138757,0.04208108184359914,0.04078463624252515
20646,0.9729300109808059,0.012563808072970644,0.01450618094622343
20647,0.9750584885980506,0.006097897474956755,0.018843613926992773
20648,0.9278779813592032,0.005931887410272642,0.06619013123052402
20649,0.01520840695834582,0.006884926533792825,0.9779066665078617
20650,0.7747426266694167,0.016530468795692272,0.2087269045348909
20651,0.9591610455753736,0.007515372689222575,0.03332358173540465
20652,0.9342229671277358,0.005922013347929951,0.05985501952433576
20653,0.973183426384531,0.007793143423395632,0.01902343019207259
20654,0.8506430874486594,0.007865908638055027,0.1414910039132857
20655,0.9171814353522127,0.007357306142252453,0.07546125850553424
20656,0.0821360588868123,0.029854504836948445,0.8880094362762392
20657,0.6275658564195035,0.015548513990081456,0.35688562959041487
20658,0.9557446730554252,0.009329841577240776,0.034925485367334155
20659,0.9460191231299583,0.006952257859413646,0.04702861901062885
20660,0.955453520582072,0.010170341326343077,0.03437613809158499
20661,0.8183440626638991,0.03612952691861531,0.14552641041748518
20662,0.7578162164259604,0.013071301348348082,0.22911248222569242
20663,0.910652356459161,0.006839841363737575,0.08250780217710232
20664,0.9449462414522096,0.008247005669840737,0.04680675287794993
20665,0.9409857491323368,0.00758670607487665,0.05142754479278628
20666,0.6946374623160235,0.024189038079210835,0.2811734996047662
20667,0.6523080895852305,0.028162821345989582,0.3195290890687799
20668,0.008461538461538461,0.0033333333333333335,0.9882051282051282
20669,0.736463992797063,0.028269417819834122,0.23526658938310296
20670,0.6909770448667238,0.009748954197686616,0.29927400093558965
20671,0.9022648583529875,0.028167528880666714,0.06956761276634564
20672,0.9193340951527379,0.008092731908263361,0.07257317293899887
20673,0.9743330372586027,0.004006539055440035,0.02166042368595734
20674,0.09275604226475026,0.0019658375048570535,0.9052781202303927
20675,0.9403379533525729,0.00847712481245559,0.051184921834972315
20676,0.6544481400133129,0.2924183209680971,0.053133539018590206
20677,0.735455528261322,0.12406410674085556,0.14048036499782302
20678,0.7503697324500295,0.0018038368345415386,0.24782643071542912
20679,0.18593084480314326,0.05444833691362699,0.7596208182832298
20680,0.8839727186396501,0.02211487782655308,0.09391240353379758
20681,0.8312435080801134,0.02445291236634775,0.1443035795535395
20682,0.7075234880270788,0.06837060294869003,0.22410590902423114
20683,0.37609167785493786,0.001444432460500561,0.6224638896845615
20684,0.3402929504366916,0.10000724689685522,0.5596998026664531
20685,0.2861600400774259,0.029677612394503287,0.6841623475280708
20686,0.8806959556375366,0.015433564209442191,0.10387048015302193
20687,0.8362879599571555,0.012232695751610668,0.15147934429123452
20688,0.3881984667476862,0.06834947725052136,0.5434520560017926
20689,0.9332036003540901,0.009739664811456524,0.05705673483445358
20690,0.8386652144818041,0.00887398295668923,0.15246080256150715
20691,0.176470467032967,0.0668312741346278,0.7566982588324052
20692,0.11169455061846369,0.013397435897435897,0.8749080134841006
20693,0.734920104791082,0.0679663782495734,0.19711351695934434
20694,0.9217420660422996,0.007293644255503279,0.07096428970219715
20695,0.9242300945344372,0.004206991967346661,0.07156291349821663
20696,0.9455846112964637,0.005083774755926067,0.04933161394761117
20697,0.9153542134710595,0.0068757694001879595,0.07777001712875234
20698,0.9840010017070566,0.0035745458910614943,0.012424452401882898
20699,0.3956792117588441,0.04805028855248913,0.5562704996886668
20700,0.23842436191848757,0.11122562397055144,0.6503500141109609
20701,0.24406650853485345,0.007495665560637311,0.7484378259045091
20702,0.8445359647572369,0.009285664314535024,0.14617837092822838
20703,0.45550952200156125,0.03422544966152387,0.5102650283369153
20704,0.04859736201007519,0.004521460444915684,0.9468811775450094
20705,0.9039194517896463,0.02278548881265865,0.0732950593976959
20706,0.8712739499692551,0.04632187395763575,0.08240417607310924
20707,0.0593012580091618,0.009096367625062612,0.931602374365776
20708,0.617479085964395,0.023915955007586222,0.3586049590280183
20709,0.5220678175157496,0.24568692589766636,0.23224525658658418
20710,0.9577727212029068,0.007356964869061791,0.034870313928031846
20711,0.7910023050212235,0.009674259627283893,0.19932343535149258
20712,0.862684063906844,0.006264710988940688,0.13105122510421605
20713,0.9620378069566999,0.009605613218058333,0.028356579825242582
20714,0.9120520482244857,0.008888210296294745,0.07905974147921886
20715,0.9022872503377966,0.0693367673430581,0.02837598231914562
20716,0.6543374771463634,0.007270546394868401,0.33839197645876834
20717,0.8432854074800272,0.02330282284230758,0.13341176967766522
20718,0.9649881964268724,0.002071083223652434,0.032940720349474734
20719,0.06627912831340164,0.04959428108719315,0.8841265905994051
20720,0.8133344714968156,0.034255373987125616,0.15241015451605847
20721,0.12267096815439503,0.00920780268976475,0.8681212291558404
20722,0.972763607063174,0.0032295632102954195,0.024006829726530916
20723,0.9665509701038464,0.016146207480316033,0.01730282241583752
20724,0.9533209077019813,0.01620402598147423,0.030475066316545164
20725,0.2539972285142634,0.017208457485373686,0.7287943140003632
20726,0.9373857421815341,0.015174311417778415,0.047439946400687966
20727,0.11151611544538076,0.1457039467580512,0.742779937796568
20728,0.14606478678263854,0.05515446534971071,0.7987807478676507
20729,0.8068042644048496,0.027006336453023614,0.1661893991421271
20730,0.6662504649209094,0.13728225344683465,0.19646728163225624
20731,0.27269911877026615,0.030853542930817983,0.6964473382989159
20732,0.9009007718929268,0.019002441048237503,0.08009678705883536
20733,0.8032032931812997,0.04331820165389904,0.1534785051648013
20734,0.9505780345633961,0.010189039592174093,0.039232925844429674
20735,0.9661085659407068,0.002487183610354988,0.0314042504489395
20736,0.5915960375133651,0.011707175235718452,0.3966967872509169
20737,0.9456136724174936,0.01767573653245408,0.03671059105005305
20738,0.9547315572166919,0.007360289012543874,0.037908153770764404
20739,0.8659605182228853,0.011270128842183823,0.12276935293493113
20740,0.8829385364589387,0.005396010555055205,0.11166545298600612
20741,0.971649939781571,0.00520200390278602,0.023148056315643473
20742,0.9751382912110125,0.002050588538026329,0.022811120250961568
20743,0.9325596227105878,0.005803268110497329,0.06163710917891454
20744,0.9283596901825225,0.006616753877253334,0.06502355594022488
20745,0.12015345155752966,0.010825606824629568,0.8690209416178406
20746,0.18202316745832797,0.1156499890553357,0.7023268434863361
20747,0.66902515658902,0.21878321790308494,0.11219162550789537
20748,0.1752979316358334,0.08063966931828496,0.7440623990458817
20749,0.947837907129145,0.006392548246410971,0.04576954462444406
20750,0.906073744157677,0.015990959402816175,0.07793529643950664
20751,0.2650532522648472,0.06699820788530467,0.6679485398498483
20752,0.10801565831156623,0.1223735436203467,0.7696107980680871
20753,0.9703607042345591,0.0029906380327325596,0.02664865773270905
20754,0.5301112986258387,0.030840232074554746,0.43904846929960656
20755,0.8975515556720626,0.036858305170584395,0.06559013915735316
20756,0.8507421911915299,0.005926859725682134,0.143330949082788
20757,0.5835870934428363,0.0730017513324774,0.3434111552246862
20758,0.9816050273543836,0.0038881149299717656,0.014506857715644856
20759,0.9445482307536495,0.002474581985036207,0.05297718726131507
20760,0.6038457305115706,0.03875464544775376,0.35739962404067527
20761,0.1558146199039741,0.11658831333416146,0.7275970667618643
20762,0.16859576917293873,0.13932067247421298,0.6920835583528483
20763,0.8982544106485987,0.013777949321716776,0.08796764002968445
20764,0.3863520992820279,0.030156582193249234,0.5834913185247229
20765,0.9853640910385753,0.0034064460759345334,0.011229462885491004
20766,0.9730968966004211,0.0031786459600654784,0.02372445743951357
20767,0.6904501201308191,0.005778986736334432,0.3037708931328464
20768,0.6148181548253036,0.009473067618129737,0.3757087775565668
20769,0.8500587008922581,0.02579952897813704,0.12414177012960463
20770,0.3966531380971982,0.009342350788228137,0.5940045111145735
20771,0.9004809004182573,0.010780926063871439,0.08873817351787107
20772,0.8973835495562855,0.02326456852924916,0.07935188191446532
20773,0.8794875497896391,0.014078794930762731,0.10643365527959948
20774,0.017047229730758687,0.014834734368482776,0.9681180359007584
20775,0.8782987223317692,0.011804260151630169,0.10989701751660111
20776,0.8735855557641694,0.01060213567251395,0.11581230856331634
20777,0.8378187443929679,0.026535188856588218,0.1356460667504444
20778,0.9012384684491601,0.04489407276793755,0.05386745878290253
20779,0.9138106167934243,0.02028631711758525,0.0659030660889904
20780,0.5351394690636733,0.047945493086225324,0.4169150378501018
20781,0.8706017208916211,0.03249636207999939,0.09690191702837962
20782,0.9607247959976214,0.021600841678904713,0.017674362323474097
20783,0.9773760761729771,0.008238830944468145,0.01438509288255504
20784,0.9294365824042892,0.007778509283352542,0.0627849083123579
20785,0.9063618501963083,0.020296475473467593,0.07334167433022402
20786,0.3824726741362785,0.0904268960577405,0.5271004298059809
20787,0.7339934373914213,0.02193952487009531,0.24406703773848373
20788,0.7728387679538539,0.01327212185841591,0.2138891101877299
20789,0.3718266569316213,0.09522001874411683,0.5329533243242619
20790,0.9294760207006332,0.007653885564372656,0.06287009373499466
20791,0.09755339489310529,0.01855332796554661,0.8838932771413485
20792,0.6838220112791005,0.006096633414765378,0.3100813553061342
20793,0.9466952038542242,0.0035227703321798884,0.04978202581359638
20794,0.9424168853534709,0.00819447703458593,0.049388637611943634
20795,0.49542717419538396,0.38290864501550514,0.12166418078911088
20796,0.22019224590264883,0.012420265640755677,0.7673874884565953
20797,0.5830161639603881,0.06387156348288599,0.35311227255672584
20798,0.3014100370127235,0.36221635517252343,0.33637360781475306
20799,0.4607699493189158,0.03311007564397814,0.5061199750371058
20800,0.8773408693593047,0.09923667529360337,0.023422455347091763
20801,0.9341773494019109,0.011173049538453264,0.05464960105963561
20802,0.7400750602742598,0.02881782486754322,0.23110711485819707
20803,0.2172016731447739,0.10458809132943062,0.6782102355257955
20804,0.9724284459339188,0.0018740443559858784,0.025697509710095486
20805,0.7377790380883557,0.016130132008277065,0.24609082990336698
20806,0.671360202196379,0.024865321518908978,0.30377447628471205
20807,0.8602508789838983,0.015184263848296912,0.12456485716780556
20808,0.8853245749469145,0.05019681623101911,0.06447860882206573
20809,0.03296294466973594,0.0024270007077113807,0.9646100546225529
20810,0.2668801019795669,0.02100919787035839,0.7121107001500747
20811,0.9159691786402334,0.0236382100800335,0.06039261127973308
20812,0.8450308675206601,0.026191784377832462,0.12877734810150757
20813,0.9651374341157306,0.0194248332432832,0.01543773264098594
20814,0.7785309226071001,0.00440079687663284,0.2170682805162672
20815,0.6675454578441471,0.02790991467907845,0.30454462747677497
20816,0.3529767152674993,0.11187142432149272,0.5351518604110082
20817,0.9194162639498901,0.008841554298207894,0.07174218175190179
20818,0.6934722731198225,0.037505206822479105,0.26902252005769806
20819,0.9715767205073024,0.004976870343059444,0.023446409149638345
20820,0.9826737806551016,0.002115145257914189,0.015211074086985308
20821,0.6119522581305074,0.06804845317735901,0.3199992886921339
20822,0.9093194957972269,0.006895755092919789,0.08378474910985327
20823,0.9138822290937612,0.013472565130299466,0.07264520577593939
20824,0.30600495466575156,0.02016906271985566,0.6738259826143931
20825,0.9591741820982753,0.008736516832433634,0.03208930106929087
20826,0.9613521738017655,0.008137712699163037,0.030510113499071755
20827,0.057082894758343744,0.03706900595422101,0.905848099287435
20828,0.13893687310311395,0.0031167132314265478,0.8579464136654597
20829,0.0172692087323937,0.0005891871886285078,0.9821416040789781
20830,0.7214831675777684,0.020596258590117458,0.257920573832114
20831,0.9774123225739172,0.003179163411007705,0.019408514015074846
20832,0.9566636295040782,0.0073534933855832285,0.03598287711033817
20833,0.09832064992927725,0.006130585159960992,0.8955487649107616
20834,0.9833377045855288,0.00660299009347002,0.010059305321001955
20835,0.20781722917077394,0.1423987065601734,0.6497840642690528
20836,0.3791168942971159,0.021783486121721415,0.5990996195811626
20837,0.9216422232937985,0.014597282874864902,0.06376049383133604
20838,0.9238614752012967,0.0028156894547943854,0.07332283534390896
20839,0.9607851832338029,0.008551764777029973,0.030663051989167325
20840,0.9876667577855739,0.0032880763530512935,0.009045165861375598
20841,0.8456550931875867,0.008096698799011268,0.14624820801340194
20842,0.22477979365955594,0.03241107320970901,0.7428091331307353
20843,0.9694268970684057,0.00632903945690337,0.024244063474691373
20844,0.8366790113426875,0.008395910163705278,0.1549250784936068
20845,0.7639362905190307,0.03599147711823918,0.20007223236272978
20846,0.8977435610873822,0.004966294726949385,0.09729014418566839
20847,0.9381583231971249,0.01141636339233058,0.05042531341054445
20848,0.1406819043042832,0.006126312013108679,0.8531917836826087
20849,0.9692928018482473,0.005076428900326978,0.025630769251426464
20850,0.02294303568742679,0.0019608599560087788,0.9750961043565648
20851,0.6481586166591691,0.08760607969216805,0.26423530364866343
20852,0.9030361178731358,0.021785160458212414,0.07517872166865273
20853,0.9646352516317135,0.012486963290409527,0.022877785077877383
20854,0.29517246964410626,0.015496524131510293,0.6893310062243835
20855,0.10225060607855121,0.013507953530639556,0.8842414403908091
20856,0.9074166977880941,0.012381519677854846,0.08020178253405086
20857,0.32101814203701245,0.04784324957419916,0.6311386083887885
20858,0.8673792708279497,0.014686403126295818,0.11793432604575481
20859,0.9643499177932159,0.00962229670825385,0.02602778549853003
20860,0.9691409153073426,0.005940147137911975,0.02491893755474657
20861,0.4253737450109313,0.07735983508635248,0.49726641990271647
20862,0.25593833874470806,0.03475741394545918,0.709304247309833
20863,0.17675312520381398,0.05876615777504596,0.7644807170211403
20864,0.9314943730903733,0.006363741297923258,0.062141885611702946
20865,0.8435088570184096,0.025476045568215224,0.13101509741337636
20866,0.3782200069784584,0.06341216392361133,0.55836782909793
20867,0.4104024078163166,0.015202963965182285,0.5743946282185012
20868,0.3755468633655702,0.06347365114345725,0.5609794854909724
20869,0.8819989446677378,0.020305678529326254,0.09769537680293694
20870,0.536730052115374,0.00830167197752348,0.45496827590710276
20871,0.8604537378922849,0.015446682485140239,0.12409957962257553
20872,0.9447623199189401,0.019143869226316015,0.03609381085474369
20873,0.889712763128153,0.006800489017877788,0.10348674785396991
20874,0.968217336098776,0.013443022168523751,0.018339641732700616
20875,0.27144718248491057,0.02945676465398711,0.6990960528611022
20876,0.41037107444623416,0.008658787552900981,0.5809701380008647
20877,0.8464702152165762,0.02320288809766613,0.13032689668575784
20878,0.7558580726340175,0.01101360611682914,0.23312832124915317
20879,0.9504707222433328,0.007499812344986515,0.04202946541168023
20880,0.9631140126736555,0.007818714011172324,0.02906727331517266
20881,0.6933271153378162,0.034957257231477905,0.2717156274307063
20882,0.2791313889490635,0.04390210258330635,0.6769665084676301
20883,0.9113036844018744,0.014932741239465676,0.07376357435865989
20884,0.4499882528769238,0.051340045249842155,0.4986717018732341
20885,0.9379685196234804,0.005449878955371122,0.05658160142114894
20886,0.5707114435810664,0.16279257942578867,0.266495976993145
20887,0.9561020225617932,0.006152053904697971,0.037745923533508974
20888,0.9855122840262258,0.0024148929551244184,0.012072823018650076
20889,0.06235062029361893,0.02537371219762708,0.912275667508754
20890,0.5225788098956518,0.0440071032798055,0.43341408682454274
20891,0.9831276687301884,0.002992787139905799,0.013879544129906612
20892,0.9583054598370241,0.00613735638397729,0.03555718377899842
20893,0.1554712885238631,0.023518898439736147,0.8210098130364009
20894,0.9486404551591651,0.006034168941414595,0.045325375899420844
20895,0.8224133201409909,0.015899209558023594,0.16168747030098585
20896,0.9537681234135723,0.006131935131883926,0.04009994145454409
20897,0.7523850430643069,0.017267806906499022,0.23034715002919426
20898,0.9486331484355217,0.010634302119747936,0.04073254944473086
20899,0.9844587137119567,0.004540969340676638,0.011000316947366948
20900,0.9554803128213054,0.009864748281469143,0.03465493889722555
20901,0.5163769099823119,0.07972485604327126,0.40389823397441704
20902,0.9348121720027419,0.004972494118028586,0.06021533387923056
20903,0.9520955957673963,0.007025760472604455,0.04087864375999914
20904,0.14802404403196698,0.007324095863772785,0.8446518601042603
20905,0.09195774950804882,0.0016877740752674526,0.9063544764166839
20906,0.6354036524191854,0.029679843432747172,0.334916504148067
20907,0.4341175603833564,0.04124358547674829,0.5246388541398953
20908,0.05923451758404919,0.0054970248255031325,0.9352684575904479
20909,0.9748943316113224,0.009997470426025432,0.015108197962651965
20910,0.9511965822348454,0.006484762182146755,0.04231865558300876
20911,0.9610720693384077,0.006848172573644891,0.03207975808794835
20912,0.9633445558647048,0.00413775405503407,0.032517690080261424
20913,0.5604520372123255,0.015489071966331602,0.424058890821343
20914,0.05509046047047218,0.03051549956146369,0.9143940399680645
20915,0.8530389219446018,0.014370833345467356,0.13259024470993105
20916,0.9285048163896035,0.007724154060827623,0.06377102954956823
20917,0.7930240289219606,0.018350895574070738,0.18862507550396862
20918,0.8030459455042245,0.0253918524552851,0.1715622020404905
20919,0.786014250125128,0.0421829066526555,0.1718028432222169
20920,0.9563009252097053,0.007738686142225872,0.03596038864806862
20921,0.9621581260632742,0.004442485386746719,0.03339938854997986
20922,0.7718987494434034,0.07611756326146826,0.15198368729512787
20923,0.20313638996853012,0.01254037922671475,0.7843232308047552
20924,0.9805955241588303,0.005947136879990186,0.013457338961180737
20925,0.43853972677047115,0.01658947222990679,0.544870800999622
20926,0.07647905434916191,0.04394724364391063,0.8795737020069273
20927,0.9598193179292958,0.015033666210890306,0.025147015859813944
20928,0.5116476054492398,0.01188244640195237,0.4764699481488077
20929,0.935154278139758,0.005505530357695484,0.05934019150254693
20930,0.010108695652173913,0.0017391304347826085,0.9881521739130433
20931,0.008593987087315782,0.004442959545304856,0.9869630533673794
20932,0.9838711724622777,0.0020699392633003063,0.014058888274422006
20933,0.8645541261270165,0.018951717636073426,0.1164941562369095
20934,0.8574690683793996,0.030707122404997917,0.11182380921560198
20935,0.5502080893947008,0.003759943139047321,0.4460319674662521
20936,0.914675233078853,0.018891563116189867,0.06643320380495726
20937,0.014735769275712587,0.002842125282038959,0.9824221054422486
20938,0.6950154528164671,0.003569474905234239,0.3014150722782978
20939,0.18064747270493997,0.029462438928009795,0.7898900883670504
20940,0.8960552889912353,0.011150908572252842,0.0927938024365115
20941,0.11158891915697054,0.032199442185992494,0.8562116386570368
20942,0.9696616060043824,0.0024028655423777275,0.02793552845323956
20943,0.9723898797135639,0.0024525548199011253,0.025157565466534852
20944,0.5289388986856208,0.11518705439046341,0.3558740469239156
20945,0.5801867354184187,0.11210577737907414,0.3077074872025075
20946,0.4641281217988967,0.01705231544735611,0.5188195627537473
20947,0.9597436246276406,0.011813293597033356,0.02844308177532619
20948,0.2319086878514833,0.06048527257280693,0.7076060395757097
20949,0.8933454150196919,0.027389501427792336,0.07926508355251594
20950,0.03200611376733469,0.018661478359552227,0.9493324078731132
20951,0.9010491910819811,0.008903022544702573,0.09004778637331633
20952,0.9058324082153888,0.005332450262008894,0.08883514152260302
20953,0.600620984740091,0.08007646349754706,0.3193025517623621
20954,0.06723905159440724,0.005665020211897351,0.9270959281936956
20955,0.942968788565498,0.008103779108196017,0.048927432326306856
20956,0.9516173295861823,0.011841328193390944,0.036541342220426806
20957,0.599827363345419,0.0023259570905894695,0.39784667956399145
20958,0.6658813159347573,0.00687431464162357,0.3272443694236191
20959,0.047099447197229694,0.012376421688509621,0.9405241311142605
20960,0.8373094534695024,0.06123473469533644,0.10145581183516145
20961,0.5307042672291806,0.0043949781056481585,0.4649007546651715
20962,0.9822807676020094,0.002477023761202184,0.015242208636788076
20963,0.25700570375196513,0.053067907458115515,0.68992638878992
20964,0.9299192471716631,0.028225227313234,0.041855525515103485
20965,0.9141017048340825,0.007532380326091534,0.07836591483982587
20966,0.05135741682258083,0.0002448467137591303,0.94839773646366
20967,0.9327403825997215,0.007422443746584706,0.05983717365369395
20968,0.05826148546332296,0.01114100839712198,0.9305975061395553
20969,0.01844116335271606,0.014513806669739756,0.9670450299775443
20970,0.7196818820995774,0.020956880523799116,0.2593612373766232
20971,0.6954466564494298,0.003940453746199295,0.30061288980437145
20972,0.9514085214812305,0.01590367687300394,0.03268780164576543
20973,0.30117808884415775,0.14869318598792874,0.5501287251679137
20974,0.9529554388372409,0.008574166959751935,0.03847039420300805
20975,0.025111961451247163,0.012837301587301588,0.9620507369614512
20976,0.6706360775200315,0.02159063526254792,0.3077732872174209
20977,0.9725935672663908,0.013398870628036349,0.014007562105573749
20978,0.1547684058105754,0.05257506226136269,0.7926565319280616
20979,0.06020798104244966,0.015337722930673326,0.9244542960268773
20980,0.9557788893351763,0.006812143012642166,0.037408967652181255
20981,0.2495918811876994,0.12157400821993858,0.6288341105923623
20982,0.2204506387791678,0.0060622154143339605,0.7734871458064987
20983,0.7605228567706079,0.009218795729180109,0.2302583475002121
20984,0.9864373720386976,0.0030667545881225542,0.010495873373180652
20985,0.9571394221721455,0.017673806506804175,0.025186771321050773
20986,0.8413348581204002,0.00941190362368104,0.14925323825591927
20987,0.9550041928546291,0.0036402621392456046,0.0413555450061257
20988,0.7213184971264416,0.018519410866842823,0.2601620920067156
20989,0.8947205816281566,0.009718263869908853,0.09556115450193514
20990,0.026036608300564656,0.0008530297237199065,0.9731103619757158
20991,0.5641778314785991,0.02408685865045019,0.41173530987095136
20992,0.919054044227405,0.022955327937245775,0.057990627835349313
20993,0.9506326650674665,0.007185404945881036,0.0421819299866526
20994,0.1569972859290732,0.08069112725847857,0.7623115868124479
20995,0.9555000652772181,0.008641505863071672,0.035858428859710356
20996,0.9497384788494733,0.006958807152416376,0.04330271399811016
20997,0.9447879121382112,0.007066410704602686,0.04814567715718582
20998,0.9124759249378996,0.006799170844190431,0.0807249042179105
20999,0.9495264990505179,0.005637198765247906,0.04483630218423432
21000,0.023959738991699443,0.00015361992403705214,0.9758866410842632
21001,0.9549690589228012,0.007554404913461791,0.037476536163737015
21002,0.9215704381189276,0.005985519370751312,0.07244404251032054
21003,0.9139829158418841,0.007301450483438749,0.07871563367467804
21004,0.5800112813443309,0.014867723098369992,0.4051209955572993
21005,0.03786488210441363,0.007556037078820217,0.9545790808167663
21006,0.1833895033380851,0.0060155424214685975,0.8105949542404467
21007,0.9564873084300632,0.007053279052676376,0.03645941251726011
21008,0.11682545880342429,0.031370604573603626,0.851803936622972
21009,0.15924743971260258,0.0072875530609067965,0.8334650072264903
21010,0.9087594139928213,0.01787221049368202,0.07336837551349662
21011,0.05525318320666698,0.0018757084535708192,0.9428711083397623
21012,0.9494680347690828,0.006341496021267012,0.04419046920965076
21013,0.8348772172971023,0.0543436708067401,0.11077911189615752
21014,0.5055996144759435,0.0061411936034628,0.4882591919205937
21015,0.2914970769013554,0.14861530949821458,0.5598876136004299
21016,0.6111857657848735,0.03462132869750181,0.354192905517625
21017,0.9858973176337922,0.0032794010254810642,0.01082328134072761
21018,0.03860156774445566,0.013518167672572459,0.947880264582972
21019,0.9445778915206379,0.011577159272654796,0.04384494920670699
21020,0.9395683794622668,0.01320844632830453,0.04722317420942871
21021,0.9380120609819627,0.00815611783459075,0.05383182118344673
21022,0.9381439038720533,0.008018147777225305,0.05383794835072142
21023,0.9037093418840891,0.03203839976079034,0.06425225835511965
21024,0.749632708257365,0.026515711617529164,0.22385158012510553
21025,0.8144222436199346,0.018879265381264176,0.16669849099880107
21026,0.010028995809637833,0.0016666666666666668,0.9883043375236955
21027,0.9288755042063859,0.018683626702824637,0.052440869090790224
21028,0.9576381949476004,0.006125136191088533,0.03623666886131209
21029,0.16302599030269618,0.15417469089390143,0.6827993188034025
21030,0.79116655693606,0.01991645227551483,0.18891699078842608
21031,0.049572656342259616,0.03866493836203601,0.9117624052957044
21032,0.6642641926895352,0.017318973162177353,0.3184168341482872
21033,0.9793875346516316,0.003490851927555033,0.01712161342081416
21034,0.8179718565525731,0.012422025350438858,0.16960611809698808
21035,0.949162210060566,0.012847523483328394,0.03799026645610531
21036,0.5576913418127283,0.11452836662459986,0.32778029156267263
21037,0.8987654943709377,0.001227448104486927,0.10000705752457573
21038,0.8699082858222181,0.016942384652236516,0.11314932952554561
21039,0.9533276181478874,0.024567065011702416,0.02210531684041067
21040,0.35591568779375476,0.014208873301500006,0.6298754389047454
21041,0.8454621684295648,0.016409139698152154,0.1381286918722842
21042,0.8225350347008761,0.04630144878105385,0.13116351651806993
21043,0.9729193351781303,0.0077799271853119896,0.019300737636557135
21044,0.9645474583159572,0.01672709468821334,0.01872544699582948
21045,0.941408488820594,0.00718998071253315,0.05140153046687321
21046,0.09226200490242221,0.001468966983663189,0.906269028113915
21047,0.9425809157303816,0.00872099053747978,0.048698093732138036
21048,0.9569053435645931,0.006042688525726558,0.037051967909680475
21049,0.35889594861365137,0.016280890033304928,0.6248231613530442
21050,0.3046733840395231,0.20113342325904068,0.49419319270143613
21051,0.3053053554437281,0.10934350198412697,0.5853511425721452
21052,0.9194903044088252,0.0021427336173780826,0.07836696197379732
21053,0.9200720475766566,0.011990202932080384,0.0679377494912637
21054,0.8579122694662078,0.022312227751357164,0.11977550278243543
21055,0.9672244553946058,0.006684000715337452,0.02609154389005698
21056,0.9591217180519133,0.009805992338505622,0.031072289609581083
21057,0.43664513365727914,0.017112746010550708,0.5462421203321706
21058,0.8408756304941644,0.015511604826960785,0.14361276467887518
21059,0.942204657038638,0.014512384909856495,0.04328295805150552
21060,0.8039726601712819,0.008912468205137365,0.18711487162358073
21061,0.89319425577436,0.014456646905624648,0.09234909732001517
21062,0.7045012148531324,0.015350547563056444,0.28014823758381113
21063,0.03274161676581868,0.002271585922798987,0.9649867973113828
21064,0.9543855422285487,0.005901740266334085,0.03971271750511859
21065,0.934422571905489,0.014140589250660224,0.05143683884385021
21066,0.522694330776667,0.16878782747310306,0.3085178417502303
21067,0.7873917850691534,0.032886813813957506,0.17972140111688925
21068,0.6925249742926766,0.03550270833847756,0.27197231736884586
21069,0.8735978319258318,0.015609319587161087,0.1107928484870074
21070,0.02341121244823533,0.015553490414015086,0.9610352971377497
21071,0.5218901107626763,0.0319915608572325,0.4461183283800913
21072,0.4312949946949517,0.15543258188087122,0.41327242342417686
21073,0.8420543504268226,0.051040204792864634,0.10690544478031244
21074,0.06907575485046911,0.002406099061870904,0.92851814608766
21075,0.15238757744570156,0.007575455271756321,0.8400369672825418
21076,0.1638702297928776,0.0011080511494889315,0.8350217190576337
21077,0.5072823064711263,0.008966381297666968,0.4837513122312067
21078,0.7526956017784358,0.11130518511333735,0.13599921310822682
21079,0.09505402444967184,0.003697344478007517,0.9012486310723208
21080,0.008543159550069302,0.00024321074779790378,0.9912136297021328
21081,0.982965456802593,0.0021724751564024523,0.014862068041005
21082,0.9883588482923557,0.003222296954883611,0.008418854752761752
21083,0.9179960541060742,0.0064847647726210544,0.0755191811213048
21084,0.5809631919838082,0.0038640032318427373,0.41517280478434926
21085,0.9197133075531967,0.012590744336213502,0.0676959481105905
21086,0.7846022426506318,0.01601032913215902,0.199387428217209
21087,0.9791085037853203,0.0032384034418722354,0.01765309277280773
21088,0.9194677712063182,0.016148534663471034,0.06438369413021083
21089,0.28880356291577125,0.06448780927529561,0.6467086278089335
21090,0.8586393544079207,0.02259863465515189,0.1187620109369277
21091,0.699089269519722,0.01478063433326497,0.2861300961470131
21092,0.974639676036526,0.0058338859743755625,0.01952643798909882
21093,0.8414168375458972,0.014402606489597056,0.14418055596450677
21094,0.2528001158701907,0.025563346621551294,0.7216365375082582
21095,0.8732791465362659,0.015001187638631413,0.11171966582510305
21096,0.6770794985159816,0.03174849683758643,0.291172004646432
21097,0.8906387841427225,0.007294647594864961,0.10206656826241245
21098,0.9570697668878828,0.008224610918474741,0.034705622193642184
21099,0.12391170642103025,0.029617881102131753,0.8464704124768379
21100,0.6175410272801215,0.010638530814519664,0.37182044190535884
21101,0.9359794707742499,0.004290852493081144,0.05972967673266952
21102,0.009668297711567868,0.0036798686562743745,0.9866518336321584
21103,0.6056189555172686,0.08727297361161622,0.3071080708711154
21104,0.9775543107119901,0.004171427373940684,0.018274261914069573
21105,0.9531525076123336,0.02055336908497544,0.026294123302691177
21106,0.9554269690413637,0.008731590125719111,0.03584144083291762
21107,0.9563246519577037,0.014720561514620787,0.028954786527675438
21108,0.7691270536018077,0.0327096201671542,0.19816332623103824
21109,0.4278834823643027,0.00748399862074344,0.5646325190149544
21110,0.4270527664335136,0.003973528768871301,0.568973704797615
21111,0.9142157057020435,0.02288248434337401,0.06290180995458235
21112,0.9499728728277959,0.00793402670835953,0.04209310046384448
21113,0.6492085787075499,0.014531167487503754,0.3362602538049467
21114,0.18460672141682585,0.06200927152116988,0.7533840070620045
21115,0.6302654578232637,0.011643504645256503,0.35809103753148025
21116,0.9128326159216094,0.013225927455517865,0.07394145662287221
21117,0.9665701207544809,0.010391799543952189,0.023038079701567363
21118,0.001590783423779698,0.0037245624022086837,0.9946846541740115
21119,0.9713044363155712,0.008194350475524696,0.0205012132089045
21120,0.8726584120121663,0.008402953995897789,0.11893863399193658
21121,0.5256020458383445,0.03717873268015626,0.43721922148149983
21122,0.7376365910752422,0.01516803823952551,0.24719537068523215
21123,0.9587774416797968,0.00896599286104867,0.03225656545915497
21124,0.25034815411614864,0.18200647777920245,0.5676453681046492
21125,0.09439748665429258,0.028169561709794035,0.8774329516359137
21126,0.84401065261778,0.00888532438215969,0.14710402300006106
21127,0.9579651786570662,0.006917462906444879,0.03511735843648908
21128,0.9643952660104448,0.00728859980559686,0.028316134183958834
21129,0.07310936832791991,0.02616611828094386,0.9007245133911362
21130,0.9222900623021358,0.01650219849111985,0.06120773920674446
21131,0.9622037238279095,0.012053957888240723,0.025742318283850003
21132,0.9784910050041596,0.0027465708773262887,0.018762424118514722
21133,0.5172136262040109,0.055553355314717494,0.42723301848127143
21134,0.26270098232528205,0.0362361755448283,0.7010628421298897
21135,0.9719818422996666,0.004718076608992861,0.02330008109134036
21136,0.9666651708288909,0.004553256043300085,0.028781573127808806
21137,0.5094697496303164,0.043302932040829425,0.4472273183288547
21138,0.9440720060462024,0.00801825012454435,0.04790974382925319
21139,0.8514181084220493,0.005500391733849649,0.1430814998441004
21140,0.9378757124870244,0.0033824133576011136,0.058741874155374844
21141,0.9360017172504436,0.009370654794578371,0.05462762795497715
21142,0.05244002034068433,0.008995284561007587,0.9385646950983081
21143,0.8345497619051798,0.017785822162760354,0.14766441593205926
21144,0.9530893598571807,0.004178735965781401,0.042731904177037816
21145,0.9147936965953668,0.015335887317993494,0.06987041608663956
21146,0.9866289405033283,0.001926186024204711,0.011444873472468305
21147,0.8829705191074101,0.024200371633165754,0.09282910925942481
21148,0.0223300721894507,0.00024624285511666474,0.9774236849554326
21149,0.1180104467754702,0.033679931047888884,0.8483096221766409
21150,0.9788510453388345,0.0014980408039101684,0.0196509138572555
21151,0.9626682101807719,0.005791419228323676,0.03154037059090486
21152,0.9791231495350593,0.012156687123460767,0.008720163341480574
21153,0.8369926668879607,0.0295950670370751,0.13341226607496448
21154,0.47065541712945136,0.03141049929908454,0.4979340835714641
21155,0.9249716942768768,0.008088402355135764,0.06693990336798765
21156,0.6469475693316391,0.005576472180367831,0.3474759584879925
21157,0.014025,0.0334219298245614,0.9525530701754387
21158,0.9754747774888614,0.011282641596008934,0.01324258091513025
21159,0.04783506997951341,0.0003817245088467342,0.9517832055116399
21160,0.38850229315010515,0.09601294413975126,0.5154847627101434
21161,0.809184182320029,0.008471783391191258,0.18234403428877982
21162,0.1298066867869453,0.029073432213815458,0.8411198809992397
21163,0.920230444891799,0.0162148275280908,0.06355472758011062
21164,0.9006218529403952,0.01146585630790612,0.08791229075169787
21165,0.4661027871645689,0.037034456144169746,0.4968627566912614
21166,0.9531818772092062,0.001474654129779449,0.04534346866101473
21167,0.5876775713618924,0.009544467149192605,0.40277796148891504
21168,0.9237802150659878,0.017364219716817786,0.058855565217194226
21169,0.911605979031846,0.007498001267957936,0.08089601970019569
21170,0.6788488042798348,0.04315815300836636,0.27799304271179875
21171,0.38644501186839725,0.19707698646844174,0.4164780016631612
21172,0.798294410638312,0.004913790334176782,0.19679179902751182
21173,0.8905991687447115,0.00459785763095612,0.10480297362433183
21174,0.9581871484514936,0.012206270173625045,0.029606581374881494
21175,0.923861834448493,0.0065116811043002465,0.0696264844472063
21176,0.9507332405333024,0.013014868312013407,0.03625189115468546
21177,0.8617246623256442,0.0029684936328856263,0.13530684404147
21178,0.9730697261508522,0.0025352876585700117,0.024394986190578113
21179,0.9178042927463239,0.010642628529204461,0.07155307872447154
21180,0.21680977837149423,0.034033493976166396,0.7491567276523394
21181,0.9202723536139953,0.005303611488576967,0.07442403489742784
21182,0.5957462177956756,0.00941436887682707,0.3948394133274978
21183,0.12122852156074719,0.01524136440845207,0.8635301140308006
21184,0.8355674209720829,0.02671417714308918,0.13771840188482773
21185,0.15862957693024976,0.04878500451671183,0.7925854185530385
21186,0.9333900267586897,0.014780192055321058,0.05182978118599041
21187,0.3279864352944605,0.10736498257839723,0.5646485821271423
21188,0.9527897444655257,0.010384900095803147,0.036825355438671076
21189,0.20676718259853416,0.003761516845750319,0.7894713005557156
21190,0.9554505417090953,0.006745499069185672,0.03780395922171978
21191,0.5504984814298712,0.012196732158411707,0.43730478641171733
21192,0.9249675712883375,0.03824777534292849,0.03678465336873338
21193,0.33854450581106305,0.02510812213558026,0.6363473720533572
21194,0.9021116254581113,0.009546134121128173,0.08834224042076073
21195,0.021739374429132926,0.002929339281018979,0.9753312862898482
21196,0.7891009636129187,0.02763892075476349,0.18326011563231742
21197,0.0418496919995463,0.032518539281639725,0.9256317687188139
21198,0.7431815341143903,0.15762538667407175,0.09919307921153822
21199,0.850499904803569,0.0048441503381643465,0.14465594485826713
21200,0.04107956566951576,0.02746302308802309,0.9314574112424612
21201,0.9748709419876425,0.006416131829531768,0.01871292618282606
21202,0.9148391800310676,0.026449199763619178,0.058711620205313425
21203,0.05222743901473605,0.0013183706534622335,0.9464541903318021
21204,0.9138489168056105,0.007048877510570966,0.0791022056838198
21205,0.12837227246920146,0.007083576210948212,0.8645441513198504
21206,0.40391084206264666,0.05986537841824967,0.5362237795191039
21207,0.5128960404626217,0.02583064794950213,0.461273311587876
21208,0.9570722077413044,0.00852645709478474,0.034401335163910286
21209,0.7309819430683228,0.0031414898177482835,0.26587656711392876
21210,0.9719089412252941,0.012425255513741486,0.01566580326096443
21211,0.5679456608795859,0.022679848342175058,0.40937449077823906
21212,0.1178296212091937,0.0023827712400172735,0.8797876075507891
21213,0.9235339062591191,0.012141170856140774,0.06432492288473957
21214,0.8522891432782871,0.020193515492096047,0.12751734122961705
21215,0.7239148159107509,0.11350421718215775,0.16258096690709112
21216,0.2585999419553447,0.07568812068750143,0.6657119373571537
21217,0.9341311646008973,0.018704903989025374,0.047163931410077235
21218,0.0028791237536438547,7.083993017496853e-05,0.9970500363161813
21219,0.9388833931951842,0.006437082106958287,0.0546795246978572
21220,0.45603071805033124,0.024377655601809538,0.5195916263478592
21221,0.9256826559549141,0.012064815442173872,0.062252528602912346
21222,0.0773510358401377,0.03717205172038495,0.8854769124394772
21223,0.7975291149611442,0.02515263610703298,0.17731824893182296
21224,0.5698516366739339,0.009861870093740288,0.42028649323232586
21225,0.921526088334333,0.004406248968193843,0.07406766269747327
21226,0.9451154814451224,0.021458363527476466,0.0334261550274018
21227,0.7757056766707157,0.0065099466813654345,0.21778437664791905
21228,0.01169741697416974,0.010134355189705744,0.9781682278361246
21229,0.9653323366643634,0.00950254038763487,0.025165122948001786
21230,0.8003895414245711,0.017476690628451468,0.18213376794697686
21231,0.6085969613465695,0.040037068423638696,0.35136597022979194
21232,0.7104887418092009,0.15817092817564107,0.13134033001515819
21233,0.932843471541593,0.008654363124519181,0.05850216533388764
21234,0.9461233348925642,0.01077785467723974,0.0430988104301971
21235,0.9329173264842908,0.00609323651315525,0.060989437002553853
21236,0.6524438061052191,0.08477379467212343,0.2627823992226575
21237,0.9437714285368992,0.020206561622487868,0.03602200984061325
21238,0.9498803356600815,0.007278579563934622,0.04284108477598398
21239,0.9604686092365191,0.007301440692227462,0.03222995007125334
21240,0.7426941186929037,0.004908748193704956,0.25239713311339157
21241,0.46153073080695456,0.027211682636453384,0.511257586556592
21242,0.9708648016382836,0.0026978452490875465,0.02643735311263013
21243,0.07546671386301217,0.025115254335251327,0.8994180318017364
21244,0.27704897112335025,0.057854124818091775,0.665096904058558
21245,0.8425974147079861,0.009476093364847556,0.14792649192716653
21246,0.9774459992208185,0.005463618684925593,0.017090382094256132
21247,0.9874552144164227,0.001665300862565653,0.010879484721012356
21248,0.9744414446556791,0.0027046632424985706,0.022853892101823044
21249,0.9382735867625053,0.004683775995560219,0.057042637241934896
21250,0.9557311312441457,0.00744894108899745,0.03681992766685727
21251,0.9412698400098382,0.018489406230047602,0.040240753760115065
21252,0.9548174551528958,0.009936856058519645,0.03524568878858469
21253,0.8283397520418657,0.02363998249325638,0.1480202654648779
21254,0.17051530641044438,0.021363233323619533,0.8081214602659362
21255,0.9810620599686105,0.004944880305186557,0.013993059726202963
21256,0.8373833836712743,0.044077618622597646,0.11853899770612798
21257,0.9474854886792925,0.011473706320570506,0.041040805000137424
21258,0.45976561817195866,0.0008072677482769084,0.5394271140797645
21259,0.7743989021403187,0.06150369700426742,0.16409740085541336
21260,0.966488712577725,0.010705864649586254,0.022805422772689547
21261,0.7538660963124071,0.022093415016332787,0.22404048867125964
21262,0.11211914936832473,0.11433415235707334,0.7735466982746019
21263,0.8501165331678415,0.0044574341671318445,0.14542603266502777
21264,0.822151468855044,0.04088103733262315,0.13696749381233306
21265,0.9760317213853845,0.002722355105947525,0.02124592350866854
21266,0.5553663257580534,0.09363740889401909,0.35099626534792794
21267,0.9643828315592283,0.00548059049997585,0.030136577940795536
21268,0.04302934668817022,0.050149911816578484,0.9068207414952512
21269,0.9626329831863816,0.007941254129835651,0.029425762683782598
21270,0.011966574673260276,0.002602537512849511,0.9854308878138907
21271,0.9464873130130042,0.013063966353014496,0.040448720633981285
21272,0.19984105119053597,0.15237759860933275,0.6477813502001313
21273,0.0440582707926193,0.004496430427127306,0.9514452987802539
21274,0.9354447771697867,0.009089671298650655,0.055465551531563226
21275,0.7129844671615683,0.014102129323002638,0.27291340351542925
21276,0.011157861839187514,0.0004506301830540521,0.9883915079777584
21277,0.901090343435381,0.01387170613823748,0.08503795042638111
21278,0.0178634118375853,0.00046662694438907425,0.9816699612180262
21279,0.4679139771066175,0.16688482250015285,0.36520120039322995
21280,0.97105296794972,0.003653000202513205,0.025294031847767108
21281,0.34320336494262543,0.011243292832119323,0.6455533422252551
21282,0.19537780080216877,0.020122877004326835,0.7844993221935044
21283,0.9569867749181604,0.005553212470734867,0.037460012611104855
21284,0.4571961366351772,0.0285584291425477,0.5142454342222752
21285,0.9345328749906946,0.0028443322044923633,0.06262279280481355
21286,0.8936382847821011,0.0064079439195926235,0.09995377129830658
21287,0.8474618745397358,0.08362249687844515,0.06891562858181906
21288,0.9601576331656777,0.006933516767489578,0.032908850066832696
21289,0.13055831247601085,0.037665526244400116,0.8317761612795891
21290,0.11552855812882726,0.009247136503154306,0.8752243053680185
21291,0.9012284672806322,0.02036623164209317,0.07840530107727435
21292,0.9408300312964625,0.008043040382630519,0.05112692832090736
21293,0.9723553691241369,0.0019076432947167173,0.02573698758114705
21294,0.11399345473996446,0.0037942743047074718,0.882212270955328
21295,0.9505387002179327,0.00800009535669929,0.041461204425368096
21296,0.9059512749701736,0.02209863574889263,0.07195008928093347
21297,0.558167464980135,0.20797747393042076,0.2338550610894445
21298,0.601228262434959,0.015103112864683068,0.3836686247003581
21299,0.0781883377762743,0.07870284600184001,0.8431088162218858
21300,0.8049209524272566,0.004298778186835935,0.19078026938590753
21301,0.7410125356063787,0.023446377660491534,0.2355410867331301
21302,0.9286468486093791,0.02183254726443537,0.04952060412618489
21303,0.0803224977182933,0.01676290027359965,0.902914602008107
21304,0.3054660034575135,0.0454493764184564,0.6490846201240305
21305,0.9769288024134721,0.005881283588426579,0.017189913998101294
21306,0.9548976884873942,0.007354495779709392,0.037747815732896456
21307,0.3300887232925655,0.022992485809516707,0.6469187908979175
21308,0.9663357168525735,0.007009278284026515,0.02665500486340102
21309,0.0050406733368037445,0.0018530726662983605,0.9931062539968978
21310,0.5771744115479973,0.08607632855537159,0.33674925989663096
21311,0.9489254058167279,0.01578858509532943,0.03528600908794249
21312,0.8235631855117079,0.02755023735640194,0.14888657713189046
21313,0.1691799367033016,0.10281005074740865,0.7280100125492899
21314,0.7242428120918935,0.04343661107436384,0.23232057683374288
21315,0.9721292055312731,0.004568695513452152,0.023302098955274797
21316,0.10679282298444294,0.0005758495903461217,0.8926313274252109
21317,0.9667180480139007,0.017556093228868384,0.015725858757231276
21318,0.9570155666029636,0.007752562908692583,0.03523187048834367
21319,0.37512763192349347,0.017441549678648083,0.6074308183978584
21320,0.6111145949235011,0.0068732948821598,0.38201211019433917
21321,0.9442951344517403,0.005315441907577872,0.05038942364068285
21322,0.9030292075295182,0.004592643287782089,0.09237814918270006
21323,0.5501663624009385,0.009075262451638826,0.4407583751474227
21324,0.8538238800974972,0.03733973978960474,0.10883638011289849
21325,0.9658969553020165,0.013353879492793628,0.02074916520518972
21326,0.5077826607354776,0.020874385268762882,0.4713429539957598
21327,0.21261648729077767,0.11975059262806104,0.6676329200811614
21328,0.679307136160266,0.018808521221918506,0.3018843426178149
21329,0.6999001362690566,0.017040274083720094,0.28305958964722333
21330,0.7683902185451058,0.02441423283297753,0.20719554862191725
21331,0.8407854463362378,0.02302487220338552,0.1361896814603769
21332,0.9850955416083224,0.007297910966275959,0.007606547425402622
21333,0.062240020630697605,0.0025719666638416333,0.9351880127054611
21334,0.7007325981763353,0.042016118664063344,0.25725128315960116
21335,0.33954148280493884,0.07441701406563626,0.5860415031294248
21336,0.6654122943566033,0.016305047809214775,0.31828265783418147
21337,0.7005857213924316,0.023001443920988986,0.27641283468657907
21338,0.9056414094466766,0.025279200632545407,0.06907938992077862
21339,0.8130134949671051,0.01715240764271137,0.16983409739018482
21340,0.9168105510686402,0.014461713633447486,0.06872773529791253
21341,0.17811015067062858,0.0011633184259846633,0.8207265309033865
21342,0.20217873818164514,0.11437343629153808,0.6834478255268172
21343,0.025407840608600858,0.0017075977847005885,0.9728845616066983
21344,0.9597330330769783,0.008111781890773592,0.03215518503224795
21345,0.970776056289784,0.005993961234373671,0.0232299824758429
21346,0.9599649261222828,0.007038602737718157,0.032996471139999387
21347,0.08393873542936636,0.017245755469143934,0.8988155091014896
21348,0.3252064404336436,0.02342362772538447,0.6513699318409724
21349,0.6165139358817542,0.056700790836905324,0.32678527328134055
21350,0.7566536111911627,0.06364585754962995,0.1797005312592075
21351,0.058962786019733454,0.06055792178578277,0.8804792921944841
21352,0.7043395273742117,0.04780836271747207,0.24785210990831585
21353,0.9642647899520704,0.01709631632755079,0.018638893720379583
21354,0.1667451293824479,0.04638778473137091,0.7868670858861819
21355,0.8330236202808857,0.02918629112854288,0.13779008859057126
21356,0.9534629456939511,0.003863009108049079,0.04267404519800001
21357,0.8709148029000342,0.0047939055140478045,0.12429129158591794
21358,0.12804827021725382,0.009198958803475744,0.8627527709792704
21359,0.4849994570486698,0.2965707243468532,0.21842981860447683
21360,0.8851711430708711,0.004459692014870904,0.11036916491425783
21361,0.2093824445752783,0.09303036949473333,0.6975871859299884
21362,0.2246559939022114,0.05255348021631601,0.7227905258814725
21363,0.8648736113863629,0.018065506067003776,0.11706088254663248
21364,0.9621079607112155,0.01130652342309484,0.026585515865689417
21365,0.6434006286941036,0.016737089605937835,0.3398622816999592
21366,0.9366824083175352,0.00647900789408254,0.056838583788382246
21367,0.33283301909819724,0.017198476110772756,0.649968504791031
21368,0.38272182619427586,0.011185749414561463,0.6060924243911626
21369,0.9614830392691363,0.0039623294633490905,0.03455463126751476
21370,0.6962808707786278,0.011325067038050961,0.2923940621833214
21371,0.8803515270392649,0.02109708047164837,0.09855139248908733
21372,0.006450958050823022,0.0006791272627719817,0.9928699146864051
21373,0.21068048683341403,0.011019625670249021,0.7782998874963376
21374,0.9530911907517288,0.01108430797647611,0.03582450127179566
21375,0.5715697481448664,0.23540315410180815,0.19302709775332552
21376,0.8793742834073309,0.045724890505582795,0.0749008260870864
21377,0.6369274033963245,0.06809735502933931,0.294975241574336
21378,0.968720344106794,0.008220159068598427,0.023059496824607277
21379,0.9406532100393554,0.008171129100127163,0.051175660860517905
21380,0.9614940209778873,0.012586741424716082,0.025919237597397535
21381,0.8814185439317026,0.025405038217381583,0.09317641785091603
21382,0.019679920338057974,0.0009298624990911529,0.9793902171628512
21383,0.8782106428455203,0.01397851799808046,0.10781083915639997
21384,0.8954843216766845,0.021258142152614054,0.08325753617070168
21385,0.664327012271508,0.03500133735835402,0.30067165037013815
21386,0.1664644366491996,0.002268579908074496,0.8312669834427258
21387,0.8602618794606436,0.005683746562245032,0.13405437397711187
21388,0.9462896060440326,0.0059902421818587796,0.04772015177410943
21389,0.8145778415104478,0.014542917956617583,0.17087924053293496
21390,0.9869990508213332,0.001597477316326158,0.01140347186234153
21391,0.06362802310294846,0.000512999967980707,0.935858976929071
21392,0.8689808328900149,0.013681869657356849,0.11733729745262844
21393,0.9829679431468914,0.001991798101923747,0.0150402587511857
21394,0.7352141229724497,0.030569820027703004,0.2342160569998469
21395,0.09014236698143574,0.03713860074143884,0.8727190322771254
21396,0.7426878526033863,0.006401254981359167,0.2509108924152544
21397,0.9349878922951134,0.00997103092926585,0.05504107677562049
21398,0.9302952563427108,0.007921676291628843,0.06178306736565948
21399,0.9451357850440772,0.007632961711932934,0.0472312532439894
21400,0.07403972971917007,0.03364244749241672,0.8923178227884133
21401,0.8573179421827736,0.007844047895827704,0.13483800992139897
21402,0.22634350559220376,0.07428874419032166,0.6993677502174744
21403,0.924156228482838,0.03104669856657221,0.044797072950589725
21404,0.794961312776481,0.04664515118613437,0.15839353603738465
21405,0.303593119097718,0.004986153753322844,0.6914207271489595
21406,0.9103127075904649,0.008431898703809055,0.0812553937057259
21407,0.8887958029339713,0.01589558780041271,0.09530860926561581
21408,0.9346104760411114,0.006921859672451049,0.058467664286438153
21409,0.9050190587917839,0.013267415465457469,0.08171352574275835
21410,0.2266325454731927,0.02789770813573659,0.7454697463910709
21411,0.8645806159136414,0.017506178355584653,0.11791320573077381
21412,0.8711592755994997,0.020494918499476898,0.10834580590102325
21413,0.45120959213511225,0.05811224224964029,0.4906781656152475
21414,0.14292740279763264,0.002367006837339026,0.8547055903650286
21415,0.8363605549341021,0.03314054742567623,0.13049889764022177
21416,0.9437658726821686,0.01538884492077777,0.040845282397053706
21417,0.8778397189596857,0.01094665916291476,0.1112136218774007
21418,0.8908052396483419,0.006107002943345117,0.10308775740831314
21419,0.21036331719366583,0.0042021416472622555,0.7854345411590717
21420,0.9661300946127739,0.01324947280402358,0.020620432583202456
21421,0.9520917496893277,0.0061073305278434185,0.04180091978282911
21422,0.014763422572050548,0.007868483412222991,0.9773680940157263
21423,0.9784355380071069,0.0023682691130800675,0.019196192879813778
21424,0.9676287084465148,0.006542899539696019,0.025828392013789857
21425,0.9758461986565159,0.009803605129122246,0.014350196214361637
21426,0.9447311532514616,0.008839556454493072,0.046429290294046466
21427,0.008123018059748775,0.0002780501089324619,0.9915989318313189
21428,0.6676790728967195,0.011596265513380373,0.32072466158989954
21429,0.8165496102874263,0.0166291294637247,0.16682126024884947
21430,0.6862102709101947,0.03190505809560581,0.2818846709941995
21431,0.8863993008577925,0.028925450467506882,0.08467524867470105
21432,0.8158057069556199,0.005197971513617749,0.17899632153076256
21433,0.46027723441919915,0.08638186177901756,0.4533409038017834
21434,0.9403203674177596,0.012586442263618344,0.0470931903186223
21435,0.8510999737582855,0.03646146070886682,0.11243856553284781
21436,0.1589859356482534,0.05182387649385921,0.7891901878578874
21437,0.22579262845292916,0.07257729464468386,0.7016300769023871
21438,0.7265378129665861,0.039998826450634024,0.23346336058278017
21439,0.7525416927436361,0.05069919362911408,0.19675911362724985
21440,0.938849746036611,0.007549814290759806,0.05360043967262888
21441,0.5652310677642441,0.1083579979113901,0.32641093432436546
21442,0.5805000713808878,0.06715210655502311,0.35234782206408943
21443,0.574745532433407,0.022696835888264582,0.4025576316783288
21444,0.9359345321829677,0.014740585305322566,0.04932488251171012
21445,0.9331705751196436,0.006466304758349133,0.06036312012200758
21446,0.3286206298181709,0.0730095214730243,0.5983698487088046
21447,0.5396222427456036,0.019176497889400314,0.44120125936499666
21448,0.04518217227217228,0.002236589336589337,0.9525812383912385
21449,0.8745735594011544,0.00930195480582766,0.11612448579301855
21450,0.8665804526620796,0.011032180801368184,0.12238736653655297
21451,0.928277347545543,0.041832370980186356,0.02989028147427073
21452,0.04918173071097498,0.00884194899836919,0.9419763202906559
21453,0.9171928598795253,0.03015441161942106,0.05265272850105351
21454,0.8791271955464212,0.016710618688968313,0.10416218576461088
21455,0.6189488867681422,0.03224210234155702,0.3488090108903008
21456,0.3307374504774837,0.11068132162501498,0.5585812278975014
21457,0.2998125934141462,0.19695182278345366,0.5032355838024005
21458,0.9322191094932151,0.006767427000156324,0.061013463506628784
21459,0.8574809575057885,0.03245177540664248,0.11006726708756948
21460,0.027532009939797795,0.022394979203802734,0.9500730108563994
21461,0.24035696893099082,0.08244181812097541,0.6772012129480334
21462,0.2269252595906,0.04953316826284286,0.723541572146557
21463,0.7351107810943094,0.009644415206259714,0.2552448036994311
21464,0.18915840200112394,0.007056900324111175,0.8037846976747651
21465,0.958322676811138,0.0033557215267574327,0.03832160166210508
21466,0.9571040384237516,0.008543681791083118,0.03435227978516501
21467,0.07540193861631012,0.014974362626811667,0.9096236987568782
21468,0.020848601624074984,0.00027365879925632483,0.9788777395766689
21469,0.9174455143698879,0.007003429786962137,0.07555105584315026
21470,0.81963123482731,0.004183512626751309,0.17618525254593842
21471,0.1750772475774942,0.24454641744465994,0.5803763349778458
21472,0.03747740592797611,0.013749321322368134,0.948773272749656
21473,0.9829305600487663,0.0018733275736481994,0.015196112377586187
21474,0.8630985774668772,0.026887643761883774,0.11001377877123918
21475,0.8872731161065227,0.0032169804883386754,0.10950990340513958
21476,0.03449876994305208,0.01749937688312672,0.9480018531738214
21477,0.5422451553118209,0.12015250535976525,0.3376023393284138
21478,0.38866529980600767,0.018874053284387522,0.5924606469096048
21479,0.9712299854390365,0.010735900862313503,0.01803411369864955
21480,0.81420864983178,0.008606297767869349,0.17718505240035098
21481,0.6476434914726307,0.015445826112489802,0.3369106824148802
21482,0.2581522660814558,0.08819222992170202,0.6536555039968422
21483,0.06051661506065578,0.03706832530579196,0.9024150596335521
21484,0.006666666666666667,0.005,0.9883333333333333
21485,0.9191403723631869,0.011535109453543182,0.06932451818326969
21486,0.9039214309596563,0.005834659005247006,0.09024391003509678
21487,0.956753387797873,0.007582060934385337,0.03566455126774236
21488,0.9010947378327935,0.009770960026891656,0.08913430214031506
21489,0.9443905917325861,0.006912011814952086,0.048697396452461954
21490,0.5601361274706077,0.01746617963204616,0.4223976928973464
21491,0.9392088916208762,0.012248374140772207,0.048542734238351176
21492,0.9537704266687369,0.00912994176626424,0.03709963156499909
21493,0.708529065274213,0.012028584812908137,0.2794423499128787
21494,0.9542679949774083,0.008165532018704612,0.03756647300388726
21495,0.7061498382430399,0.021296056190785187,0.27255410556617493
21496,0.28811587976492514,0.002321872878503327,0.7095622473565718
21497,0.9248082262999283,0.006220491999871514,0.06897128170020005
21498,0.9750207167477206,0.0035423082988374046,0.021436974953442288
21499,0.07475554832508445,0.003066307322553818,0.9221781443523617
21500,0.012342600817091513,0.005402464890306484,0.9822549342926021
21501,0.5528097605445882,0.021376801537838632,0.42581343791757337
21502,0.9233774133677046,0.004585182925990665,0.07203740370630601
21503,0.9138468856191865,0.008372950944973695,0.07778016343584053
21504,0.958977883772823,0.008643078006793925,0.03237903822038298
21505,0.8585196493343699,0.008934581852318609,0.13254576881331157
21506,0.7192405252205797,0.10126356385507668,0.17949591092434378
21507,0.07988794810853635,0.13840146563675979,0.7817105862547039
21508,0.9417233831642964,0.01759719011832999,0.040679426717374984
21509,0.306609002914768,0.01054416696740297,0.6828468301178292
21510,0.13829205784569973,0.053042150862077385,0.8086657912922228
21511,0.046827451955190336,0.03107253795791054,0.9221000100868991
21512,0.9408916276276342,0.01309735069422486,0.04601102167814149
21513,0.5361273631114307,0.012881325767937662,0.4509913111206318
21514,0.5271453494400976,0.08928659026216977,0.38356806029773255
21515,0.9783206280931984,0.003091696319746663,0.018587675587055465
21516,0.8977239195732042,0.010585831983418061,0.09169024844337814
21517,0.9638254053549745,0.014685177413588149,0.021489417231437196
21518,0.5716126417549486,0.08820271330529572,0.3401846449397553
21519,0.09455859483487464,0.010014684287812041,0.8954267208773133
21520,0.740901374971186,0.033149513315103234,0.22594911171371143
21521,0.9789732353831003,0.0016146912792526574,0.0194120733376477
21522,0.9353144453240513,0.008417845047576908,0.05626770962837163
21523,0.8856645416194788,0.028432796904335228,0.08590266147618578
21524,0.978925183867576,0.011781149434840543,0.009293666697583403
21525,0.9672743963429599,0.006284405112216076,0.02644119854482466
21526,0.9451195179860754,0.00282812110213065,0.05205236091179466
21527,0.7952427511630821,0.019885481830221263,0.18487176700669744
21528,0.3982782697986593,0.0010822263712595445,0.600639503830081
21529,0.2288392810218177,0.061013003788136885,0.7101477151900453
21530,0.9484245018540529,0.023356330420984672,0.028219167724961806
21531,0.005141118913344915,0.008397688060731538,0.9864611930259237
21532,0.33605138912854043,0.08096171867613805,0.5829868921953213
21533,0.973494386922233,0.0029767662660820553,0.023528846811684986
21534,0.9526718291315198,0.006699472327215218,0.04062869854126443
21535,0.9558020954040031,0.007337522899568665,0.03686038169642857
21536,0.9798444894365423,0.0037371968009691863,0.016418313762489402
21537,0.9335127445004313,0.019598411671989585,0.04688884382757904
21538,0.9272420930415124,0.004433613337196391,0.06832429362129154
21539,0.3356980389245998,0.13938931187553918,0.524912649199861
21540,0.8085018392576147,0.01963801512755708,0.17186014561482907
21541,0.7642324119511925,0.0068421664700805945,0.2289254215787271
21542,0.8668209568597708,0.010807895137638725,0.12237114800259008
21543,0.9168894559418385,0.012440906928030014,0.0706696371301308
21544,0.9634617605661834,0.011335921420524926,0.02520231801329091
21545,0.4760201234037036,0.15460351837351813,0.36937635822277815
21546,0.6167802924830752,0.07476170606444271,0.30845800145248237
21547,0.7124276019536572,0.015062977840754993,0.27250942020558805
21548,0.9423160556131791,0.0033855137708629344,0.05429843061595815
21549,0.6195579841861691,0.037287463179418286,0.3431545526344129
21550,0.9453124457982354,0.01647756402685666,0.03820999017490818
21551,0.2618685976820085,0.007975411050152587,0.7301559912678393
21552,0.03631540316541359,0.00683771261428333,0.9568468842203028
21553,0.8629559897038619,0.009512125086445677,0.12753188520969222
21554,0.23600734564217188,0.05074151558465265,0.7132511387731755
21555,0.02351740356896777,0.0002082058195181316,0.9762743906115143
21556,0.1134275824414041,0.02546432524861473,0.8611080923099812
21557,0.5129974094554053,0.1141092055587764,0.3728933849858186
21558,0.9460679287924213,0.008362907738993295,0.04556916346858568
21559,0.9566798071342627,0.013164331104208275,0.030155861761529165
21560,0.8139686062992579,0.020940661129239195,0.16509073257150267
21561,0.012474879292486654,0.020479720279720278,0.9670454004277931
21562,0.5953772656677585,0.008989450887562029,0.3956332834446794
21563,0.674858626638632,0.09921428490428787,0.2259270884570796
21564,0.4809424002829413,0.05122122564385173,0.467836374073207
21565,0.01628963939063895,0.0003706823816617435,0.9833396782276994
21566,0.6533737805582713,0.007259522048998184,0.33936669739273045
21567,0.09662452905619637,0.06004915856710042,0.8433263123767031
21568,0.15703164508967904,0.06791752451852892,0.7750508303917921
21569,0.9388891737809257,0.009412239219625937,0.05169858699944914
21570,0.9213827155947915,0.005175991911709393,0.07344129249349898
21571,0.9347987624135139,0.007231266536143473,0.05796997105034305
21572,0.9349728896798679,0.007017187183355273,0.05800992313677661
21573,0.05074572505511232,0.016849172757408958,0.9324051021874789
21574,0.9638533737968764,0.006235317138978463,0.029911309064145197
21575,0.894027922867074,0.01391885186452065,0.09205322526840594
21576,0.1953955882633354,0.2765550663465831,0.5280493453900815
21577,0.9033488821003173,0.0029260784834622723,0.09372503941622029
21578,0.904745367372037,0.038786067241986535,0.05646856538597657
21579,0.9746564923431218,0.007829766247915681,0.017513741408962974
21580,0.9612467248018451,0.009632880153620661,0.029120395044534272
21581,0.9750157622229172,0.011967073605652585,0.013017164171430229
21582,0.36357815755462686,0.27788686166647397,0.35853498077889895
21583,0.9753535997841116,0.002971135355455546,0.02167526486043371
21584,0.3575689769946988,0.003119805865953454,0.6393112171393482
21585,0.9511777553426661,0.013013803199367109,0.035808441457967397
21586,0.5981135085963348,0.016022372016547055,0.3858641193871187
21587,0.8406602217123863,0.016887182261594625,0.14245259602601923
21588,0.12768315018315016,0.09883699633699634,0.7734798534798535
21589,0.903718833550355,0.0066988039559335265,0.089582362493712
21590,0.5542126157595756,0.2815386790650422,0.16424870517538256
21591,0.7789223060522957,0.03661680123672745,0.18446089271097654
21592,0.9736303890439607,0.007313650463307728,0.019055960492732126
21593,0.23015388732628275,0.031103969845656713,0.7387421428280608
21594,0.9555638654099734,0.007803253838717574,0.036632880751309084
21595,0.9454802361211675,0.005547865426373528,0.04897189845245916
21596,0.9539546436579525,0.005952587641802914,0.040092768700244454
21597,0.9519418102427426,0.0035863705463578103,0.044471819210900036
21598,0.9227676189930054,0.005870289679320431,0.07136209132767463
21599,0.08058624377052236,0.021776594443400108,0.8976371617860776
21600,0.6115893591393748,0.08813788841387155,0.30027275244675367
21601,0.4329844362039778,0.014398943465601492,0.5526166203304206
21602,0.40116999511329826,0.020144513985324988,0.5786854909013769
21603,0.11177488243498161,0.03034421028294909,0.8578809072820691
21604,0.17596942443177288,0.03853799278976118,0.7854925827784666
21605,0.9297381282586906,0.00557998339504042,0.06468188834626956
21606,0.4679992545633298,0.056763950495692286,0.47523679494097804
21607,0.28952744383142986,0.00608771766633391,0.7043848385022368
21608,0.9543193607260736,0.004927887426386753,0.04075275184753926
21609,0.851043092192627,0.036076180270845894,0.11288072753652685
21610,0.5358542636493715,0.02231978433859403,0.4418259520120344
21611,0.9412315970996485,0.019749912267075415,0.039018490633276566
21612,0.9344730854319986,0.00232624066473772,0.06320067390326375
21613,0.788135367998888,0.027961532002119267,0.183903099998994
21614,0.8619355485915001,0.02466063283838789,0.11340381857011259
21615,0.5298342363673852,0.08005350560074406,0.3901122580318709
21616,0.008336350368931706,0.015192363056333645,0.9764712865747346
21617,0.9171441941574896,0.02553507100043431,0.05732073484207683
21618,0.4552856510284408,0.0038195348182782436,0.5408948141532809
21619,0.9416986579925951,0.0070087993375567,0.05129254266984809
21620,0.9437888151144824,0.006313211516046073,0.04989797336947151
21621,0.9142870470302263,0.012383650657454125,0.07332930231231992
21622,0.9330710671965153,0.017583743577136185,0.049345189226348535
21623,0.9374748792225049,0.004958454665980596,0.05756666611151523
21624,0.8027482982440398,0.017783785058695878,0.17946791669726547
21625,0.8542023757714319,0.025130830646417617,0.12066679358215036
21626,0.2095164121569047,0.017544922328812145,0.7729386655142831
21627,0.961257624287706,0.005771964910901264,0.03297041080139384
21628,0.940822692474002,0.011882909208418386,0.04729439831757857
21629,0.112605946252916,0.0046092954366810735,0.8827847583104034
21630,0.9389555559417759,0.009933527839150762,0.05111091621907352
21631,0.8676401966763744,0.018263495274622763,0.11409630804900331
21632,0.9834744134286001,0.004008556513682161,0.012517030057718594
21633,0.3983691869052103,0.013595234129626252,0.5880355789651636
21634,0.9631921586429183,0.005649938119320664,0.03115790323776023
21635,0.932030922445565,0.008552818685989793,0.05941625886844501
21636,0.9752686916564183,0.0010280365726265757,0.023703271770955905
21637,0.01834967320261438,0.0016666666666666668,0.9799836601307189
21638,0.9683776868384338,0.007596922876066924,0.02402539028549943
21639,0.9616356956184046,0.006550638904763954,0.03181366547683151
21640,0.8539463663144918,0.022554225039303568,0.12349940864620464
21641,0.8650998524563407,0.01463269308040033,0.12026745446326
21642,0.2775253116812776,0.16950144974562567,0.5529732385730968
21643,0.9337749403031741,0.0033663008694065563,0.06285875882742009
21644,0.10095949307649739,0.0345289516127925,0.86451155531071
21645,0.9765398785471184,0.0028969426979453027,0.02056317875493764
21646,0.9764902047902695,0.0067225380143645765,0.01678725719536632
21647,0.9483759729161909,0.00352655786814474,0.04809746921566486
21648,0.13274096984448255,0.6745228634714246,0.19273616668409282
21649,0.1424777708509135,0.17669234367836748,0.680829885470719
21650,0.008713997227097665,0.01340909090909091,0.9778769118638115
21651,0.8799479647016413,0.01829214291763092,0.10175989238072809
21652,0.6188084148206423,0.05688964499357039,0.32430194018578745
21653,0.8571639454788158,0.017535827980288098,0.12530022654089695
21654,0.9774278195097769,0.0018393218382406788,0.020732858651983335
21655,0.2598272337572945,0.02726486736299209,0.7129078988797136
21656,0.9117189542899492,0.013780545139676074,0.07450050057037501
21657,0.8701734000229099,0.016143700288359788,0.11368289968873017
21658,0.8754243401398877,0.012738981979640678,0.111836677880472
21659,0.039983945583174856,0.0058610949443850535,0.9541549594724398
21660,0.04505507975859565,0.0033333333333333335,0.9516115869080711
21661,0.12169884758287389,0.025261680596737925,0.853039471820388
21662,0.9326877131944571,0.024250809318993132,0.04306147748655005
21663,0.9502380919873534,0.004339381739829695,0.04542252627281764
21664,0.21955144349103098,0.0050027599587311984,0.7754457965502383
21665,0.2841514074456384,0.18864108606564745,0.5272075064887141
21666,0.32129072944951087,0.002564338290934617,0.6761449322595544
21667,0.9230109089115984,0.005911998533354524,0.07107709255504664
21668,0.34541438227678173,0.012693390328900172,0.6418922273943185
21669,0.9236003449143243,0.007927336916591986,0.06847231816908322
21670,0.95186958539512,0.006608943719370287,0.041521470885509545
21671,0.9408236095784152,0.002708306149623275,0.05646808427196186
21672,0.07562414940831952,0.06825572699749259,0.8561201235941879
21673,0.9432523384170838,0.006372624918764084,0.050375036664152176
21674,0.06540195697480092,0.02514606417489214,0.909451978850307
21675,0.8405572669574914,0.012084572492174308,0.1473581605503347
21676,0.09715414524394485,0.0062225949134790326,0.8966232598425762
21677,0.20479976942206893,0.050441051367648815,0.7447591792102821
21678,0.3936083775850577,0.022577863797722565,0.5838137586172203
21679,0.600563351670619,0.002597067895579504,0.3968395804338012
21680,0.9200088543600468,0.026249736381893984,0.05374140925805962
21681,0.2938165629317164,0.16544141690931974,0.5407420201589639
21682,0.4029961333631008,0.01814672555869095,0.5788571410782081
21683,0.8564640466660277,0.0032054986216447827,0.14033045471232766
21684,0.6723337152187441,0.01906284045806952,0.30860344432318676
21685,0.873667534790902,0.026930674697610797,0.09940179051148619
21686,0.6822651787685337,0.12703245606163538,0.19070236516983113
21687,0.9117605879654626,0.009363708526053388,0.07887570350848375
21688,0.9046420103301682,0.023314453804268255,0.07204353586556307
21689,0.5168162950067893,0.07359215653426046,0.4095915484589503
21690,0.4880957679645823,0.0016863454374151758,0.5102178865980026
21691,0.7924576568010134,0.014288012331582669,0.1932543308674044
21692,0.1430374231170057,0.002601545672868499,0.854361031210126
21693,0.9640705238218567,0.008638562569867125,0.02729091360827661
21694,0.894277008935106,0.016890432522699245,0.08883255854219464
21695,0.6285095121904196,0.023720083915691834,0.3477704038938887
21696,0.9062186337978013,0.0111037271303494,0.0826776390718499
21697,0.7524713221530525,0.022424487973481323,0.22510418987346645
21698,0.13047770536054376,0.0053137813358407615,0.8642085133036155
21699,0.06545787344953989,0.021696512881547433,0.9128456136689128
21700,0.9455009715926117,0.009223490004017997,0.04527553840337058
21701,0.048599775228949746,0.031224772966692887,0.9201754518043573
21702,0.9732918829982264,0.003996953053658934,0.022711163948114114
21703,0.039914537887522424,0.005897705900203999,0.9541877562122736
21704,0.7581847034953875,0.017274931419656716,0.2245403650849558
21705,0.7240202117649305,0.008390829492561957,0.2675889587425081
21706,0.5664423072644209,0.07529247212541247,0.35826522061016725
21707,0.028684466655932314,0.05444610349377425,0.9168694298502934
21708,0.9810654682309837,0.0015947034704337536,0.017339828298582674
21709,0.14004179810186476,0.014031196540261307,0.8459270053578739
21710,0.8571191540298105,0.017131698957049003,0.12574914701314066
21711,0.9060175139378093,0.0019828847591859037,0.09199960130300486
21712,0.8692868171290854,0.030708029768296504,0.10000515310261802
21713,0.9867326562694765,0.002814129546161169,0.010453214184362713
21714,0.9362834369692793,0.007949819911308114,0.05576674311941235
21715,0.6700921284690496,0.013852558047238735,0.31605531348371135
21716,0.9722622582224907,0.004768219266160987,0.022969522511348185
21717,0.9630564796513839,0.0050561565045604134,0.031887363844056854
21718,0.9463070530292457,0.007339624682508578,0.04635332228824587
21719,0.7719949040112198,0.03799858271727088,0.19000651327150958
21720,0.4799823614585651,0.021629916812223367,0.49838772172921153
21721,0.9292066239067718,0.0225523449547192,0.04824103113850908
21722,0.20108453600967777,0.007368711694582757,0.7915467522957393
21723,0.2477442781108493,0.12445396389256413,0.6278017579965864
21724,0.8926002585178082,0.025049775752114412,0.08234996573007759
21725,0.6787067908479995,0.026444847114668345,0.29484836203733245
21726,0.9572793818679306,0.0073077464146983915,0.03541287171737133
21727,0.7602420220222801,0.08977443453270206,0.14998354344501813
21728,0.9283596901825225,0.006616753877253334,0.06502355594022488
21729,0.028736011208721806,0.014778906316593989,0.9564850824746844
21730,0.17876616449290675,0.037110375654930826,0.7841234598521626
21731,0.8927116906014091,0.012892457756415501,0.09439585164217616
21732,0.9561200988458817,0.008047120040068724,0.0358327811140494
21733,0.9459028732578844,0.0022921088056393106,0.051805017936476176
21734,0.6335890698436698,0.008122761846346154,0.35828816830998395
21735,0.8377758217780809,0.010366683098773817,0.1518574951231455
21736,0.9706774623005446,0.011243160790827525,0.01807937690862836
21737,1.6025641025641026e-05,0.0016666666666666668,0.9983173076923078
21738,0.07533381356225224,0.03883873459996596,0.8858274518377818
21739,0.189183339964113,0.08295074380997189,0.727865916225915
21740,0.9728746675996601,0.0013433391624187978,0.02578199323792166
21741,0.9206219468050598,0.018551800654678628,0.06082625254026198
21742,0.9657795916616393,0.0016774359259267527,0.03254297241243453
21743,0.697034048182585,0.018870925813245697,0.2840950260041694
21744,0.5212012365871665,0.08522086076312606,0.3935779026497071
21745,0.36809192721796585,0.12626600829725831,0.5056420644847757
21746,0.8040155821280163,0.07521194349815984,0.12077247437382428
21747,0.8875457879282577,0.06476524645568539,0.04768896561605724
21748,0.9316730473779334,0.007886667896694816,0.06044028472537124
21749,0.9384345305135984,0.0053766486563842746,0.056188820830017694
21750,0.4268577617988355,0.01651154959512424,0.5566306886060401
21751,0.40648431191445655,0.35367790301480606,0.2398377850707374
21752,0.8889224155633921,0.04623109998406066,0.06484648445254737
21753,0.5786387685699893,0.03772180724947963,0.3836394241805312
21754,0.21354778501698626,0.028441550073851473,0.7580106649091624
21755,0.9294891428939936,0.0085589356380091,0.06195192146799735
21756,0.0018907944139315224,3.894080996884735e-06,0.9981053115050715
21757,0.9265983200821853,0.0320008511017595,0.04140082881605451
21758,0.5591465093963788,0.128823595570955,0.3120298950326662
21759,0.7104319084324814,0.03355275541170495,0.25601533615581323
21760,0.7969185859678091,0.008134675401079566,0.19494673863111142
21761,0.9481110693298933,0.007521161976955099,0.044367768693151566
21762,0.7919429833787401,0.08473389695829209,0.12332311966296781
21763,0.9835058706361328,0.0020845137750502775,0.014409615588817376
21764,0.874344307032981,0.020472834074192824,0.10518285889282751
21765,0.03920403849569631,0.018175443436915774,0.9426205180673878
21766,0.9433918395010589,0.00703166692190513,0.04957649357703497
21767,0.9064896428286218,0.02084926646874096,0.07266109070263692
21768,0.6815088951077672,0.004229750049275462,0.3142613548429566
21769,0.8595367145528848,0.03396279088430502,0.10650049456281027
21770,0.44081203786364853,0.3017547929673081,0.25743316916904335
21771,0.12965654768360893,0.04740067530784372,0.8229427770085475
21772,0.30996447723297427,0.007181341474653147,0.6828541812923727
21773,0.8445182350542905,0.011918457947424231,0.14356330699828546
21774,0.7488483859218523,0.004811415400392865,0.24634019867775464
21775,0.6082440671771921,0.22064128601812535,0.17111464680468225
21776,0.9589069378488727,0.015205437822200957,0.025887624328926145
21777,0.860801904339232,0.012923916838655862,0.12627417882211253
21778,0.9845974283778746,0.002073196961618714,0.01332937466050759
21779,0.629606283495743,0.03590398242223021,0.33448973408202687
21780,0.8799319939883823,0.010644259171263314,0.1094237468403545
21781,0.03811669947302506,0.04527125858942516,0.9166120419375497
21782,0.9019100019405198,0.025408208618416164,0.07268178944106371
21783,0.8623790399241731,0.017704843419372934,0.11991611665645423
21784,0.6432443414936891,0.03378381472787055,0.32297184377844107
21785,0.9847882962586336,0.007917742992989434,0.007293960748376924
21786,0.023984333551929606,0.0035111111111111116,0.9725045553369593
21787,0.958695707954854,0.00719687559277353,0.03410741645237236
21788,0.9409229313788217,0.012917099796251143,0.046159968824927844
21789,0.033920815075605744,0.0005029090591667554,0.9655762758652278
21790,0.41626111152288503,0.1345713564916714,0.4491675319854438
21791,0.9740539773812196,0.00272779460512941,0.023218228013651365
21792,0.9358218092323051,0.007907093843291193,0.05627109692440337
21793,0.16143933400889812,0.016105699807601313,0.8224549661835007
21794,0.9463919740459615,0.014887756897423087,0.03872026905661484
21795,0.947416257833181,0.0080399332224023,0.04454380894441681
21796,0.562777093897306,0.01510959953163663,0.4221133065710573
21797,0.9476480276237121,0.014032359427912896,0.03831961294837607
21798,0.4548000435443009,0.043171540279205604,0.5020284161764935
21799,0.1681741212402976,0.005461784125056965,0.8263640946346453
21800,0.9462636737242082,0.006288802443220634,0.04744752383257111
21801,0.9612709626846515,0.00791230835817795,0.030816728957170268
21802,0.7681193140327325,0.06808570853003001,0.1637949774372375
21803,0.8312699055081653,0.01813895971654861,0.15059113477528638
21804,0.2317428755730134,0.008550849824764834,0.7597062746022218
21805,0.08583164312880587,0.12422525182215426,0.7899431050490396
21806,0.7838508394867009,0.10170811786941304,0.1144410426438858
21807,0.8271629066610803,0.003171151645722308,0.1696659416931977
21808,0.667960653507518,0.04115310261490129,0.2908862438775811
21809,0.9173778940282749,0.0071636808855644425,0.07545842508616085
21810,0.019201976098946992,0.01636067602234176,0.9644373478787115
21811,0.9706529995057416,0.009958528343068962,0.019388472151189166
21812,0.13518952170888365,0.061506821245261904,0.8033036570458544
21813,0.9851656446955661,0.004713148148439191,0.01012120715599546
21814,0.9475459585647714,0.009227741008385672,0.043226300426843646
21815,0.8993522903918246,0.01017360611294802,0.09047410349522798
21816,0.12014148476503837,0.004557144241257006,0.8753013709937051
21817,0.15662647828016812,0.03991456235532419,0.8034589593645078
21818,0.946330578705847,0.008991311211101036,0.04467811008305233
21819,0.9327084715333872,0.005832336667962251,0.06145919179865083
21820,0.8966229168156002,0.021840899790863892,0.08153618339353609
21821,0.9512064876252886,0.026151558168014934,0.022641954206697054
21822,0.9733245866447866,0.004200089165397815,0.022475324189816223
21823,0.8602205524310794,0.007588277434081772,0.13219117013483875
21824,0.9019876448020422,0.017255433369855425,0.08075692182810244
21825,0.13207286700454227,0.008444444444444444,0.8594826885510133
21826,0.46013882530184796,0.013755591810123053,0.5261055828880291
21827,0.40452588099984016,0.003905796351906523,0.5915683226482533
21828,0.9438037079527356,0.006544953607054051,0.04965133844021002
21829,0.11994414866148553,0.016177927752544126,0.8638779235859708
21830,0.9393064855396605,0.019449613798065524,0.04124390066227444
21831,0.8918764386905716,0.03452024668896782,0.07360331462046087
21832,0.9217025901294041,0.00850274422828081,0.06979466564231496
21833,0.9496928823418763,0.006181302151242691,0.044125815506881085
21834,0.9702369890595786,0.005170521672158963,0.024592489268261762
21835,0.5778615648866416,0.0834035332815841,0.3387349018317744
21836,0.9606641415063528,0.0061420862714311845,0.033193772222216276
21837,0.33737001246315745,0.032470076409853464,0.6301599111269893
21838,0.9433449241001605,0.007270714935652805,0.04938436096418631
21839,0.9765369764827305,0.00954085431146913,0.013922169205800266
21840,0.9368271453229575,0.004557134581808724,0.05861572009523333
21841,0.9203918601512502,0.006809799481286155,0.07279834036746453
21842,0.11832034324984426,0.0032778378476299667,0.8784018189025261
21843,0.9373987072453902,0.01510969566168356,0.047491597092926045
21844,0.9606214861992193,0.004467435048484708,0.034911078752295654
21845,0.5355059167947464,0.010250969053793633,0.4542431141514599
21846,0.9483426332703171,0.006038695653117995,0.045618671076564594
21847,0.9676314215286674,0.01238779501335513,0.019980783457977207
21848,0.906844849537239,0.012762677408538172,0.08039247305422238
21849,0.9607528474455383,0.01585183319190749,0.023395319362554342
21850,0.3366720700230175,0.09625817535584162,0.5670697546211414
21851,0.7258906500270561,0.022827734924007272,0.2512816150489364
21852,0.024378471556115843,4.280530897959645e-05,0.9755787231349047
21853,0.9564466520832174,0.00902812315801779,0.034525224758764746
21854,0.9485433896911206,0.004417480250147499,0.047039130058732656
21855,0.8426737397866259,0.02051543027378205,0.13681082993959162
21856,0.014346260811565589,0.00017983100162132518,0.9854739081868132
21857,0.9414511758969771,0.007660099074915873,0.05088872502810756
21858,0.9243177009616694,0.008183573788121568,0.06749872525020954
21859,0.47878766432210323,0.01956126275391496,0.5016510729239821
21860,0.05532277824991876,0.012083891944956557,0.9325933298051248
21861,0.9646737395845071,0.012969306795200995,0.02235695362029245
21862,0.978563999389646,0.004113739911658101,0.017322260698696582
21863,0.9426299968493567,0.014893904268325351,0.04247609888231793
21864,0.8919638907932489,0.0671011113968681,0.04093499780988311
21865,0.9739509816595118,0.003601875873745412,0.022447142466743397
21866,0.44521718633562185,0.0672597147036983,0.48752309896068036
21867,0.9622407708148312,0.016177752811194095,0.02158147637397524
21868,0.5289233137006258,0.007480467198434734,0.46359621910094007
21869,0.27494324674186155,0.0006469980373311217,0.7244097552208073
21870,0.9444177375167908,0.013073112982688402,0.0425091495005202
21871,0.9181548826438778,0.019022235590907374,0.06282288176521515
21872,0.9041464923851757,0.026886904453286835,0.06896660316153733
21873,0.5922188554504406,0.004727531920192296,0.403053612629367
21874,0.9101871406446311,0.009034595499837234,0.08077826385553141
21875,0.9181289575276372,0.014176117047482126,0.06769492542488091
21876,0.03634702018278544,0.0049677110748737536,0.9586852687423412
21877,0.8957042319029961,0.017716035697726003,0.08657973239927787
21878,0.8974556586170572,0.026854270545891724,0.0756900708370516
21879,0.09870377655352759,0.017284188248098315,0.8840120351983739
21880,0.12399344329357329,0.0019960498765887345,0.8740105068298383
21881,0.1776621493430427,0.02055864364651726,0.8017792070104401
21882,0.982924139221986,0.0021697014921621266,0.014906159285852292
21883,0.8457241018515964,0.02206860891219861,0.1322072892362054
21884,0.08818195962761051,0.0006871090872300681,0.9111309312851595
21885,0.9565453525475482,0.003107515371403533,0.04034713208104799
21886,0.860072006840537,0.03972280697344669,0.10020518618601586
21887,0.9527519458359295,0.006572542560941413,0.0406755116031301
21888,0.9638875778426887,0.006011452056516027,0.030100970100794905
21889,0.5926292715506476,0.011763613649028032,0.39560711480032407
21890,0.9500172549765864,0.013217820096698096,0.036764924926715355
21891,0.929914214516477,0.016962868735303498,0.053122916748219694
21892,0.23125671025905917,0.07122278880316904,0.697520500937772
21893,0.9049638309724395,0.01630444412227099,0.07873172490528929
21894,0.9857701937142612,0.0035366394808167235,0.010693166804922917
21895,0.7991269364089908,0.028200415100422784,0.17267264849058686
21896,0.6645958180089236,0.03761751542929728,0.2977866665617787
21897,0.9312825564982652,0.008781398489468569,0.059936045012265675
21898,0.9240767744626218,0.01051392217036579,0.06540930336701281
21899,0.03623733554506268,0.013836565242961925,0.9499260992119752
21900,0.9361014561295997,0.006735917018144632,0.05716262685225607
21901,0.9461143650350362,0.007056105139109466,0.046829529825853256
21902,0.0034420289855072463,0.0034057971014492755,0.9931521739130433
21903,0.33780074930556003,0.14848371703715108,0.5137155336572886
21904,0.9576369832795651,0.012008303426678791,0.030354713293755775
21905,0.8552327565924158,0.03194523272301535,0.11282201068456824
21906,0.1801223151874945,0.019013592785479354,0.800864092027026
21907,0.9401629897603111,0.0081891975646814,0.051647812675007725
21908,0.2645530175013539,0.1035283826347862,0.6319185998638597
21909,0.716401675194455,0.07710845373885594,0.206489871066689
21910,0.21309079376157775,0.031493776495412996,0.7554154297430092
21911,0.8836029122059805,0.014219019765608227,0.10217806802841146
21912,0.897371723360959,0.014259499076025743,0.08836877756301509
21913,0.9213089036852438,0.013117290733495724,0.06557380558126066
21914,0.07581613431102034,0.009340426309561509,0.9148434393794179
21915,0.6190945773739356,0.0669996296065436,0.3139057930195204
21916,0.9713783168733261,0.009666920735796045,0.01895476239087753
21917,0.495151867432029,0.03356865004192895,0.471279482526042
21918,0.28734851060537087,0.03364190524110587,0.6790095841535233
21919,0.9639926753156093,0.007724099721582089,0.028283224962808256
21920,0.8651855384573108,0.01640197507273647,0.1184124864699532
21921,0.8997719049575867,0.027641139588263246,0.07258695545414985
21922,0.9421815418421674,0.0089066750015605,0.04891178315627281
21923,0.8569479785672474,0.04551531328231922,0.09753670815043405
21924,0.0017204301075268817,0.013333333333333334,0.9849462365591398
21925,0.9064587779504797,0.011015546154588062,0.0825256758949327
21926,0.22814835579830278,0.07136105688948155,0.7004905873122157
21927,0.5635250748261179,0.004312188262395735,0.43216273691148616
21928,0.956080229386024,0.017387200096110864,0.026532570517864743
21929,0.43797500685901164,0.15556668405624713,0.40645830908474123
21930,0.24904708255187188,0.022159942962868433,0.7287929744852598
21931,0.9703708313503396,0.0027497540860548526,0.026879414563606277
21932,0.5957001284709417,0.09517655976587314,0.3091233117631852
21933,0.2048495479808719,0.03392003264358044,0.761230419375548
21934,0.9179068635954916,0.014482936955198427,0.0676101994493101
21935,0.9598000810499904,0.007681228208148729,0.03251869074186083
21936,0.959684385175498,0.0059457725463972644,0.034369842278105835
21937,0.31903115950831973,0.024175534832395543,0.6567933056592845
21938,0.8496380830826178,0.019093995379601485,0.13126792153778113
21939,0.01893042353889402,0.0004363905325443787,0.9806331859285616
21940,0.9832719499647748,0.002293301708170885,0.014434748327054579
21941,0.7753282770607232,0.007191315389426684,0.2174804075498505
21942,0.45227281380705314,0.03788883166505016,0.509838354527897
21943,0.14658971264481016,0.03999451055420831,0.8134157768009818
21944,0.9617271320169752,0.006237462789219361,0.032035405193804906
21945,0.9636546786542505,0.0019876783612231917,0.03435764298452771
21946,0.5581131284555914,0.13650520212359643,0.30538166942081224
21947,0.7780508637100063,0.034765973537776454,0.18718316275221708
21948,0.3834971062500326,0.004271382416133984,0.6122315113338337
21949,0.9231952338254868,0.005216960359170299,0.07158780581534244
21950,0.9724934014933884,0.0026866519451830616,0.024819946561428715
21951,0.8376091328478698,0.02469795510020597,0.13769291205192458
21952,0.09859743069133103,0.008736126787366178,0.8926664425213026
21953,0.9419341361067591,0.007094772654229983,0.05097109123901012
21954,0.9862399928311906,0.0038399289218313776,0.009920078246978119
21955,0.9024868930307532,0.008174738673235727,0.08933836829601166
21956,0.9389749794782474,0.011716731686501407,0.049308288835251034
21957,0.8551663695771293,0.026420707350851634,0.11841292307201912
21958,0.024000808983397008,0.0011702863273784518,0.9748289046892247
21959,0.9329267195542102,0.004782174463784931,0.06229110598200512
21960,0.9395306772150036,0.008620989524000507,0.051848333260996186
21961,0.23470048840048843,0.08329722222222222,0.6820022893772894
21962,0.14080537629584236,0.030289985075930108,0.8289046386282277
21963,0.646126783664115,0.0030827352765256982,0.35079048105935917
21964,0.900502540484808,0.02993138219741158,0.06956607731778032
21965,0.9633145798599307,0.012704244067267553,0.023981176072802438
21966,0.41153406857859265,0.19016357433316544,0.3983023570882418
21967,0.47893817315144505,0.008835761514963639,0.5122260653335914
21968,0.6788917923719214,0.025766894336660615,0.29534131329141733
21969,0.6085669522507655,0.006298389362157897,0.385134658387077
21970,0.03909650546724331,0.03398532380335066,0.9269181707294062
21971,0.8933898042110204,0.012400684372135902,0.09420951141684326
21972,0.5977309129703812,0.029330297753598553,0.37293878927602025
21973,0.9776368171522895,0.0016515761052263574,0.020711606742485296
21974,0.517568369936468,0.007536145497252438,0.4748954845662796
21975,0.9182963609432803,0.007465771784204236,0.07423786727251566
21976,0.017496991597475028,0.00516495966537703,0.977338048737148
21977,0.13095860965511744,0.007855033414804733,0.861186356930078
21978,0.02487457663051678,0.0005221173758076586,0.9746033059936758
21979,0.7815597427762401,0.007264709702108969,0.21117554752165113
21980,0.9617695890189292,0.0056224809949599565,0.03260792998611183
21981,0.8714934197866067,0.021880791645787954,0.1066257885676047
21982,0.5702729654964691,0.014354905113715016,0.41537212938981616
21983,0.9428121869636851,0.00845745546356165,0.04873035757275307
21984,0.3924133263812352,0.024615532823293207,0.5829711407954716
21985,0.8771471461720989,0.029599217105753133,0.09325363672214788
21986,0.9183096990604823,0.007153963548940018,0.07453633739057773
21987,0.9596701544932003,0.0141481988162304,0.026181646690569264
21988,0.9624287581716419,0.002575470775758641,0.034995771052599614
21989,0.3649111178597238,0.01122376254900001,0.6238651195912763
21990,0.9457229209330579,0.005376929116395981,0.04890014995054651
21991,0.04392244718166474,0.0001963993581358875,0.9558811534601994
21992,0.9679862962414103,0.00527978379304623,0.026733919965544004
21993,0.8820198108794114,0.00956567186036369,0.1084145172602242
21994,0.804166214513454,0.027915548416722558,0.16791823706982406
21995,0.9416560905975708,0.01568435012732509,0.04265955927510374
21996,0.6791201935175747,0.05820626176692637,0.26267354471549886
21997,0.9470217085356302,0.006768744164244178,0.046209547300124935
21998,0.9399369612227854,0.004473574308649204,0.05558946446856558
21999,0.9592700875734083,0.010833034160331285,0.029896878266260595
22000,0.9729083657644567,0.001924119347567258,0.025167514887976444
22001,0.5236186169711459,0.0547605755051122,0.4216208075237422
22002,0.008868135501708002,0.0032263493481302,0.9879055151501619
22003,0.952249364593707,0.007595347631463745,0.04015528777482988
22004,0.5325065895219552,0.0558946998084413,0.4115987106696035
22005,0.9519701881517981,0.008400572578487819,0.03962923926971365
22006,0.9312324401122694,0.008539458071208367,0.06022810181652218
22007,0.6801531533359366,0.0971347310492158,0.22271211561484777
22008,0.2071617782158914,0.016818438601754804,0.7760197831823541
22009,0.9178212328523576,0.02091642210289383,0.061262345044748694
22010,0.6927810194255911,0.12023500288397557,0.1869839776904336
22011,0.9561999722409659,0.004868072718232074,0.03893195504080234
22012,0.9085577828680249,0.008880672619414486,0.08256154451256054
22013,0.022940462797856966,0.01001710738962609,0.9670424298125172
22014,0.08878696150561302,0.03327428414593722,0.8779387543484499
22015,0.15882391656235495,0.016290936348779383,0.8248851470888661
22016,0.6184940670858394,0.038293538416263304,0.3432123944978969
22017,0.9166210613557494,0.03950969912058832,0.043869239523661556
22018,0.9509419077748326,0.007097620845237892,0.04196047137992931
22019,0.5121581114563973,0.0037626127308168418,0.4840792758127859
22020,0.09259068627450981,0.12086805555555555,0.7865412581699347
22021,0.9456816692021129,0.017341023438346887,0.036977307359540336
22022,0.9446881253108539,0.006025101649483349,0.04928677303966291
22023,0.9553433832740869,0.006969458625642531,0.037687158100270964
22024,0.9527756362107402,0.011398538801922984,0.03582582498733704
22025,0.8439775979810022,0.01309230872930861,0.14293009328968959
22026,0.41564671901426486,0.029197653537563772,0.5551556274481709
22027,0.9419364799962805,0.005950589512718745,0.05211293049100042
22028,0.9255427833757742,0.014945767748341412,0.05951144887588453
22029,0.9580621511577088,0.009286577562897656,0.03265127127939435
22030,0.24599349210476415,0.003877325866757712,0.7501291820284782
22031,0.295196752166539,0.09786058294421981,0.6069426648892411
22032,0.8319974027376293,0.02123626522938287,0.14676633203298853
22033,0.8916441257886153,0.005013574029990731,0.1033423001813947
22034,0.9514409914385872,0.0076952382806378,0.04086377028077535
22035,0.06115888195512722,0.010929040723432372,0.9279120773214408
22036,0.4616858116335837,0.28084607875482276,0.2574681096115935
22037,0.9242345691747029,0.0305278273444046,0.04523760348089279
22038,0.944920489195761,0.007097197616928133,0.04798231318731118
22039,0.02180934520863476,0.002145883065648122,0.9760447717257178
22040,0.9380498996743404,0.006661108063547012,0.055288992262112896
22041,0.9006209580588505,0.005739301472995086,0.09363974046815471
22042,0.46477786299291535,0.012580573683922743,0.5226415633231619
22043,0.7356903967990442,0.13449198678541982,0.12981761641553594
22044,0.9813475987768832,0.008307220572636357,0.010345180650481671
22045,0.2952646985560006,0.0397744038076042,0.6649608976363953
22046,0.9533397467422302,0.0028222482778330203,0.04383800497993775
22047,0.3616439079235458,0.2937619035674738,0.34459418850898027
22048,0.9305273952185902,0.006368568093215949,0.06310403668819325
22049,0.9289166495104143,0.03311638399142678,0.037966966498158734
22050,0.7801227501787651,0.0056063036616030865,0.21427094615963194
22051,0.015382224872045231,0.007277777777777779,0.977339997350177
22052,0.6196604105218637,0.16814067879731967,0.21219891068081753
22053,0.9503679776080528,0.0071972083832054735,0.04243481400874145
22054,0.13864685883599256,0.0958521322062621,0.7655010089577456
22055,0.9781028396157811,0.005863736798564882,0.016033423585654464
22056,0.9354455073036473,0.007541088930967779,0.05701340376538469
22057,0.8924301381034888,0.024486528718307903,0.08308333317820374
22058,0.9547821206354143,0.00896932919172444,0.036248550172861445
22059,0.12108229946148116,0.06255911540332593,0.8163585851351931
22060,0.9504664745861097,0.006771304360901274,0.04276222105298917
22061,0.9687591011629274,0.011232351083817198,0.02000854775325629
22062,0.8319436089620659,0.028885999889168398,0.1391703911487655
22063,0.9392517652663824,0.005892054995123355,0.05485617973849365
22064,0.904544251463084,0.008753161353681396,0.08670258718323395
22065,0.049558764817303924,0.006595068984346881,0.9438461661983494
22066,0.05299130749771235,0.04550614377160608,0.9015025487306819
22067,0.8855257778491599,0.04536368507640434,0.06911053707443632
22068,0.9372869171227022,0.0030506289686012106,0.059662453908696865
22069,0.8849547516433849,0.01582305814925235,0.09922219020736348
22070,0.8843025900612768,0.02835882026251925,0.08733858967620418
22071,0.9574224634266856,0.010263836082279909,0.032313700491034644
22072,0.20480047106882554,0.0038706843056167204,0.7913288446255582
22073,0.9712087315102221,0.004461737998350764,0.024329530491427408
22074,0.19356107189135752,0.04497605560097562,0.7614628725076666
22075,0.0355235823429369,0.007110676691933267,0.9573657409651298
22076,0.4161482492526989,0.06180493434561214,0.5220468164016887
22077,0.031154653958920607,0.005675147271004994,0.9631701987700744
22078,0.9535661837143482,0.007179765690157926,0.03925405059549507
22079,0.9644058361898883,0.006875644323703178,0.028718519486408182
22080,0.9116365037319601,0.027097983087474214,0.06126551318056598
22081,0.4285199636727193,0.05063135644142719,0.5208486798858535
22082,0.834766865232198,0.021979169800472088,0.14325396496733023
22083,0.6935142581971133,0.022436333105401298,0.2840494086974854
22084,0.9046725921785018,0.01944009025298116,0.07588731756851735
22085,0.9037687000229682,0.01339002088507173,0.08284127909196018
22086,0.2387001078685924,0.06648614977792855,0.6948137423534793
22087,0.9027995258779851,0.011542020294748696,0.08565845382726697
22088,0.18762778797092616,0.03908049409368332,0.7732917179353905
22089,0.9547655600286559,0.0008469627857923556,0.04438747718555247
22090,0.9676424309563826,0.014149996848628315,0.018207572194989276
22091,0.948371657119776,0.007770676873638493,0.04385766600658498
22092,0.9294398305832193,0.012733565523731191,0.05782660389305009
22093,0.1799081687713523,0.06381361763068581,0.7562782135979618
22094,0.3876032973402945,0.007748183481634805,0.604648519178071
22095,0.8993765993320054,0.011203631167785708,0.08941976950020881
22096,0.8046462252812216,0.07339158749110504,0.12196218722767374
22097,0.9203187921468463,0.005939467951488961,0.07374173990166402
22098,0.8727840445117556,0.0428548378807899,0.08436111760745398
22099,0.5773178522148491,0.014681432984024755,0.4080007148011264
22100,0.8802242227347375,0.011344513492343052,0.10843126377292062
22101,0.7985214843554765,0.008347326996162285,0.19313118864836135
22102,0.94044987007246,0.006291432637160474,0.053258697290379624
22103,0.49094245217062205,0.055256910380527116,0.45380063744885113
22104,0.04183161091194812,0.007694480438945958,0.9504739086491063
22105,0.4966217590815275,0.02709811249353231,0.4762801284249403
22106,0.8319303777422672,0.06184590637011355,0.10622371588761942
22107,0.017273558659241888,0.006943974031877447,0.9757824673088805
22108,0.9673140723765582,0.02094576685837988,0.011740160765062896
22109,0.7408967656357578,0.01209350556527561,0.24700972879896668
22110,0.8590373739131439,0.03971418739329686,0.10124843869355962
22111,0.9648504339676367,0.016555518435858858,0.018594047596505254
22112,0.9693215590265303,0.008940060350962802,0.021738380622507266
22113,0.9725129206628659,0.004622662897458088,0.022864416439676124
22114,0.899469424035095,0.004465572296521209,0.09606500366838387
22115,0.9602509234557319,0.01512967740512889,0.024619399139139325
22116,0.4249707160340368,0.01981034306153976,0.5552189409044237
22117,0.9540104667951679,0.011285343963409281,0.03470418924142369
22118,0.04606828453303693,0.0046342871613460805,0.9492974283056174
22119,0.20734682591136688,0.07526630976536544,0.7173868643232676
22120,0.917961419343161,0.01839080866879189,0.06364777198804704
22121,0.893962565044152,0.014854947160463136,0.0911824877953855
22122,0.9609644824863756,0.011169270257943668,0.027866247255680723
22123,0.19435227200886657,0.037487740070351654,0.7681599879207823
22124,0.6167845093757641,0.019009206072148944,0.3642062845520872
22125,0.5954999145078254,0.09887829555231673,0.30562178993985833
22126,0.903794399187287,0.021566559628432368,0.07463904118428068
22127,0.8614987930176363,0.014225913051106766,0.12427529393125653
22128,0.34338680125207055,0.033847193327855324,0.6227660054200741
22129,0.9611507224521697,0.0025203532599465195,0.03632892428788467
22130,0.08739852444599937,0.028398217975022632,0.884203257578978
22131,0.05501780691581862,0.03052436069383268,0.9144578323903488
22132,0.005484572993765195,2.2964039138326615e-05,0.9944924629670965
22133,0.339848080480629,0.37689034760958423,0.28326157190978674
22134,0.150643181266957,0.0037442374431634682,0.8456125812898792
22135,0.9756060438808045,0.009725848685209664,0.014668107433985493
22136,0.9371165421666654,0.007865415444965307,0.055018042388368944
22137,0.9387918659653648,0.005766134465470337,0.0554419995691644
22138,0.8367389159800791,0.011069472079744304,0.15219161194017705
22139,0.12160662745550517,0.09905728865432813,0.7793360838901668
22140,0.07320358647407021,0.11968950644799198,0.8071069070779379
22141,0.7356814347402405,0.0036059167329503578,0.26071264852680914
22142,0.9219056957285985,0.009996489028759615,0.06809781524264236
22143,0.9864995868528649,0.0026942278610067026,0.010806185286128383
22144,0.6907461085543727,0.03612077880785506,0.27313311263777185
22145,0.11681552322574275,0.016306754151777392,0.86687772262248
22146,0.8649461621164797,0.016486554328698836,0.11856728355482228
22147,0.9626190637772819,0.012878979547495048,0.024501956675222945
22148,0.9587006735779084,0.014897164003371564,0.02640216241872081
22149,0.9295443860272428,0.005934857203387223,0.06452075676937104
22150,0.7947696704156118,0.013328141613811309,0.19190218797057695
22151,0.9595218097836581,0.017853446008505757,0.022624744207835817
22152,0.8971250639115483,0.006641032724820608,0.09623390336363158
22153,0.021666666666666667,0.007916666666666667,0.9704166666666667
22154,0.15426660868775946,0.00706678102853638,0.8386666102837043
22155,0.12318335939864078,0.11677312088073855,0.7600435197206207
22156,0.9446476516474476,0.006823603132520478,0.04852874522003249
22157,0.7989019689517941,0.00805507554767188,0.19304295550053402
22158,0.939780511966873,0.009141850766793302,0.05107763726633332
22159,0.12698333522945052,0.015751056515605807,0.8572656082549442
22160,0.030454513159278492,0.00030862490718136797,0.9692368619335402
22161,0.9565829535905469,0.004450942671376339,0.03896610373807683
22162,0.9526203404870605,0.008563836137070173,0.03881582337586881
22163,0.5128774950843776,0.010927779170984262,0.4761947257446383
22164,0.9771659603961751,0.0041720227148690356,0.01866201688895622
22165,0.9000852992138151,0.01118785963799739,0.08872684114818806
22166,0.6382996657185448,0.10809395527036084,0.2536063790110944
22167,0.9723927444655912,0.0017684693219657654,0.025838786212442608
22168,0.9289331402306102,0.011939964492063124,0.059126895277327056
22169,0.9029893614576696,0.007840983548220054,0.08916965499411
22170,0.9853642455394495,0.001961616496789884,0.012674137963761555
22171,0.7953369391127133,0.02568465405443996,0.1789784068328461
22172,0.7523561321917088,0.01583427801789007,0.23180958979040198
22173,0.9193696967068854,0.007226772106976852,0.07340353118613728
22174,0.9312212403115084,0.009212052553932407,0.05956670713455989
22175,0.019823072769599853,0.015504864688087644,0.9646720625423124
22176,0.9133921389238393,0.01262824917878125,0.07397961189737956
22177,0.9668018846819781,0.0036841499276590965,0.02951396539036364
22178,0.8482956048562422,0.04284107517013377,0.1088633199736243
22179,0.9478667843016463,0.005564652457901634,0.04656856324045289
22180,0.18142355676218883,0.010495077063623568,0.8080813661741879
22181,0.9421306615151867,0.004140928364908283,0.05372841011990573
22182,0.956740847927662,0.007039474890695671,0.036219677181641916
22183,0.9110068193785613,0.06466878825253855,0.024324392368900112
22184,0.8325458323298967,0.04848154698259609,0.11897262068750748
22185,0.9765235847107434,0.0023329079268147456,0.02114350736244174
22186,0.897587450081863,0.038498837921773006,0.0639137119963636
22187,0.9403173788475903,0.008530419347370175,0.051152201805040425
22188,0.9272389467388318,0.014365912689285238,0.05839514057188286
22189,0.8645576924152344,0.018363608770730733,0.11707869881403535
22190,0.9182290654824525,0.004143922360423713,0.07762701215712406
22191,0.05612355677448696,0.002097585089012491,0.9417788581365006
22192,0.5090477315776569,0.01517611971094805,0.4757761487113953
22193,0.9847818086697298,0.003153336258736266,0.012064855071534607
22194,0.6774240899260059,0.03577899046687835,0.2867969196071157
22195,0.8161266370846384,0.04631294802603118,0.13756041488933013
22196,0.775461899667391,0.016236193048931653,0.2083019072836772
22197,0.3182706990113628,0.0037671026752972027,0.6779621983133405
22198,0.980736408613095,0.0023175311332290596,0.016946060253675933
22199,0.9495881414590899,0.0018926167126731648,0.048519241828237816
22200,0.1598930322996565,0.0022207533603282124,0.8378862143400153
22201,0.9013988385054784,0.009448038383169568,0.0891531231113513
22202,0.6007814401907758,0.007446085329792589,0.3917724744794318
22203,0.9665593622887083,0.011987883453800125,0.021452754257491467
22204,0.9530168883110159,0.00423039514338848,0.042752716545596085
22205,0.9399823506683316,0.01629503829025376,0.043722611041414235
22206,0.9286522689806147,0.010038319075635576,0.061309411943750385
22207,0.7413636271786547,0.03647310602463998,0.2221632667967058
22208,0.9578146952296506,0.0060832766053484965,0.036102028165001375
22209,0.3033091448603008,0.01009740128290316,0.6865934538567964
22210,0.3555663528144447,0.07715484966532751,0.5672787975202281
22211,0.6847522045473095,0.020416070982788758,0.2948317244699021
22212,0.9658584108499938,0.010169433130998978,0.023972156019007224
22213,0.12017527553673797,0.031187352875702068,0.84863737158756
22214,0.9658013855187001,0.009212444067941992,0.024986170413358332
22215,0.7813568085125291,0.024602893390868505,0.19404029809660298
22216,0.8560800246591538,0.02176890412246543,0.12215107121838097
22217,0.38558903226472263,0.13187070890614264,0.4825402588291348
22218,0.4652850452910506,0.10250095710539431,0.43221399760355494
22219,0.9615791320561651,0.0062102062120681185,0.03221066173176695
22220,0.839035826402495,0.02015920824853582,0.1408049653489689
22221,0.18912868460735535,0.031865960212411504,0.7790053551802333
22222,0.29726569464489777,0.09677697405638835,0.6059573312987138
22223,0.9593174858446046,0.0021077831723184757,0.03857473098307759
22224,0.039519835949078964,0.0037859247234247237,0.9566942393274962
22225,0.9861541121121011,0.0019048993312273303,0.011940988556672133
22226,0.965995192531671,0.003417676329076516,0.030587131139252897
22227,0.9348775837695985,0.005389037347893612,0.059733378882508056
22228,0.706811587035936,0.028110493367564958,0.2650779195964984
22229,0.8814844331237875,0.0216515523379534,0.09686401453825913
22230,0.7512944498472347,0.024117584635922135,0.22458796551684349
22231,0.03004269230769231,0.018333333333333333,0.9516239743589745
22232,0.9755297749036975,0.002521981115872729,0.021948243980429598
22233,0.5639197609250759,0.017885331258933986,0.41819490781599034
22234,0.9744593973098237,0.002327595888931177,0.02321300680124537
22235,0.9684657931853906,0.005763337401039669,0.02577086941356949
22236,0.9522995796073347,0.0070769857830124405,0.04062343460965196
22237,0.6315844508819195,0.005078736728455933,0.36333681238962495
22238,0.9333985669776007,0.007590768655082331,0.05901066436731657
22239,0.9349178032123183,0.00945303178231807,0.05562916500536385
22240,0.9597131214146788,0.006720234192540587,0.033566644392780724
22241,0.5935868149702904,0.02384462021092752,0.38256856481878204
22242,0.966304785534998,0.01211775081107072,0.021577463653931806
22243,0.9549841681075031,0.015750201559946782,0.02926563033255094
22244,0.9542382625789003,0.024065779224436118,0.021695958196664283
22245,0.8958437630197867,0.013310080044207126,0.09084615693600623
22246,0.81360700602392,0.014636215111155532,0.17175677886492405
22247,0.9724789524524882,0.009359820183667234,0.018161227363844987
22248,0.8658778666628835,0.02739929027869471,0.10672284305842224
22249,0.9654901799281167,0.0028697933821939235,0.03164002668968969
22250,0.9427402490502352,0.006697708887078839,0.050562042062686094
22251,0.6422535429909544,0.11850742234731595,0.23923903466172977
22252,0.8159836412428643,0.023294218595745562,0.16072214016139053
22253,0.9409338412649565,0.009514773437009051,0.049551385298034496
22254,0.04677222942787145,0.015,0.9382277705721286
22255,0.9469605980880683,0.004375443758278251,0.048663958153653604
22256,0.9000682787537446,0.029107328908170273,0.07082439233808527
22257,0.7945085813923181,0.00464657610686533,0.2008448425008164
22258,0.711661294576223,0.003986655217944773,0.2843520502058324
22259,0.8968121846614658,0.005944477174731469,0.09724333816380304
22260,0.8288796616740371,0.02206105208666832,0.14905928623929424
22261,0.7147869945151158,0.04903556190264923,0.23617744358223494
22262,0.504525201997311,0.06833387409915498,0.42714092390353425
22263,0.023260077741586387,0.00045362190736674405,0.9762863003510474
22264,0.8863789366960236,0.030800973677039607,0.08282008962693753
22265,0.06445545828398297,0.007392583538920303,0.9281519581770965
22266,0.9397065189060048,0.017947075282948918,0.04234640581104598
22267,0.8679244794296886,0.01501670927201514,0.11705881129829689
22268,0.9057963190014415,0.03396916216690675,0.060234518831651665
22269,0.7180286147323242,0.05880017979233323,0.22317120547534264
22270,0.9633238537784632,0.010125181676913621,0.026550964544622857
22271,0.5045247437008307,0.012181709354489924,0.4832935469446795
22272,0.9142462552550981,0.0022347779792052176,0.08351896676569741
22273,0.0283845908041077,0.0037940431899623904,0.9678213660059303
22274,0.0439941834052181,0.002715291678321225,0.9532905249164609
22275,0.9329072114514345,0.008027001257780553,0.059065787290784516
22276,0.9428121211720553,0.007243433761333334,0.04994444506661085
22277,0.924958283042141,0.0071458869525756,0.06789583000528422
22278,0.8829926816628834,0.017068017021403457,0.09993930131571346
22279,0.8993924215009271,0.04458677711819692,0.05602080138087617
22280,0.9486874893199505,0.011716149949492133,0.03959636073055716
22281,0.9087621582428379,0.01725144018846267,0.07398640156869866
22282,0.6043516133685091,0.14564424022392597,0.25000414640756513
22283,0.5130296981642971,0.012993459522737881,0.47397684231296516
22284,0.8982773611562599,0.040790752921016755,0.060931885922723174
22285,0.9613212217186367,0.007311370285307042,0.03136740799605647
22286,0.9011310397438614,0.012757401273141953,0.08611155898299712
22287,0.9353669128998475,0.007513093410529073,0.0571199936896231
22288,0.9855394742833952,0.0019334430225887433,0.01252708269401663
22289,0.7996371274867489,0.05471027456179388,0.1456525979514573
22290,0.06273809794402062,0.054875729394333196,0.8823861726616462
22291,0.3775904645817874,0.09046238167050703,0.5319471537477056
22292,0.9278538990401679,0.00683873870815526,0.06530736225167764
22293,0.7132367357234356,0.0495626575291443,0.2372006067474205
22294,0.35849200792857433,0.07183765729597305,0.5696703347754526
22295,0.284529628170026,0.11822101370294182,0.5972493581270322
22296,0.585841966252932,0.03474732214093789,0.37941071160613005
22297,0.8926571443326039,0.002835941530918025,0.10450691413647861
22298,0.4906649515167794,0.01197950113572822,0.49735554734749265
22299,0.012173038574791345,0.006672816728167282,0.9811541446970413
22300,0.2784506293722823,0.028012148557013124,0.6935372220707048
22301,0.9218220457873718,0.021294122209477077,0.05688383200315228
22302,0.5248180488255376,0.15061614649268543,0.324565804681777
22303,0.9619034501402343,0.006798505270167293,0.03129804458959871
22304,0.65659221558259,0.04973738686072546,0.2936703975566845
22305,0.7326852951518948,0.018865981743457914,0.2484487231046474
22306,0.9796051631072722,0.006845717904384938,0.013549118988344204
22307,0.8701745900350588,0.020398676156019042,0.10942673380892237
22308,0.11226386430202075,0.01425913139603803,0.8734770043019413
22309,0.98048792157652,0.006666058928180772,0.012846019495300771
22310,0.9810684180552416,0.004626704579273052,0.014304877365485021
22311,0.9616356877953774,0.010949731892752524,0.02741458031186999
22312,0.7500859824754539,0.003889010264999446,0.24602500725954657
22313,0.08196845648202779,0.02752898777927525,0.890502555738697
22314,0.21552948870303112,0.018365621742261303,0.7661048895547077
22315,0.9770756353334059,0.003773299662864775,0.01915106500373051
22316,0.9559845748544367,0.014207113972376681,0.029808311173186983
22317,0.023322958043732567,0.0003972422432968987,0.9762797997129711
22318,0.9075785121557948,0.007317739568663749,0.08510374827554137
22319,0.2241011065690185,0.003416311901088245,0.7724825815298934
22320,0.9487655042106073,0.009491225031112398,0.04174327075828041
22321,0.9516706362266966,0.01714408255142032,0.031185281221883278
22322,0.7184907756862965,0.014441483086342386,0.26706774122736093
22323,0.8694062258643982,0.02745159527628096,0.10314217885932116
22324,0.08145228213686295,0.02127606984944239,0.897271648013695
22325,0.6972496096219297,0.010249923787292068,0.29250046659077794
22326,0.9516733715814871,0.012380216939784375,0.035946411478728776
22327,0.8650116618354159,0.045890091963436984,0.08909824620114706
22328,0.9614229192763398,0.014039493624442772,0.02453758709921801
22329,0.8173924745595398,0.030253222805933414,0.1523543026345272
22330,0.8464753515778615,0.005982284346664551,0.1475423640754744
22331,0.015041724496669179,0.009262922524267712,0.9756953529790633
22332,0.8440893929647203,0.012037044396412054,0.14387356263886766
22333,0.3650893289762899,0.1523638923693415,0.4825467786543685
22334,0.9463026798310106,0.007252650305579868,0.046444669863409234
22335,0.9783789723109307,0.0016676206959146673,0.019953406993155662
22336,0.9436125261843443,0.003411739615505601,0.05297573420015014
22337,0.9443369445485399,0.006488229762642655,0.04917482568881808
22338,0.9459104381589276,0.006639342582430825,0.0474502192586425
22339,0.9697255946593725,0.014325762926653374,0.015948642413974222
22340,0.8652118986972727,0.04300333411314017,0.09178476718958678
22341,0.9518380612750345,0.009010850440791637,0.03915108828417386
22342,0.9542010673190724,0.0070175957487579954,0.03878133693216995
22343,0.6300353172854114,0.05164505606078758,0.31831962665380104
22344,0.8932035577318362,0.04129677914239614,0.06549966312576752
22345,0.9632020600747828,0.007671097964423984,0.029126841960792665
22346,0.35086629472741143,0.011870820768652878,0.6372628845039359
22347,0.7784975865211362,0.053734968052175064,0.16776744542668892
22348,0.9287810735193278,0.011318221698094306,0.05990070478257741
22349,0.9513328108072013,0.007967127725211373,0.04070006146758724
22350,0.6701653350253868,0.08725676550859619,0.24257789946601652
22351,0.15537978587599074,0.09699902160596233,0.7476211925180469
22352,0.983966498926106,0.0024411474181888076,0.013592353655705613
22353,0.9338711561734852,0.016199854607351585,0.04992898921916319
22354,0.38977544318364027,0.008703370161843386,0.6015211866545165
22355,0.9096522862212881,0.022125737838950485,0.06822197593976162
22356,0.8103060654660204,0.04419401292745803,0.14549992160652164
22357,0.5273905354966589,0.09167820745244824,0.3809312570508932
22358,0.9671696442447766,0.007884277244942424,0.02494607851028075
22359,0.9438122493007889,0.007934406049981184,0.04825334464922992
22360,0.8382135779886094,0.03071472812460619,0.13107169388678444
22361,0.859397766061609,0.0075403498349128515,0.13306188410347783
22362,0.6653439021645586,0.009691171751700065,0.3249649260837419
22363,0.5857255014412606,0.022530512123690834,0.3917439864350485
22364,0.8878336740379869,0.010384790608695888,0.10178153535331749
22365,0.028061506215586316,0.013506062226630172,0.9584324315577836
22366,0.9351295647209625,0.031114433354433046,0.03375600192460375
22367,0.06454129504064203,0.0030928796882905463,0.9323658252710677
22368,0.9590282028916753,0.0029925598359192484,0.03797923727240657
22369,0.8182181368889584,0.00938527346834956,0.17239658964269214
22370,0.9272514723790346,0.007901144087325809,0.06484738353363922
22371,0.9365321735476132,0.0073805718491377,0.05608725460324862
22372,0.8488517859565781,0.012891217414132634,0.13825699662928964
22373,0.6445132374476407,0.025752110144951972,0.329734652407407
22374,0.0205525844738553,0.04063495300603297,0.938812462520112
22375,0.9546818206318936,0.0073012670461477655,0.03801691232195916
22376,0.8830937284093041,0.02030016943943047,0.09660610215126475
22377,0.6868930207900611,0.013466037039806495,0.2996409421701325
22378,0.7954531731828586,0.01570982407810382,0.18883700273903797
22379,0.8693478788422828,0.0025901843107132825,0.12806193684700382
22380,0.968510941223143,0.00702581625556771,0.024463242521290215
22381,0.5444060694834334,0.04953444031727498,0.40605949019929155
22382,0.8388934669856405,0.04952743861060261,0.11157909440375632
22383,0.877650606193575,0.0341739739566362,0.08817541984978983
22384,0.6752626847886802,0.12185298950789554,0.20288432570342432
22385,0.8505453180321926,0.01651236428477407,0.13294231768303363
22386,0.948972766774167,0.007339105249125509,0.04368812797670773
22387,0.9675888457990031,0.01718992400569637,0.015221230195301017
22388,0.17372252114021683,0.035130795516412607,0.7911466833433703
22389,0.9842793363769632,0.003246913072214412,0.012473750550823405
22390,0.8357056417358188,0.029601612605688783,0.1346927456584933
22391,0.04283990307418037,0.00015363620024115066,0.9570064607255785
22392,0.9458022712005968,0.011269399126171186,0.04292832967323315
22393,0.9401720542989178,0.01704898938333527,0.04277895631774679
22394,0.9589299978078615,0.008519742536396795,0.03255025965574179
22395,0.9148848716286271,0.011748336609773785,0.07336679176159945
22396,0.344456945587257,0.014555314943887157,0.6409877394688555
22397,0.9807136309631685,0.001831469217071577,0.0174548998197599
22398,0.2823950115497075,0.026260801232665002,0.6913441872176276
22399,0.19815237226746102,0.08544743703686081,0.7164001906956782
22400,0.017316378401933927,0.0034363075367803853,0.9792473140612856
22401,0.9588819532414051,0.010161849518885562,0.030956197239709375
22402,0.9864101717255104,0.0036773014900838203,0.009912526784406479
22403,0.7483012388028745,0.03843635572580101,0.21326240547132477
22404,0.6014546391325329,0.03277750994691346,0.36576785092055386
22405,0.12668984438443728,0.016967368150761355,0.8563427874648014
22406,0.9031134462193294,0.01584577571745316,0.08104077806321881
22407,0.1506433931968061,0.2454747356699493,0.6038818711332447
22408,0.9531671679054241,0.0029289365830408873,0.043903895511535965
22409,0.973692084937041,0.003565565284513771,0.022742349778445605
22410,0.1764363138200093,0.2000075564919315,0.6235561296880593
22411,0.40099831343368325,0.35730157705932447,0.2417001095069923
22412,0.7588573810041435,0.07147979999203584,0.16966281900382152
22413,0.8585334697389626,0.016726717703273043,0.1247398125577648
22414,0.9355836133279279,0.006837088717886464,0.05757929795418579
22415,0.8427263386944229,0.02055023475293288,0.13672342655264505
22416,0.6459152700718117,0.029284524251591986,0.32480020567659634
22417,0.6949982748850628,0.08929304711315528,0.21570867800178178
22418,0.97123155545632,0.008969423732619117,0.019799020811061458
22419,0.765544132569745,0.009314854010973291,0.2251410134192822
22420,0.0398255961190866,0.0004014741164055715,0.9597729297645079
22421,0.9328578920896267,0.009657561382813266,0.05748454652755986
22422,0.2537540803775242,0.08781984477301309,0.6584260748494624
22423,0.0745759270605483,0.008690491371847076,0.9167335815676042
22424,0.9828429778864599,0.0060928514501006155,0.011064170663440733
22425,0.6380652130339225,0.09569889647366203,0.26623589049241575
22426,0.1799123379561574,0.03714350403894853,0.7829441580048941
22427,0.9480584863053417,0.02007570566814043,0.03186580802651837
22428,0.8617079818608278,0.01723817306204192,0.12105384507713064
22429,0.7839633546640961,0.008199993072894525,0.20783665226300962
22430,0.7744533318308252,0.14446252677332536,0.08108414139584962
22431,0.28754761189724865,0.07473479734389303,0.6377175907588585
22432,0.6958154140071432,0.0012931393832524905,0.30289144660960415
22433,0.9239313928292802,0.009216401433178553,0.06685220573754186
22434,0.9741715932360265,0.0033440563194951545,0.022484350444478888
22435,0.015838146978419343,0.048199286864504254,0.9359625661570764
22436,0.72060839812747,0.0057922616297145565,0.27359934024281457
22437,0.298924700322406,0.041496725722150365,0.6595785739554432
22438,0.5584056819292601,0.12898088253296505,0.3126134355377746
22439,0.05217191064557468,0.02501733289060512,0.9228107564638202
22440,0.2737677557448018,0.007401655292144919,0.7188305889630531
22441,0.635676338461362,0.08459659384318245,0.27972706769545574
22442,0.1134032898313659,0.01267043736435683,0.8739262728042773
22443,0.9656272974723588,0.0016324081883808646,0.03274029433926125
22444,0.9485602573507284,0.0249258728965593,0.02651386975271218
22445,0.11027586053555948,0.00676117496807152,0.882962964496369
22446,0.33431166620595293,0.009962929146280794,0.6557254046477663
22447,0.9490117520058766,0.007028909025443854,0.043959338968679776
22448,0.3525964885266304,0.04098378484454363,0.6064197266288265
22449,0.9570460935534044,0.0023569364478634833,0.04059696999873194
22450,0.2856232216228805,0.1997355680736965,0.514641210303423
22451,0.9046675764677612,0.0047361495464567594,0.0905962739857821
22452,0.9805006380751703,0.0028778605675319918,0.01662150135729734
22453,0.02338683699502258,0.00563432992074157,0.9709788330842357
22454,0.9680995858974111,0.0027801766180089293,0.029120237484580126
22455,0.07566672053477017,0.004249455660601972,0.920083823804628
22456,0.7242913157144677,0.1392279059637206,0.1364807783218116
22457,0.8125399855231645,0.036853900675788975,0.15060611380104752
22458,0.9584030320330066,0.014401861822414413,0.02719510614457955
22459,0.9537480992598559,0.01631471744550672,0.029937183294636682
22460,0.8310711749834137,0.00491429317006813,0.16401453184651754
22461,0.8808480391016877,0.021030050258059835,0.09812191064025304
22462,0.8709802510852076,0.07177679503823983,0.05724295387655149
22463,0.9330977568080175,0.02000076553923341,0.04690147765274963
22464,0.24503005840180028,0.2040237520208362,0.5509461895773635
22465,0.3543082197556278,0.10477867575612787,0.540913104488244
22466,0.07502643651465705,0.021513927555236033,0.9034596359301075
22467,0.8829527099014973,0.0040479381571480256,0.11299935194135552
22468,0.8100722371015344,0.006197251325828566,0.18373051157263712
22469,0.01,0.0,0.99
22470,0.8534531376725802,0.013325825006377419,0.1332210373210423
22471,0.9645884601433274,0.01366821076973828,0.021743329086934687
22472,0.8238149970844284,0.03022485773560105,0.14596014517997016
22473,0.8922902526493829,0.011837574976395948,0.09587217237422217
22474,0.8308991307207942,0.07074805567730955,0.0983528136018965
22475,0.2332229091201457,0.12198548614568035,0.6447916047341743
22476,0.46868422440163376,0.024219059701399107,0.5070967158969676
22477,0.9763134308587517,0.004900188634621337,0.018786380506627218
22478,0.3949504752950503,0.02790412873379216,0.5771453959711575
22479,0.9541335743029551,0.02127733654623461,0.02458908915081045
22480,0.983065505931598,0.0024720907567886783,0.014462403311613645
22481,0.05869686356107965,0.014250488890089624,0.9270526475488307
22482,0.6553350241335962,0.1387786890786056,0.20588628678779833
22483,0.65568993216985,0.014291071227439603,0.33001899660270945
22484,0.9414786001634038,0.006906331285888935,0.0516150685507072
22485,0.9548498483777897,0.011366793348936388,0.033783358273272994
22486,0.3168357197341523,0.01661166484726014,0.6665526154185873
22487,0.4883051033149975,0.3729556437361875,0.13873925294881517
22488,0.5457914912295428,0.13487129435264714,0.3193372144178101
22489,0.24395099600106457,0.13301354132666,0.6230354626722755
22490,0.27308347472591293,0.010936224753125535,0.7159803005209613
22491,0.008442028985507246,7.246376811594203e-05,0.9914855072463766
22492,0.9630588316821559,0.004268442410236323,0.03267272590760827
22493,0.9438426675100218,0.007944606161999325,0.04821272632797829
22494,0.06460656934577233,0.0003989072145165803,0.9349945234397115
22495,0.9712402125156342,0.0019008626293215483,0.02685892485504404
22496,0.5834263102916031,0.023110052769049566,0.3934636369393474
22497,0.9417231280334962,0.006325913091406421,0.051950958875097465
22498,0.5648332783912996,0.059442888265335024,0.37572383334336557
22499,0.03730490114167029,0.0006776273195035195,0.9620174715388266
22500,0.8561099136833505,0.04214551497186513,0.10174457134478371
22501,0.0016666666666666668,0.0,0.9983333333333333
22502,0.8257531653936976,0.021242210958097207,0.15300462364820516
22503,0.07464119024326231,0.012493477308355467,0.9128653324483823
22504,0.8214978280897974,0.028666705909713985,0.14983546600048853
22505,0.9377022550517586,0.007514990282359688,0.054782754665881866
22506,0.9125292411445279,0.028188430109994975,0.059282328745476995
22507,0.9722562894737854,0.011965068607081849,0.015778641919132395
22508,0.8399934044355859,0.02696957062058167,0.13303702494383302
22509,0.17923997228362673,0.008318280334368749,0.8124417473820045
22510,0.024283350041771096,0.0072330505751558374,0.968483599383073
22511,0.1942921575148555,0.08942014825171722,0.7162876942334273
22512,0.9084699919537961,0.004472556191447852,0.08705745185475679
22513,0.08835533505955008,0.047430346955205226,0.8642143179852447
22514,0.9288954771037939,0.007432021299870505,0.06367250159633554
22515,0.9697127358408679,0.00222165044383114,0.028065613715301765
22516,0.9535254074823375,0.0022276944673075352,0.04424689805035485
22517,0.20624930573775002,0.0033908045977011493,0.7903598896645487
22518,0.9092717198514483,0.008717444360183773,0.08201083578836715
22519,0.6513514796656582,0.02627096956138264,0.3223775507729592
22520,0.980084121770617,0.003907059401778488,0.016008818827604267
22521,0.9765966156881236,0.002505333909921335,0.020898050401955453
22522,0.6479887376433996,0.003518932172014571,0.3484923301845855
22523,0.7397498544469894,0.004800808769147374,0.2554493367838632
22524,0.025275359874044088,0.012083333333333333,0.9626413067926226
22525,0.05329143407811851,0.002657751686171989,0.9440508142357097
22526,0.9636585702376004,0.004486162144461023,0.03185526761793866
22527,0.8105456005538356,0.03165067678378031,0.1578037226623841
22528,0.4295396599512931,0.08475664861192317,0.48570369143678344
22529,0.05574078577216216,0.009537433795409509,0.9347217804324286
22530,0.9775698692916158,0.005105287822724799,0.017324842885659747
22531,0.8780986005243981,0.04047352352756803,0.08142787594803408
22532,0.9564398305021953,0.006576006641651439,0.03698416285615328
22533,0.9526374234862703,0.004388934286803072,0.04297364222692681
22534,0.5434422113132613,0.01429479376144835,0.4422629949252904
22535,0.7231954722793283,0.05891785117662882,0.2178866765440424
22536,0.9839562078410898,0.0033129057837142824,0.012730886375196157
22537,0.9839100375000653,0.0022067007904365073,0.013883261709498405
22538,0.04460402076965829,0.0012343945176196331,0.9541615847127224
22539,0.10259960499693316,0.04870413080882347,0.8486962641942433
22540,0.9723861072937838,0.001745820942770829,0.025868071763446302
22541,0.12737950969648207,0.011732113764951016,0.8608883765385669
22542,0.9856432998221731,0.0020167133132047497,0.012339986864622326
22543,0.9591047677066173,0.004099495908392285,0.036795736384991465
22544,0.9706834743797005,0.015901934449990242,0.013414591170308797
22545,0.8886401020863538,0.01663048353451815,0.09472941437912731
22546,0.13172128214019127,0.0034716364398556165,0.8648070814199532
22547,0.9471918071524491,0.006513843830817006,0.04629434901673387
22548,0.9590646834468691,0.00748069008695471,0.03345462646617596
22549,0.9732490017280624,0.003145735795568446,0.023605262476368523
22550,0.6053745415676304,0.010027722949096622,0.3845977354832729
22551,0.9534733483860507,0.02088104972340402,0.025645601890545232
22552,0.929401238162774,0.009799313986319036,0.06079944785090749
22553,0.8956185262535487,0.030227546906917684,0.07415392683953405
22554,0.9100113145567341,0.014707290172217492,0.0752813952710488
22555,0.9598000934772262,0.012169068138483684,0.02803083838429101
22556,0.46903528402291916,0.012689675255233035,0.5182750407218484
22557,0.9604328333644069,0.009368267149091414,0.030198899486501615
22558,0.9625569668801216,0.021640142767117992,0.01580289035275986
22559,0.9737358004537583,0.008075135097698123,0.018189064448543783
22560,0.8966526103093803,0.02714912305180304,0.0761982666388166
22561,0.8210998137992668,0.025463162201854683,0.1534370239988792
22562,0.2431898002477091,0.18748669160102582,0.5693235081512651
22563,0.9349747552519939,0.005264198696021396,0.0597610460519844
22564,0.9839795679443718,0.0023062128151296853,0.013714219240498675
22565,0.9333919159613547,0.007713552164581278,0.05889453187406388
22566,0.9522961859065225,0.004725130002612213,0.04297868409086474
22567,0.00244673826591057,0.00028542345519867274,0.9972678382788907
22568,0.1478649143855121,0.0008126147165560293,0.8513224708979321
22569,0.5930094424884953,0.026058905511848186,0.38093165199965656
22570,0.9763828122263328,0.0060621757131173425,0.017555012060549983
22571,0.9460372881432958,0.010093620380949762,0.043869091475754136
22572,0.9734873031747819,0.002527497264470322,0.02398519956074776
22573,0.9414789533263377,0.01454708131923667,0.04397396535442507
22574,0.8805401029793927,0.032196619323953755,0.08726327769665425
22575,0.9787350518221279,0.0033840557895819428,0.017880892388290548
22576,0.8217920369693713,0.027920688168203072,0.15028727486242632
22577,0.9667948595635784,0.0064673220915068734,0.026737818344915152
22578,0.5678170830851678,0.016403302285766728,0.4157796146290651
22579,0.91481257138544,0.007624212112312403,0.07756321650224794
22580,0.8086382838135754,0.012242492679921235,0.17911922350650386
22581,0.9569599152441659,0.02024701294217578,0.0227930718136579
22582,0.2897471497552181,0.0896299939503199,0.6206228562944619
22583,0.13924753189231434,0.008053701402923885,0.8526987667047622
22584,0.37130900041823955,0.01969710794585891,0.6089938916359016
22585,0.9781167812666388,0.004145586201489307,0.017737632531872688
22586,0.6054380888553211,0.015103721602791269,0.37945818954188754
22587,0.20750027708358418,0.13138458117542767,0.6611151417409882
22588,0.970873724322577,0.009480515668149284,0.019645760009272633
22589,0.4109466835118125,0.12494467443166689,0.4641086420565206
22590,0.9578966647191072,0.006609529380606907,0.03549380590028579
22591,0.03180555555555555,0.03688328033916269,0.9313111641052817
22592,0.8935464652922341,0.011146032572798004,0.09530750213496832
22593,0.057225255576084114,0.03872823295985061,0.9040465114640651
22594,0.9777694188306411,0.003733164952988237,0.01849741621637102
22595,0.03192042219737627,0.0032055104545491452,0.9648740673480752
22596,0.8837079794883016,0.015676175178459276,0.10061584533323936
22597,0.00336,0.0,0.9966400000000001
22598,0.7955254233201509,0.006395163742047014,0.1980794129378027
22599,0.965061965972887,0.018369586854841233,0.016568447172272138
22600,0.6096695707077372,0.03844158278720374,0.3518888465050586
22601,0.5402118347617286,0.002557559214557113,0.4572306060237144
22602,0.9395273836651705,0.004158434509610068,0.056314181825219634
22603,0.7533396739348245,0.02451322151048383,0.22214710455469222
22604,0.9744590610702504,0.0031383134538441513,0.022402625475905522
22605,0.774623876281452,0.005830886553999691,0.21954523716454824
22606,0.986115183212744,0.0020377613037936195,0.01184705548346271
22607,0.9219895749429128,0.022645469668253666,0.05536495538883346
22608,0.7188109583429799,0.07255760105937513,0.20863144059764568
22609,0.9495419835600006,0.012944996616949218,0.03751301982304994
22610,0.9098101306450143,0.008327139645014291,0.08186272970997095
22611,0.8478138602756803,0.018426979106450785,0.13375916061786908
22612,0.9537673393195331,0.010620648573570214,0.03561201210689719
22613,0.9601049558499075,0.01844052044771033,0.021454523702382825
22614,0.8141073028766087,0.01606278390084503,0.16982991322254606
22615,0.6852947739025016,0.02272563332614247,0.291979592771356
22616,0.9748465973970535,0.0065183094025270455,0.018635093200420075
22617,0.7482126252668478,0.017392149323378882,0.2343952254097733
22618,0.28791479456163194,0.010964956605005342,0.7011202488333628
22619,0.09984630912467123,0.007867256925103585,0.8922864339502251
22620,0.8080638965622465,0.03243896329994178,0.15949714013781158
22621,0.14978592742418248,0.004786673117264139,0.8454273994585535
22622,0.549508969538028,0.002830374909925732,0.4476606555520463
22623,0.677916786729017,0.18178817725476148,0.14029503601622173
22624,0.09413878529184463,0.025452938796970467,0.8804082759111846
22625,0.3452316447327617,0.08864753163756686,0.5661208236296718
22626,0.9760738893256568,0.0030632913446039115,0.020862819329739636
22627,0.21828846004531505,0.15882507351848216,0.6228864664362028
22628,0.45258465332686576,0.017690711264330715,0.5297246354088034
22629,0.4717883126930058,0.010934174488317822,0.5172775128186764
22630,0.9679153396571927,0.006369309878168374,0.025715350464639346
22631,0.02994279543142172,0.0028442476831615094,0.9672129568854168
22632,0.972328453536965,0.011513931333559576,0.016157615129475802
22633,0.4635449318074816,0.14905655267816859,0.3873985155143498
22634,0.8822346348530149,0.0012080482046695432,0.11655731694231626
22635,0.04924829029284501,0.012254304389026612,0.9384974053181283
22636,0.04748590762076701,0.02549135740023847,0.9270227349789946
22637,0.5457983873889913,0.3407556859567362,0.11344592665427301
22638,0.6442866178855389,0.044842939184847004,0.3108704429296139
22639,0.9178077483860521,0.010616513620860258,0.07157573799308745
22640,0.7120262166751603,0.009204853404554719,0.2787689299202843
22641,0.38989919382074306,0.01477029884837029,0.5953305073308868
22642,0.8391525712342613,0.10487981725552907,0.05596761151021008
22643,0.3793215404015561,0.03397299881009114,0.586705460788353
22644,0.7122340085175377,0.007991866067708173,0.2797741254147537
22645,0.6401001147455115,0.010988619721120379,0.3489112655333679
22646,0.19127239145638006,0.04195463784263207,0.7667729707009879
22647,0.9734569955988787,0.00139550744793096,0.025147496953190997
22648,0.9408502944489257,0.004196183004099683,0.05495352254697458
22649,0.9656855594352698,0.005272276668139506,0.02904216389659141
22650,0.0464889761984799,0.005283927839278393,0.9482270959622418
22651,0.9514970438773211,0.019181862911313075,0.029321093211365366
22652,0.91576672556514,0.009006003814242939,0.07522727062061708
22653,0.9746118763452576,0.0030101160146328233,0.022378007640109606
22654,0.9520616219199418,0.003928439156760338,0.0440099389232971
22655,0.15808229598509135,0.012712324970423239,0.8292053790444858
22656,0.8350296098609183,0.018594806711992793,0.1463755834270895
22657,0.7821960141470772,0.10327146485753289,0.11453252099538981
22658,0.9170769859612923,0.003102018385898854,0.0798209956528093
22659,0.016521477828467156,0.0020527988833771585,0.9814257232881558
22660,0.932509366899111,0.006201135684789903,0.06128949741609917
22661,0.7860525066936295,0.02801608424023312,0.18593140906613792
22662,0.9634215286550106,0.008927052941408584,0.027651418403580832
22663,0.9414173831827926,0.010105607373935751,0.04847700944327224
22664,0.8250423467300323,0.009464109441299088,0.16549354382866807
22665,0.9527219184997807,0.002974124363341446,0.04430395713687802
22666,0.8489030059566935,0.016689637657264896,0.1344073563860423
22667,0.7492685090104775,0.014183565359610585,0.23654792562991223
22668,0.008779103471990974,0.0,0.991220896528009
22669,0.976222227234543,0.0057604744278758595,0.018017298337581367
22670,0.2966819152764859,0.07247750486241647,0.6308405798610975
22671,0.026940161822635526,0.0019086776510939733,0.9711511605262709
22672,0.7889700781187006,0.0031699628519636903,0.20785995902933582
22673,0.9478538341928517,0.008033725032459669,0.04411244077468807
22674,0.173685354591471,0.0037989749931791584,0.8225156704153506
22675,0.9647895372469167,0.010462275200050698,0.024748187553032187
22676,0.9006530476004567,0.0075598423181590475,0.09178711008138407
22677,0.9414431356913038,0.01091627486734045,0.047640589441356296
22678,0.024067640890616346,0.0002887883009928496,0.975643570808391
22679,0.9100396268353372,0.00880374001426864,0.08115663315039419
22680,0.8561865136797966,0.033608098982368925,0.1102053873378347
22681,0.686155887945695,0.014571731502770859,0.2992723805515343
22682,0.9812652750359993,0.0033197496072831633,0.015414975356717958
22683,0.9022579309162785,0.014544691870165029,0.08319737721355669
22684,0.044346246659858576,0.010830589120618734,0.9448231642195227
22685,0.9755022104369608,0.004409714535047943,0.020088075027992237
22686,0.9620337340591554,0.007352790410534016,0.030613475530310352
22687,0.8811450891760693,0.010610318881216428,0.10824459194271455
22688,0.12489637771707786,0.009629602292275124,0.8654740199906473
22689,0.6266043147306426,0.005172695773438799,0.36822298949591853
22690,0.3185989523855947,0.022502844964679528,0.6588982026497257
22691,0.9634771646405589,0.007152875885375898,0.029369959474065805
22692,0.9302039718883504,0.003878992312499714,0.06591703579915077
22693,0.77170884430132,0.019111180751599524,0.2091799749470808
22694,0.8896765089050662,0.015588572903583958,0.09473491819135044
22695,0.3415948291386882,0.035312876091710146,0.6230922947696017
22696,0.6960141876543724,0.09573059594649015,0.20825521639913785
22697,0.620481200551814,0.012031371178307411,0.36748742826987857
22698,0.18364167962770162,0.0017941597995189077,0.8145641605727795
22699,0.2632490422597956,0.02469630234974975,0.7120546553904546
22700,0.9539909985943318,0.009170412803865045,0.036838588601802454
22701,0.9833496032789041,0.0018424068551947926,0.014807989865901948
22702,0.980262025919987,0.0023055310256222656,0.017432443054390873
22703,0.9057710883786282,0.014228574232679658,0.08000033738869199
22704,0.7042305166117906,0.0047378459080791024,0.29103163748013067
22705,0.9583217294309992,0.004493294080503439,0.03718497648849791
22706,0.8376234218659097,0.04823376668172302,0.11414281145236799
22707,0.9244658570605261,0.016841076889773193,0.05869306604970112
22708,0.436817123816538,0.1062105713824138,0.4569723048010482
22709,0.6398803901606107,0.03179741569370373,0.3283221941456858
22710,0.9659163228509383,0.006950321704368821,0.027133355444693173
22711,0.32419835008008574,0.04192239666352384,0.6338792532563907
22712,0.9574932989976936,0.009176595945265067,0.03333010505704149
22713,0.9452190504717656,0.00630806237835636,0.0484728871498771
22714,0.9585294251670966,0.0044934842076524584,0.036977090625251625
22715,0.9249254390814199,0.033183692642550014,0.04189086827603031
22716,0.07443429889822083,0.014329604626212173,0.9112360964755671
22717,0.06182106228134063,0.0038254582873370204,0.9343534794313226
22718,0.9375706998455972,0.002826756213533203,0.05960254394087048
22719,0.2590138318727558,0.22814092407297396,0.5128452440542703
22720,0.1839701834334903,0.0037562322461175872,0.8122735843203922
22721,0.9012409593494248,0.0501961336305169,0.048562907020058
22722,0.30298251222629635,0.14245360691702152,0.5545638808566818
22723,0.02813564676116086,0.0004981702648415922,0.9713661829739975
22724,0.9693948647947472,0.010903503359998708,0.019701631845255002
22725,0.9229872670941449,0.023886911261745445,0.0531258216441089
22726,0.24050355836854312,0.09792955401913477,0.6615668876123224
22727,0.7973328624079745,0.07104403809106534,0.13162309950096063
22728,0.9833864326757755,0.0018599461153733469,0.014753621208851984
22729,0.6751782250625155,0.01481371120468283,0.31000806373280243
22730,0.8538712353389731,0.007587351260062037,0.13854141340096496
22731,0.9835601988557469,0.0022832378836730016,0.014156563260580792
22732,0.09563016240670145,0.06114945348268344,0.8432203841106151
22733,0.19269276332049676,0.02634107317670093,0.7809661635028023
22734,0.9707140770433612,0.0030376108036983666,0.026248312152941298
22735,0.8995098948471222,0.06464822953211408,0.03584187562076401
22736,0.7470208939608848,0.003771858324288535,0.24920724771482672
22737,0.13281848287273365,0.005128177242653437,0.8620533398846129
22738,0.9015691229233723,0.020504306585440214,0.07792657049118738
22739,0.9371277913229803,0.003725323913808723,0.059146884763211935
22740,0.9509641511759575,0.0023853527267310957,0.04665049609731186
22741,0.881701905534844,0.01064997935037463,0.10764811511478226
22742,0.03266048319584926,1.5079389224589368e-05,0.967324437414926
22743,0.8268612725775965,0.015177326090274461,0.15796140133212913
22744,0.9588079484336407,0.00557189876373002,0.03562015280262893
22745,0.911318185812565,0.004008605442246375,0.08467320874518955
22746,0.4013183851750063,0.05913949533761497,0.5395421194873786
22747,0.5448946059165133,0.007475273537376786,0.44763012054610973
22748,0.9489518828373474,0.004743152581912495,0.04630496458073965
22749,0.018333333333333333,0.0005555555555555556,0.981111111111111
22750,0.9874023136696919,0.0032348032831045646,0.009362883047204801
22751,0.0883421153078792,0.0015461456462053265,0.910111739045916
22752,0.5239337923414689,0.09191980823759562,0.3841463994209357
22753,0.954132607619873,0.014726992839618053,0.03114039954050862
22754,0.7082487789745091,0.08355184091076273,0.2081993801147276
22755,0.9066748815063536,0.026257005837172828,0.0670681126564747
22756,0.017681444052561217,0.0109571560476665,0.9713613998997723
22757,0.0965539364668265,0.09303145856996793,0.8104146049632056
22758,0.9098209565352325,0.014862083011003365,0.07531696045376472
22759,0.9529233274401048,0.006227316091111303,0.040849356468783765
22760,0.8894704214704234,0.0067862065235966395,0.1037433720059796
22761,0.6975527807758609,0.00755617279277502,0.29489104643136427
22762,0.8303134328676649,0.030482131968153598,0.1392044351641817
22763,0.9464779671897628,0.006585286744633901,0.04693674606560334
22764,0.6661381639193286,0.11548033874508444,0.21838149733558684
22765,0.5014993629066014,0.032408418535744964,0.46609221855765376
22766,0.9577625615647268,0.014364085489123749,0.02787335294614967
22767,0.9741480920378185,0.00565546065458866,0.02019644730759308
22768,0.8598907095843913,0.013016589299150191,0.12709270111645896
22769,0.8838575480838387,0.033394127640647774,0.08274832427551378
22770,0.9367716923835758,0.006800681402087793,0.056427626214336966
22771,0.9668715511696098,0.009975759381353021,0.023152689449038377
22772,0.8117079656467029,0.06225633535130012,0.12603569900199774
22773,0.9196580734649978,0.01085897426366391,0.06948295227133819
22774,0.10805821048146051,0.0022568985135819333,0.8896848910049575
22775,0.8861268623697527,0.06681738474638418,0.047055752883863336
22776,0.7723613589428153,0.007476519276154175,0.22016212178103098
22777,0.9589391597562607,0.005462672641213063,0.03559816760252655
22778,0.9700564611095405,0.003180304038756433,0.026763234851703288
22779,0.8498817220574121,0.01864009563743493,0.13147818230515382
22780,0.39190582347369807,0.03173710766899965,0.576357068857302
22781,0.5001633955481205,0.015299781478323797,0.4845368229735563
22782,0.9092275098025374,0.014130390475041367,0.07664209972242177
22783,0.9504018338775008,0.0069314514659052275,0.04266671465659361
22784,0.9409658328257776,0.012148387271580019,0.046885779902642956
22785,0.9419353413862962,0.011114053532963098,0.04695060508074079
22786,0.05984282100207796,0.034770505089293476,0.9053866739086286
22787,0.05277967457369204,0.0021954173690357714,0.9450249080572726
22788,0.9781953575153924,0.004478754732589256,0.01732588775201892
22789,0.02507481897088096,0.0077645097690682945,0.9671606712600507
22790,0.12171681096681096,0.10403508771929824,0.7742481013138908
22791,0.8468776870444805,0.003157099955809492,0.14996521299971052
22792,0.48584680151588155,0.00855405675234851,0.5055991417317702
22793,0.9438430904341423,0.014149179334950811,0.042007730230907106
22794,0.9743026580887403,0.00757920026613344,0.018118141645126404
22795,0.1204414091526225,0.42359444973106597,0.4559641411163116
22796,0.59280906498821,0.014006010776223272,0.39318492423556645
22797,0.9363536318290716,0.005666393109231816,0.05797997506169677
22798,0.9639717527859889,0.017530867098085302,0.018497380115926262
22799,0.02722435756423946,0.016593412171702005,0.9561822302640586
22800,0.9065620825959222,0.015514410577294895,0.07792350682678272
22801,0.9368889004985228,0.009313243594356714,0.053797855907121175
22802,0.5134979828281044,0.0048532779994751715,0.4816487391724204
22803,0.5497061101334447,0.1913577401719219,0.25893614969463347
22804,0.27873186082744233,0.03166039999710986,0.6896077391754476
22805,0.5538324997005909,0.02450999059171508,0.42165750970769456
22806,0.62218932747463,0.011978990231194048,0.3658316822941763
22807,0.10318419559029234,0.00815824605624264,0.8886575583534647
22808,0.3142809320139168,0.1022765017859593,0.5834425662001238
22809,0.9442903291802065,0.0170202146858219,0.03868945613397132
22810,0.5088404567416985,0.17581777534825713,0.31534176791004437
22811,0.9746935868930889,0.0073238013904100025,0.017982611716500358
22812,0.587878256828176,0.009785569006925893,0.40233617416489925
22813,0.1019367784532642,0.01947339341549039,0.8785898281312452
22814,0.6102171435477014,0.03285271429780064,0.35693014215449814
22815,0.20186356729404042,0.003558007885481635,0.7945784248204779
22816,0.008848336303841686,0.002126699537326117,0.9890249641588325
22817,0.8462686350170734,0.04748475455279339,0.1062466104301336
22818,0.7641641477951691,0.007117396137605486,0.22871845606722543
22819,0.24806819345081016,0.03985971246647903,0.7120720940827107
22820,0.6320078074758471,0.06560305606783402,0.3023891364563187
22821,0.293241746494108,0.06872801662238973,0.6380302368835021
22822,0.8191027469752519,0.04848347043401493,0.13241378259073355
22823,0.8187412708605403,0.003383260813454988,0.17787546832600507
22824,0.6356501350562616,0.22304771606199542,0.14130214888174294
22825,0.643034730176809,0.10594165060481478,0.25102361921837624
22826,0.14138197091451288,0.05839297086291032,0.800225058222577
22827,0.9669096519883223,0.0028562318637141513,0.030234116147963633
22828,0.14082665117381057,0.0058689918609281695,0.8533043569652615
22829,0.060864663155564845,0.023520532653893998,0.9156148041905418
22830,0.1890855700091427,0.009207172626723058,0.8017072573641342
22831,0.05869230357584609,0.0007847400592687761,0.9405229563648851
22832,0.8514327952943549,0.008083229585517857,0.14048397512012809
22833,0.16069026068450618,0.2153464174464015,0.6239633218690924
22834,0.9697203653944615,0.009528249589877483,0.02075138501566009
22835,0.8963656142929538,0.006658598899894961,0.0969757868071512
22836,0.8685199902056695,0.04565514164708448,0.08582486814724542
22837,0.04578132354478803,0.013442120541848896,0.940776555913363
22838,0.9562884459622752,0.01244858950833604,0.03126296452938919
22839,0.3848628940174871,0.09784426912245398,0.5172928368600592
22840,0.9227086797413759,0.011591259899681166,0.06570006035894325
22841,0.5934603359759583,0.11624414869791591,0.2902955153261262
22842,0.09042197629415351,0.1945667859231253,0.7150112377827212
22843,0.2275685943776045,0.020771240826470062,0.7516601647959253
22844,0.3490835006990984,0.08018893645647736,0.5707275628444242
22845,0.9495515593291552,0.011005658061843913,0.03944278260900101
22846,0.8761995290936108,0.02640239128392021,0.09739807962246932
22847,0.949139016593759,0.012391469505542346,0.03846951390069899
22848,0.32471084918638654,0.10179288290816349,0.57349626790545
22849,0.934612995260152,0.008745720618140017,0.05664128412170901
22850,0.9538516170572002,0.006278845409669642,0.039869537533130404
22851,0.9735210005639205,0.0031926795421056533,0.023286319893975057
22852,0.013500438944735184,0.008916077738662088,0.977583483316603
22853,0.9340817898854675,0.010981036469193059,0.05493717364533941
22854,0.06799193491013879,0.08139420767341535,0.8506138574164459
22855,0.5937295382263577,0.022450739648912976,0.38381972212472915
22856,0.0876761218474445,0.026343954248366018,0.8859799239041893
22857,0.2563722446256465,0.008723497120141826,0.7349042582542118
22858,0.9062820525655356,0.019252358349787394,0.07446558908467708
22859,0.8320089846152058,0.01741741103422502,0.15057360435056988
22860,0.9113562986333779,0.021034503923672586,0.06760919744294971
22861,0.9641618306675067,0.0100588288512009,0.025779340481292514
22862,0.045970556687102725,0.004191719181496856,0.9498377241314008
22863,0.9741762856335732,0.005249683923654528,0.020574030442772787
22864,0.9854785090906495,0.002741429895812282,0.011780061013538993
22865,0.922954961778863,0.02136858444722143,0.055676453773915974
22866,0.9465203432787983,0.01061931284799928,0.04286034387320343
22867,0.9430311698294791,0.011549104266032955,0.04541972590448887
22868,0.9414562385230725,0.0028168816125523494,0.055726879864376015
22869,0.8764760090814563,0.008904616048226083,0.11461937487031797
22870,0.9041200970202175,0.013917540885486756,0.08196236209429637
22871,0.5493450069697303,0.005294992744251126,0.4453600002860187
22872,0.7686847459287501,0.08710812689636033,0.14420712717488957
22873,0.9113456920123953,0.011804549257300855,0.07684975873030422
22874,0.9390584641620026,0.013727467789546565,0.04721406804845101
22875,0.7757942980651672,0.058928930168687166,0.16527677176614514
22876,0.9440849707270644,0.010300785256155383,0.045614244016780825
22877,1.6025641025641026e-05,0.0,0.9999839743589743
22878,0.9617034022219203,0.006736819567563044,0.03155977821051666
22879,0.8844791914036514,0.046187948388909945,0.06933286020743909
22880,0.5477214225320235,0.00868174713167319,0.44359683033630365
22881,0.958510141513252,0.0037949985063473078,0.03769485998040043
22882,0.15107402348889815,0.04869140344263233,0.8002345730684698
22883,0.9680953369860951,0.007912547580100777,0.023992115433803772
22884,0.9172901746594259,0.03195731455982653,0.05075251078074731
22885,0.9617957256658961,0.008707044812654488,0.029497229521449456
22886,0.13954360822658518,0.001211286780820171,0.8592451049925945
22887,0.9625276899827983,0.009204774771195766,0.028267535246006108
22888,0.17270235325353442,0.007169506578531475,0.8201281401679346
22889,0.9143796881316663,0.0364632303700561,0.04915708149827744
22890,0.8950502615033734,0.020415996632877378,0.08453374186374907
22891,0.030540155934253913,0.018942180693092614,0.9505176633726531
22892,0.9763007808697278,0.0016266486804628652,0.022072570449809134
22893,0.5281393389441562,0.011875087625397228,0.45998557343044677
22894,0.9073242477524085,0.01422232330041045,0.07845342894718105
22895,0.0030574658516349757,0.0021774409821021076,0.9947650931662629
22896,0.9842882804474598,0.0020649663371206913,0.013646753215420148
22897,0.9532288694053009,0.001971401453685499,0.04479972914101419
22898,0.9218645064748561,0.004500973215959525,0.07363452030918452
22899,0.8040143411481563,0.017963887432421773,0.1780217714194223
22900,0.859376824701152,0.009077529541078905,0.13154564575776964
22901,0.9552619995566501,0.007647525035399007,0.037090475407950796
22902,0.20634672894760556,0.010487066016866622,0.783166205035528
22903,0.9852820161662371,0.0024871279009111014,0.012230855932852393
22904,0.5159603268258308,0.009689377332583536,0.4743502958415859
22905,0.46559065145594103,0.008308313439684627,0.5261010351043742
22906,0.9243644829754684,0.03391957865128307,0.04171593837324768
22907,0.9524518045450846,0.011297952325035988,0.03625024312987874
22908,0.9744138723214117,0.002338264482051268,0.023247863196537762
22909,0.17059534340253044,0.0321236289128446,0.7972810276846249
22910,0.8006900475138424,0.023775670742595255,0.17553428174356223
22911,0.9438866712913255,0.0066791623381480866,0.04943416637052622
22912,0.9725285150109333,0.003419272515759888,0.02405221247330712
22913,0.6157819241294411,0.004816477443902215,0.3794015984266563
22914,0.7525132546749976,0.020601817850414914,0.22688492747458763
22915,0.9046739644032233,0.03134411566189882,0.06398191993487778
22916,0.5882123805837772,0.03953283651669466,0.37225478289952807
22917,0.9237860020232374,0.009990103620468701,0.06622389435629382
22918,0.6335983264846401,0.07359528617885301,0.2928063873365067
22919,0.9170582700748005,0.025052304039759773,0.05788942588544037
22920,0.9111878985193037,0.008588810048747416,0.08022329143194888
22921,0.2344887013562695,0.01934942669594395,0.7461618719477863
22922,0.8809395609511532,0.0028770333327848164,0.11618340571606263
22923,0.9262071455374465,0.007635065577241528,0.06615778888531208
22924,0.9729809145359468,0.007212638933545971,0.019806446530507463
22925,0.9845523957303582,0.002128684790553037,0.013318919479089157
22926,0.19808889957232512,0.0026595624035954447,0.7992515380240791
22927,0.9481717245647209,0.007766027811442443,0.04406224762383624
22928,0.5220957299107678,0.018626935057337576,0.4592773350318947
22929,0.03746948397289656,0.01761710703155924,0.9449134089955443
22930,0.8786840955796339,0.017735317752279822,0.1035805866680866
22931,0.5253380140146828,0.003879327922818933,0.47078265806249825
22932,0.17557104433838275,0.012783377530621559,0.8116455781309961
22933,0.9636604318332532,0.011259509137549284,0.025080059029197396
22934,0.5423685792795808,0.019007322007453576,0.4386240987129658
22935,0.48319932948888095,0.02854440113849621,0.48825626937262306
22936,0.7385354660445994,0.008102274104815378,0.25336225985058536
22937,0.8977955879135903,0.0049176198120319484,0.09728679227437749
22938,0.9111191813788412,0.012287658801915619,0.07659315981924344
22939,0.07569761904761904,0.17415396825396826,0.7501484126984127
22940,0.08772137134516561,0.021541076503066605,0.8907375521517681
22941,0.6234240833656735,0.03716907637726539,0.33940684025706214
22942,0.9485587271442482,0.010180889286866088,0.041260383568885055
22943,0.9501943000511174,0.007677665757310085,0.04212803419157332
22944,0.8616717046051984,0.014062078569133805,0.12426621682566863
22945,0.9471678394250821,0.006011842831860758,0.046820317743057185
22946,0.5050042849585442,0.009510816898471528,0.4854848981429844
22947,0.9063905410738903,0.005377308769592064,0.08823215015651809
22948,0.6376643462333877,0.1056706624801361,0.25666499128647646
22949,0.9495173706111605,0.002676335364692385,0.047806294024147405
22950,0.950766584017567,0.003823388813803007,0.0454100271686303
22951,0.4959443059247443,0.06547972608369203,0.43857596799156356
22952,0.07250612414528615,0.02753674946695971,0.8999571263877543
22953,0.964927456881156,0.004016151765942248,0.03105639135290153
22954,0.9771113885315302,0.001968172380686368,0.020920439087784078
22955,0.059764445132455296,0.0006809346139471373,0.9395546202535977
22956,0.6536547313628059,0.01144223723440557,0.3349030314027882
22957,0.9197961546147746,0.051852021128514426,0.02835182425671094
22958,0.9234571957975028,0.01376089648150898,0.06278190772098878
22959,0.03414727168325248,0.0024975707117299646,0.9633551576050178
22960,0.85368944581683,0.0036586129275094676,0.14265194125566033
22961,0.8662707594819267,0.015047972372281124,0.11868126814579288
22962,0.15306262979593968,0.00198990905100849,0.8449474611530516
22963,0.022925148901068622,0.00042446397921912384,0.9766503871197123
22964,0.06423085533316795,0.029796785665837256,0.9059723590009948
22965,0.9571656597943438,0.01481186730324794,0.028022472902409157
22966,0.9508939949858577,0.008844824997815167,0.04026118001632684
22967,0.9593396329594511,0.006422037282508144,0.03423832975804116
22968,0.919600098496882,0.005749681140741321,0.07465022036237656
22969,0.3738592896424208,0.024079992883715026,0.6020607174738635
22970,0.7348279857608104,0.019520423868222985,0.24565159037096648
22971,0.6295064371275331,0.0023489998462384093,0.36814456302622856
22972,0.16029878811226758,0.09935792145765054,0.7403432904300817
22973,0.4731987093306325,0.013672098795464806,0.5131291918739024
22974,0.9188193330486623,0.041794943161295665,0.03938572379004186
22975,0.9870032909265464,0.0019020829928002,0.011094626080654427
22976,0.8821568800238427,0.06057595514524279,0.05726716483091438
22977,0.6505523484951435,0.04838044764621433,0.3010672038586417
22978,0.8325205340118386,0.015318500956460592,0.1521609650317019
22979,0.9247539326865062,0.013302646841908511,0.061943420471584666
22980,0.9620461853188633,0.005029716946352017,0.03292409773478534
22981,0.7247421532701096,0.009536841489740953,0.26572100524014963
22982,0.02907066356839165,0.009738853156685134,0.9611904832749233
22983,0.6733468110391526,0.03196404031770147,0.294689148643146
22984,0.9636390791316561,0.012569693577603349,0.023791227290741505
22985,0.9699448503969944,0.005118676933680614,0.024936472669324968
22986,0.9852219675429766,0.0018272852497379947,0.012950747207285212
22987,0.882324536017385,0.023494220981174437,0.09418124300144115
22988,0.7237280069973394,0.03257495159383797,0.24369704140882306
22989,0.9471795186549152,0.008835287211407911,0.04398519413367718
22990,0.8668194838818288,0.03815949877675671,0.0950210173414145
22991,0.9582529993787481,0.01564067385546186,0.026106326765790104
22992,0.9734100322341661,0.009949744962897104,0.016640222802936807
22993,0.1629491216452525,0.00044573983604562624,0.8366051385187024
22994,0.6521478183173425,0.2836598274492958,0.06419235423336216
22995,0.5923853391667717,0.015154414678808731,0.3924602461544196
22996,0.6621034405977297,0.1819198084591766,0.1559767509430936
22997,0.6736438223120987,0.05604848991951794,0.2703076877683832
22998,0.05950815919562031,0.005125998322278081,0.9353658424821016
22999,0.9495609549139329,0.0016472722394745567,0.048791772846593015
23000,0.9457031983283861,0.010126209549992812,0.04417059212162087
23001,0.4669701051378151,0.08894615003345162,0.4440837448287333
23002,0.08126769804198121,0.004837545242619014,0.9138947567154002
23003,0.6403339065987755,0.04721506761929062,0.31245102578193357
23004,0.8928143514555003,0.014382368857442996,0.09280327968705752
23005,0.5179448612827292,0.05056636625051568,0.4314887724667553
23006,0.950516811559011,0.009886671845909032,0.03959651659507906
23007,0.04914102608747857,0.013501782202269445,0.9373571917102519
23008,0.9485554769812425,0.012954927085265754,0.03848959593349187
23009,0.8335160595549889,0.006582010056228682,0.15990193038878228
23010,0.9124524257720488,0.013426270537805844,0.07412130369014512
23011,0.9713934305735861,0.0035389712082467615,0.025067598218167893
23012,0.1424186183211448,0.12280862086525289,0.7347727608136024
23013,0.666952297030125,0.0428549672034672,0.290192735766408
23014,0.9545234926907293,0.008174711918228246,0.03730179539104244
23015,0.9314701118919593,0.013243306581892838,0.055286581526147884
23016,0.9537229032446248,0.009833430251046955,0.036443666504327774
23017,0.8293694403163874,0.006533264371080456,0.16409729531253212
23018,0.9565023583526336,0.0026220104769443626,0.04087563117042245
23019,0.936421324893553,0.0019024672087078387,0.06167620789773973
23020,0.9375478934033813,0.008869323025461954,0.053582783571156783
23021,0.9580535665740268,0.0033960098002850853,0.03855042362568737
23022,0.9640767665965326,0.014653130966385751,0.02127010243708179
23023,0.9818521595574344,0.002183017822163676,0.015964822620401997
23024,0.9850691449234188,0.00227578819744572,0.01265506687913566
23025,0.9456800880128948,0.01121150217884777,0.043108409808258086
23026,0.9375295303077458,0.01595232626291538,0.04651814342933923
23027,0.9752291295766933,0.00502298557304037,0.019747884850267038
23028,0.9373026478340694,0.005886805311341406,0.056810546854588986
23029,0.33924345937082784,0.03246217346045718,0.6282943671687155
23030,0.5684340307408801,0.011890293150327517,0.41967567610879347
23031,0.9234088332821003,0.01033545783488566,0.06625570888301396
23032,0.17305632728493367,0.05690739393867702,0.7700362787763895
23033,0.86762577367656,0.008486332317321696,0.12388789400611824
23034,0.961773109286787,0.004790542821006482,0.033436347892206626
23035,0.49807965298631623,0.01782317147671952,0.48409717553696435
23036,0.8617527599451722,0.026485002302501455,0.11176223775232617
23037,0.28424671177750566,0.28464248500821043,0.43111080321428374
23038,0.8814789882834494,0.017363561405226643,0.10115745031132374
23039,0.8715170415571176,0.030081738622158235,0.09840121982072464
23040,0.19993725746289187,0.034198757345861,0.7658639851912471
23041,0.8987807021653998,0.0205800426399229,0.0806392551946778
23042,0.739643446984068,0.013675928704523515,0.24668062431140858
23043,0.5692879833928282,0.02913621599356268,0.4015758006136091
23044,0.9496127091712119,0.012306615350741842,0.03808067547804703
23045,0.2803094518268011,0.04943021815251737,0.6702603300206815
23046,0.9841800827784736,0.002090539177771695,0.013729378043755137
23047,0.06847617389502504,0.041016076556346946,0.8905077495486281
23048,0.6742179445839372,0.016872288173742696,0.30890976724232005
23049,0.8871447217325509,0.023476765403088354,0.08937851286436124
23050,0.986345337523406,0.0031077890229123913,0.01054687345368198
23051,0.8942389747995412,0.011183276204872857,0.09457774899558688
23052,0.9348122260309422,0.011034745029367533,0.05415302893969019
23053,0.9467797571747953,0.007513783492646931,0.04570645933255749
23054,0.20325296003900095,0.00020808021371107556,0.7965389597472878
23055,0.92056006291888,0.020778553658139264,0.058661383422981196
23056,0.8579978096980906,0.0063148511680022135,0.13568733913390765
23057,0.8705550374049329,0.009690814341137192,0.11975414825393085
23058,0.4980080784658773,0.003423158066320097,0.4985687634678024
23059,0.8680184416250618,0.010629284829260283,0.12135227354567839
23060,0.9289722965810756,0.007715363728573443,0.06331233969035109
23061,0.7669259534152248,0.0014511257848133818,0.2316229207999623
23062,0.9250615209442004,0.005084628972926061,0.06985385008287394
23063,0.5279219012067049,0.027250955657597237,0.4448271431356982
23064,0.9586024050810409,0.004332529336774257,0.037065065582185565
23065,0.018216532609165594,0.006013700284764705,0.9757697671060701
23066,0.9490141309926536,0.00712726126339405,0.04385860774395161
23067,0.10603032072556956,0.036172911192801104,0.8577967680816294
23068,0.9595947554453621,0.011107035084303845,0.029298209470333857
23069,0.42998350322350753,0.1652512013215327,0.4047652954549598
23070,0.5965302305360588,0.008406509193480516,0.39506326027046096
23071,0.9496732796031644,0.00973045949982551,0.04059626089701117
23072,0.5182714801550462,0.008986142237488871,0.4727423776074649
23073,0.9205856179099654,0.018978192549790173,0.06043618954024539
23074,0.9185923119196233,0.020130185009157697,0.06127750307121968
23075,0.9531752643234692,0.006164637638627882,0.04066009803790225
23076,0.6606290936440739,0.03390376989285038,0.30546713646307583
23077,0.4196111386651071,0.039756622975131634,0.5406322383597614
23078,0.9883170559271001,0.0020349888912524618,0.009647955181647643
23079,0.9447596180538664,0.007452375420306651,0.047788006525827834
23080,0.8954805635047558,0.039403271821140555,0.06511616467410386
23081,0.7584510301470819,0.011851134266739938,0.22969783558617815
23082,0.9621734768526358,0.007543104750510986,0.03028341839685421
23083,0.9464429393445382,0.007897627442576296,0.045659433212886465
23084,0.9639282083272465,0.007551854558245533,0.028519937114508724
23085,0.5946362496247249,0.02297362237357125,0.3823901280017033
23086,0.2743155063608286,0.009276802540347377,0.7164076910988245
23087,0.16675544395118508,0.06509440813362381,0.7681501479151911
23088,0.9682436656209664,0.005784080631967025,0.025972253747067353
23089,0.9139838500554388,0.023750285460504537,0.06226586448405733
23090,0.005733671498478557,0.0005047912469024893,0.9937615372546192
23091,0.843151273608017,0.024815567089232052,0.13203315930275095
23092,0.0031018795936134064,4.29142227036251e-05,0.9968552061836828
23093,0.6744912379821797,0.011698539530503992,0.3138102224873161
23094,0.7516868642503909,0.005689987218499975,0.24262314853110883
23095,0.9709628311698376,0.0038809465316243918,0.02515622229853756
23096,0.7709219330934853,0.021436273639821753,0.20764179326669271
23097,0.6382883016823445,0.0043723878803053435,0.3573393104373506
23098,0.6675458240496258,0.025280987279920026,0.30717318867045434
23099,0.4604931269779295,0.012884390352833442,0.5266224826692372
23100,0.9439924730965435,0.007663888680762493,0.048343638222693774
23101,0.9473136410230294,0.012961607781757839,0.03972475119521315
23102,0.9174385480368956,0.04030116125221073,0.04226029071089346
23103,0.5793813751404173,0.004280581451445071,0.41633804340813824
23104,0.9651905339496962,0.00653179604216807,0.02827767000813583
23105,0.04135235744535655,0.009264361045222087,0.9493832815094218
23106,0.9257563446651265,0.022609455360326217,0.05163419997454671
23107,0.9754057500363323,0.00579042012063034,0.018803829843038123
23108,0.9592918602630689,0.011124049159739136,0.029584090577192596
23109,0.9573419698178351,0.010034764879009304,0.03262326530315517
23110,0.9481768383705587,0.011357690964183627,0.04046547066525761
23111,0.979752751965195,0.0026462236289059872,0.017601024405900115
23112,0.014172018363393863,0.0005472901107538322,0.9852806915258528
23113,0.3210915204632253,0.12322929817568498,0.5556791813610897
23114,0.720802537686023,0.01788475360917926,0.2613127087047989
23115,0.892846242004013,0.017516479928957024,0.08963727806703002
23116,0.30366561200495884,0.05208477381795654,0.6442496141770847
23117,0.9187042650673065,0.017146544045602265,0.06414919088709144
23118,0.5095362754666651,0.014725150457210392,0.4757385740761243
23119,0.9701718647383476,0.012905680251993628,0.016922455009658628
23120,0.9709422989228998,0.010149945533493195,0.018907755543606738
23121,0.8038018312143438,0.008228792824885494,0.18796937596077037
23122,0.010079371645607344,0.00036118601314766627,0.9895594423412456
23123,0.8990698586967164,0.008308196139160345,0.09262194516412253
23124,0.12267166744694606,0.0234732292102067,0.8538551033428473
23125,0.1469299503061097,0.0028168096617084597,0.8502532400321818
23126,0.9593180145838873,0.003593995931402044,0.037087989484711356
23127,0.8967019998689126,0.010918671957901707,0.09237932817318512
23128,0.08859518427080512,0.042212416326414204,0.8691923994027809
23129,0.6250624933902628,0.021309287982540222,0.35362821862719734
23130,0.7369548344055987,0.030974387405823024,0.23207077818857774
23131,0.23270304796503558,0.039687579195522585,0.7276093728394419
23132,0.12794367856032043,0.005283976489511417,0.8667723449501684
23133,0.00781501786398912,0.012155550218784793,0.9800294319172261
23134,0.052367690504539426,0.04915709423331927,0.8984752152621415
23135,0.6174588986115733,0.0015571184534845346,0.3809839829349421
23136,0.8081191534478915,0.049657644302431296,0.14222320224967716
23137,0.9592402293239694,0.012370840186427388,0.028388930489603125
23138,0.694003987033823,0.010611810876236678,0.2953842020899403
23139,0.8897557018352169,0.03218604311465162,0.07805825505013107
23140,0.5262771606039588,0.00571173109371425,0.46801110830232706
23141,0.6064130759263181,0.010829288667467251,0.3827576354062147
23142,0.8779491068781801,0.0749852783434766,0.047065614778343604
23143,0.5654443402052164,0.05415221444806207,0.3804034453467213
23144,0.8803804475428759,0.017826284059554925,0.1017932683975693
23145,0.9561991931556403,0.011931916630835798,0.03186889021352408
23146,0.5478437206569071,0.019984367571731155,0.4321719117713623
23147,0.9773703718844691,0.0036072028584387397,0.01902242525709197
23148,0.9358231073705469,0.0019889894985336914,0.06218790313091919
23149,0.4648832789228642,0.02822708412375689,0.5068896369533789
23150,0.9282518249135847,0.00499007627272109,0.06675809881369411
23151,0.14008937273044328,0.008953356920359104,0.8509572703491978
23152,0.6629592146789994,0.10531476047434901,0.23172602484665172
23153,0.12349039457363939,0.046919148436242925,0.8295904569901179
23154,0.8393706535085276,0.02944458322579894,0.1311847632656734
23155,0.930400148938078,0.005984302644187348,0.0636155484177344
23156,0.21050708399171453,0.06059171186544852,0.7289012041428368
23157,0.9254136683042702,0.008772188619230998,0.06581414307649903
23158,0.47083273965304206,0.030024399463084793,0.4991428608838728
23159,0.037073071716985824,0.0021276880760207925,0.9607992402069937
23160,0.7079475300801262,0.03938349735881519,0.25266897256105947
23161,0.9746832507833657,0.010467477635756138,0.014849271580877853
23162,0.9649023429008592,0.00984917380464905,0.025248483294491995
23163,0.9596632759272388,0.011220179732332358,0.029116544340428506
23164,0.9585416130670233,0.005189599252891701,0.03626878768008565
23165,0.8224949169226347,0.0068951364425302525,0.17060994663483478
23166,0.9466546531386231,0.009780509548990778,0.04356483731238589
23167,0.17934567071127405,0.0288378134418588,0.7918165158468671
23168,0.5070262790480908,0.028028934511503796,0.46494478644040543
23169,0.9009961228504915,0.01187437818811919,0.08712949896138952
23170,0.859364574519401,0.032068673861111424,0.10856675161948753
23171,0.8806290774999135,0.021248310128359437,0.0981226123717268
23172,0.8647635229327623,0.011003832314360583,0.1242326447528775
23173,0.8698447482604096,0.01967992577321676,0.1104753259663742
23174,0.8909649612872016,0.006660166844900411,0.10237487186789802
23175,0.9248175079190232,0.007320622697625806,0.06786186938335102
23176,0.25856996037859203,0.01647282427623581,0.7249572153451723
23177,0.4999935214436825,0.007003793783853719,0.49300268477246373
23178,0.6079657793522492,0.02799079837060555,0.36404342227714553
23179,0.9150676027154664,0.003539932145492014,0.08139246513904178
23180,0.9551014490831102,0.008663342450353708,0.03623520846653649
23181,0.9699499232755066,0.011901535189809097,0.01814854153468489
23182,0.8951847093418307,0.008202902639964052,0.09661238801820539
23183,0.6400856143708658,0.004917217960786457,0.354997167668347
23184,0.5772309769803828,0.0033217267015446554,0.4194472963180726
23185,0.011099498777317343,6.219449008671848e-05,0.9888383067325964
23186,0.9845515483575016,0.0026881505825829036,0.012760301059916157
23187,0.9754190873267754,0.0034852571084603347,0.021095655564764223
23188,0.023648430914132976,0.007364522315628576,0.9689870467702385
23189,0.8594801299434065,0.01616324152489019,0.12435662853170334
23190,0.7532282727990611,0.03913169980492065,0.20764002739601883
23191,0.334901513536375,0.08637698189098199,0.578721504572643
23192,0.11050959369499919,0.03037907085655321,0.8591113354484476
23193,0.5597785698077831,0.04058943724000514,0.3996319929522118
23194,0.9089676929067171,0.012267820471273028,0.07876448662201019
23195,0.26767908811554286,0.01416338787066924,0.7181575240137875
23196,0.8724132248448117,0.04356165996721678,0.08402511518797247
23197,0.9031742701034636,0.009264848033156983,0.08756088186337994
23198,0.7705425372113394,0.014402190566176734,0.21505527222248394
23199,0.12502283479048187,0.0391365468409586,0.8358406183685596
23200,0.9578089762422676,0.004711279200461768,0.03747974455727142
23201,0.9551408779879735,0.006083352533163794,0.038775769478862715
23202,0.1792345177650714,0.012142759641430821,0.808622722593498
23203,0.9201739466924664,0.009418257796661552,0.07040779551087296
23204,0.9396025611795288,0.00857530514471252,0.051822133675759385
23205,0.08161277147948981,0.035492503512151274,0.8828947250083589
23206,0.05819398281851972,0.009664736192747679,0.9321412809887323
23207,0.48592411844484407,0.1035214137631627,0.41055446779199317
23208,0.9702349739522326,0.005420566239869637,0.02434445980789793
23209,0.9262688382581715,0.006177497317907652,0.06755366442392063
23210,0.8411336073214454,0.03599178885185342,0.12287460382670097
23211,0.9624651868276135,0.01359040695924152,0.023944406213144722
23212,0.9441221314621678,0.007368534935121215,0.048509333602710175
23213,0.6466573189373794,0.025947853377606227,0.32739482768501454
23214,0.7468158681246578,0.06699961380105683,0.18618451807428527
23215,0.7858780798577439,0.005025404559990453,0.2090965155822657
23216,0.9167868519258343,0.01940714509916081,0.06380600297500495
23217,0.02839962428866792,0.01816238883688574,0.9534379868744464
23218,0.8881295159088964,0.028584508002190326,0.08328597608891329
23219,0.9278705315771115,0.017554853281104815,0.05457461514178388
23220,0.7594362456371793,0.023380653938563842,0.21718310042425717
23221,0.1842136643059562,0.0001003562546212274,0.8156859794394228
23222,0.7723383007223723,0.04767723068522771,0.1799844685923994
23223,0.7547339498230135,0.026897476539907435,0.218368573637079
23224,0.9400196223257431,0.007467202324973896,0.052513175349282834
23225,0.9380608630498938,0.015405369847754376,0.046533767102351624
23226,0.0064190642194210425,0.010868465067076293,0.982712470713503
23227,0.8672067475161431,0.005260603536323962,0.12753264894753222
23228,0.36004008781211333,0.026787233951318042,0.6131726782365686
23229,0.8873451225039216,0.019768493460422715,0.09288638403565602
23230,0.13314622566962384,0.12934807710771923,0.7375056972226569
23231,0.9408872088687869,0.007337599757039267,0.05177519137417383
23232,0.969529970714572,0.005824688773702387,0.024645340511725736
23233,0.9248291616121866,0.014367014383430838,0.060803824004382424
23234,0.7376088668612618,0.007407863576935708,0.2549832695618027
23235,0.9436312760252308,0.006224708375508003,0.0501440155992607
23236,0.9090356575983563,0.009388442378875893,0.08157590002276703
23237,0.3119596016314631,0.058639902146157115,0.6294004962223795
23238,0.3444263901416745,0.09809610599657273,0.557477503861753
23239,0.9377790380675236,0.020736010108335277,0.04148495182414171
23240,0.8830559308774724,0.009710872546997918,0.10723319657553027
23241,0.8962018525548486,0.0061876610955789975,0.09761048634957352
23242,0.938873844815927,0.015040006599001945,0.0460861485850706
23243,0.8755901721592507,0.013079321956493872,0.111330505884256
23244,0.5633943222020108,0.00341766045870146,0.4331880173392877
23245,0.7951161327281165,0.0138745282634736,0.19100933900841024
23246,0.3910567303138812,0.00752021143179108,0.6014230582543277
23247,0.9425802419190169,0.007482436613638563,0.049937321467344815
23248,0.49853887226522775,0.08381457394287319,0.417646553791899
23249,0.9348915043801415,0.006825493083108917,0.058283002536749465
23250,0.973454260589506,0.0024844668565895314,0.024061272553905395
23251,0.929098525462393,0.012135398426975282,0.05876607611063166
23252,0.25811118324892074,0.16352239198481222,0.5783664247662672
23253,0.4154992914457245,0.007216171167460859,0.577284537386815
23254,0.63221950523507,0.1092500522530136,0.2585304425119166
23255,0.9449957456097254,0.0313002696525595,0.02370398473771531
23256,0.9131774467787992,0.005667661800375093,0.08115489142082637
23257,0.7410309634107202,0.07546010178614414,0.18350893480313543
23258,0.6239037421921826,0.05145846407435779,0.3246377937334595
23259,0.8970678818097235,0.004632600601431684,0.09829951758884616
23260,0.87462821929039,0.0146402123398821,0.11073156836972776
23261,0.15316647823336355,0.1407598586231736,0.7060736631434629
23262,0.8886471818659731,0.052739532530593575,0.05861328560343292
23263,0.953334413048489,0.007570883616805412,0.03909470333470537
23264,0.9315699261874473,0.007697973718486162,0.06073210009406594
23265,0.9575244039687624,0.019307687958318973,0.023167908072919293
23266,0.8341064030714503,0.05857110424855881,0.10732249267999071
23267,0.9425991565701226,0.005134374400849633,0.052266469029028005
23268,0.5230349719592499,0.09716419243031375,0.37980083561043654
23269,0.8146173785123204,0.08720513091740566,0.09817749057027436
23270,0.9381003339037625,0.006131203989614238,0.05576846210662411
23271,0.923444159196373,0.005961656018565752,0.0705941847850614
23272,0.4850338079051417,0.06530508657369138,0.44966110552116695
23273,0.9500492477275057,0.012029215108366695,0.037921537164127404
23274,0.9174049300253938,0.005051192361039946,0.07754387761356638
23275,0.3796290522666524,0.006983201694422938,0.6133877460389251
23276,0.15717918087486643,0.028326558724115446,0.8144942604010184
23277,0.892190027731722,0.04776892929061841,0.06004104297765953
23278,0.07295351815856996,0.0006234455377432713,0.9264230363036872
23279,0.551395343169418,0.005378939813367939,0.44322571701721425
23280,0.6163788067876057,0.008953060711295776,0.3746681325010985
23281,0.8001611720137715,0.009860486332714434,0.18997834165351413
23282,0.6925379463997576,0.05036174485911745,0.25710030874112455
23283,0.8594625716355424,0.004711713003856067,0.13582571536060187
23284,0.39492291084949105,0.06424055325418579,0.5408365358963233
23285,0.9515678367322629,0.010561978159647212,0.037870185108089774
23286,0.8202276572586998,0.018714149003021728,0.16105819373827943
23287,0.76971076115424,0.04823709094503001,0.1820521479007301
23288,0.1499701542531093,0.021328213084132398,0.8287016326627583
23289,0.9708907484399196,0.007104748584139564,0.022004502975941084
23290,0.7063898453684483,0.17084253857748763,0.12276761605406442
23291,0.013882782179438087,0.00044157882499118087,0.9856756389955712
23292,0.7442965863505908,0.025928427294922684,0.22977498635448654
23293,0.9314376166963282,0.008760577950815761,0.05980180535285605
23294,0.9753044952988823,0.003924845760281506,0.020770658940836913
23295,0.983285717886416,0.0026206065376518555,0.014093675575932446
23296,0.6312794317166898,0.018227218078755825,0.35049335020455524
23297,0.3962051670556956,0.1085617290373104,0.495233103906994
23298,0.6599230699344844,0.04021907466837062,0.29985785539714543
23299,0.9756989774991706,0.004767133927648661,0.019533888573180988
23300,0.17485060568397792,0.0504437447742485,0.7747056495417733
23301,0.07052573129004684,0.02192264029254368,0.9075516284174099
23302,0.19811221836530188,0.11435179128891056,0.6875359903457877
23303,0.7134230203026294,0.011790449689235684,0.2747865300081347
23304,0.5278533632462038,0.013777692459738899,0.4583689442940575
23305,0.796002423989415,0.006302840112318372,0.1976947358982658
23306,0.9512531793569667,0.006997747491821247,0.04174907315121199
23307,0.23885533346903723,0.062335497292591274,0.6988091692383717
23308,0.9834346218707524,0.0030070263986043465,0.013558351730643764
23309,0.9618379616259707,0.01258941131424157,0.025572627059787408
23310,0.062476130441083404,0.021100526875652753,0.9164233426832641
23311,0.13216523622572404,0.029755606877435514,0.8380791568968404
23312,0.9465113744291264,0.005881070388723458,0.047607555182150006
23313,0.9470032973353678,0.012211979691005813,0.04078472297362657
23314,0.9797215286576509,0.006921164542798635,0.013357306799550755
23315,0.9098379021821622,0.005274137675320873,0.08488796014251701
23316,0.6197140915210261,0.004012437804224118,0.37627347067475
23317,0.9007926941049649,0.0137082496385511,0.08549905625648428
23318,0.5088063555836968,0.16359177732018565,0.3276018670961174
23319,0.9156490032900542,0.022655035890865708,0.06169596081908009
23320,0.2676450413200308,0.013693636633054966,0.7186613220469139
23321,0.936323492829284,0.005656036961153053,0.058020470209564294
23322,0.9051759063361432,0.01079127147936748,0.08403282218449086
23323,0.6941985266884428,0.11292601583785998,0.1928754574736973
23324,0.4680821317979138,0.0621824687740337,0.4697353994280525
23325,0.9583901248291127,0.012586580237775546,0.029023294933112287
23326,0.941997585163078,0.004075364770400575,0.05392705006652141
23327,0.9637212052424858,0.0075283914002185455,0.028750403357295225
23328,3.870137798709228e-05,0.0,0.999961298622013
23329,0.961966055366701,0.0029438238460365446,0.035090120787262924
23330,0.19034383925825923,0.06671514942341115,0.7429410113183298
23331,0.5912612678355057,0.036681820428874724,0.37205691173561967
23332,0.32553209349852547,0.0036462396412487155,0.6708216668602257
23333,0.9672279707497963,0.0020680122530943464,0.030704016997109538
23334,0.3115861803700408,0.06735294153568705,0.6210608780942721
23335,0.40891354508972727,0.053678436581075434,0.5374080183291973
23336,0.461862564247331,0.01497248155303379,0.5231649541996348
23337,0.9328231366320472,0.007997452824529648,0.05917941054342416
23338,0.6384241635773051,0.08462475452601295,0.2769510818966821
23339,0.9727519790728947,0.0011889135421483332,0.026059107384957442
23340,0.018766963658644626,8.063370275646489e-05,0.9811524026385988
23341,0.933806439278297,0.00751527316469151,0.058678287557011224
23342,0.7698736185240189,0.02543332320159963,0.20469305827438214
23343,0.9749997579528226,0.01022040876702053,0.014779833280156897
23344,0.043677666674890814,0.014686504491970615,0.9416358288331389
23345,0.9181043527197669,0.003386368297865195,0.0785092789823691
23346,0.9805363541028396,0.0031948893128834685,0.01626875658427724
23347,0.5982797018622716,0.08636884350985075,0.31535145462787767
23348,0.9088647127720196,0.00836325882731281,0.08277202840066694
23349,0.9091269061554675,0.02930128440030688,0.06157180944422536
23350,0.8366775408778478,0.018341213641427698,0.1449812454807248
23351,0.8951648487013276,0.01336276365062094,0.09147238764805192
23352,0.298925741971448,0.09767036987744258,0.6034038881511093
23353,0.971325789190887,0.006105142786268489,0.02256906802284585
23354,0.9092448495087357,0.010892281923020613,0.0798628685682442
23355,0.9574457613705786,0.006070249428770177,0.03648398920065234
23356,0.9582042002245371,0.00742137121981384,0.034374428555649254
23357,0.9634075455797256,0.017313608246359004,0.019278846173916047
23358,0.02704388973148772,0.005229555450942919,0.9677265548175692
23359,0.9019839335325631,0.008426813410220174,0.08958925305721617
23360,0.18230021613690967,0.10243452380952381,0.7152652600535666
23361,0.9650772234509748,0.01706692438851664,0.017855852160509247
23362,0.5720703366066521,0.0034462652192159744,0.4244833981741322
23363,0.9140234483517731,0.018247991006247216,0.06772856064197917
23364,0.8156662131168813,0.0488807375818671,0.13545304930125213
23365,0.9446441984746901,0.015417065066717415,0.039938736458592076
23366,0.9812964721600772,0.0072339862219901055,0.011469541617933406
23367,0.734298487644529,0.023136987227636605,0.24256452512783455
23368,0.031146051522634687,0.02199764895787043,0.9468562995194948
23369,0.8627610129007997,0.02694839699384246,0.1102905901053576
23370,0.9265286853606959,0.03368873023276662,0.03978258440653813
23371,0.784477849500589,0.008893195644567609,0.2066289548548436
23372,0.9545003191523843,0.006928439905403606,0.038571240942211794
23373,0.31288865901451623,0.24744875367914163,0.4396625873063422
23374,0.9128724859629098,0.016352867432145635,0.07077464660494485
23375,0.3011604483234738,0.08873958003113333,0.610099971645393
23376,0.9570466463604468,0.004077428068939645,0.03887592557061409
23377,0.8624028565892384,0.05205567612533425,0.08554146728542739
23378,0.9770755895292562,0.005669072153309155,0.017255338317435108
23379,0.947573099680002,0.0019033509985056053,0.050523549321492126
23380,0.9742311564070147,0.013587693085385988,0.012181150507600385
23381,0.04814106303156093,0.008463735717834079,0.9433952012506048
23382,0.9657192594635995,0.0049433673841967965,0.02933737315220356
23383,0.9647500974435104,0.005787919355951202,0.0294619832005393
23384,0.02626219932935619,0.01859478715728716,0.9551430135133565
23385,0.9780073833076464,0.009273229742187363,0.012719386950167553
23386,0.9311525985294522,0.01298687842911897,0.05586052304142931
23387,0.9649608434523685,0.004004592189595834,0.03103456435803692
23388,0.4501604420003161,0.00947267054871393,0.5403668874509697
23389,0.17936126335596317,0.0034335465784933873,0.8172051900655435
23390,0.976422722880462,0.005844906148038445,0.017732370971500145
23391,0.49392279103210657,0.1347717828028096,0.3713054261650839
23392,0.8811239348259012,0.00296261615809179,0.11591344901600759
23393,0.9390093041136621,0.007494783900145713,0.053495911986192426
23394,0.969300761111267,0.010422879423593389,0.020276359465139546
23395,0.9389545437790608,0.01741471385460457,0.04363074236633497
23396,0.649920651515612,0.004901395476286974,0.3451779530081007
23397,0.9379319748539107,0.006756287223702255,0.05531173792238679
23398,0.9098574025726801,0.004661557214251082,0.08548104021306963
23399,0.17969887952159905,0.007787186937044653,0.8125139335413561
23400,0.7290322401531256,0.051218022861393535,0.2197497369854813
23401,0.9636336828546517,0.0025205830477105346,0.03384573409763893
23402,0.12323789527169604,0.011152700156021612,0.8656094045722826
23403,0.9339659666630623,0.007272960454238231,0.05876107288269928
23404,0.20169009345775898,0.12580486215538847,0.6725050443868524
23405,0.13723902676819294,0.0034927093525379625,0.8592682638792691
23406,0.7702558357268988,0.014516839077695068,0.2152273251954067
23407,0.9398905668401837,0.007723716294024319,0.052385716865791895
23408,0.6389485301930397,0.04963789836080804,0.3114135714461524
23409,0.933400098621353,0.022011231362907172,0.04458867001573952
23410,0.9715137779940373,0.014712039736678648,0.013774182269284042
23411,0.8287392709985666,0.009343800768049405,0.1619169282333842
23412,0.01722313448162769,0.0042165239295142804,0.978560341588858
23413,0.09732786889830101,0.31576522219677483,0.5869069089049241
23414,0.9127248258011391,0.00926947018924844,0.07800570400961261
23415,0.31401909933629074,0.02255477451152088,0.6634261261521882
23416,0.9779389221953974,0.003176639730414814,0.018884438074188246
23417,0.18497489770509506,0.008594939032768655,0.8064301632621363
23418,0.01310289142006384,0.002050757482076705,0.9848463510978598
23419,0.6854557827236778,0.011762332165067764,0.3027818851112542
23420,0.8103069769365969,0.06014545008617021,0.1295475729772328
23421,0.9065563646400189,0.01729228519729414,0.07615135016268731
23422,0.9570557540153682,0.00616444958377315,0.03677979640085886
23423,0.9695902441650287,0.004115711818820502,0.026294044016151763
23424,0.9385070448671665,0.008399436520859789,0.053093518611973284
23425,0.9448234668439485,0.007282825109266386,0.04789370804678461
23426,0.5897856638545266,0.06005350077343873,0.350160835372035
23427,0.25200509764322443,0.027409966809505845,0.7205849355472697
23428,0.9498906237437665,0.007279467241981793,0.042829909014251856
23429,0.10354166666666667,0.023333333333333334,0.873125
23430,0.9622857123326244,0.003238115856147839,0.03447617181122863
23431,0.7772180536534451,0.06026449823692386,0.16251744810963098
23432,0.64452350530035,0.00870006007487026,0.34677643462477953
23433,0.9533622398522469,0.007082929790407193,0.0395548303573461
23434,0.9175899546172476,0.005203213776706892,0.07720683160604645
23435,0.9474095956241807,0.01068432915830039,0.041906075217518365
23436,0.7143108091922147,0.020845189229282357,0.2648440015785026
23437,0.017378968253968254,0.0415448717948718,0.9410761599511598
23438,0.9374385927589397,0.006761164380105572,0.055800242860955813
23439,0.7568106960371794,0.01634707507383594,0.2268422288889848
23440,0.19313150303886084,0.1609594492411552,0.6459090477199841
23441,0.5307376802867614,0.09338081646342555,0.3758815032498135
23442,0.08673311843573014,0.01894214497831621,0.8943247365859537
23443,0.5341464504966051,0.06958208251689726,0.3962714669864976
23444,0.8664011329725753,0.014650322763129239,0.11894854426429516
23445,0.27191144645255333,0.0678482656085132,0.6602402879389334
23446,0.9257248898187297,0.013350515134020977,0.06092459504724989
23447,0.9400409825595625,0.008503982510659902,0.0514550349297774
23448,0.5245525949741122,0.08769564922235203,0.387751755803536
23449,0.2739640566465815,0.024668475078714978,0.7013674682747034
23450,0.4974829883016834,0.013560637823912482,0.48895637387440427
23451,0.8342248191866328,0.0163694384161769,0.14940574239719015
23452,0.14417668294338945,0.05275317899340877,0.8030701380632019
23453,0.7530693859547013,0.009356655933236742,0.23757395811206242
23454,0.02294886910113984,0.008840766062671203,0.9682103648361889
23455,0.9510907463480942,0.006983409492081442,0.041925844159824345
23456,0.6209548588748306,0.028830132617807452,0.35021500850736165
23457,0.8734248911077533,0.03220556577553509,0.09436954311671159
23458,0.1175596692328894,0.10779010182903197,0.7746502289380788
23459,0.8568288932887087,0.017493405574426288,0.12567770113686474
23460,0.24468217490470423,0.046250679963356904,0.7090671451319389
23461,0.9746154645166194,0.0032001050645840586,0.022184430418796128
23462,0.956854063639387,0.0038554101561960284,0.0392905262044178
23463,0.9468948555164085,0.011748191434731253,0.04135695304885986
23464,0.9595790573646419,0.011172668573078238,0.029248274062279662
23465,0.7880258473616018,0.031993625266178244,0.17998052737222028
23466,0.4861442277426983,0.07860750373013016,0.43524826852717136
23467,0.6999691440476116,0.013316766673476067,0.2867140892789132
23468,0.8676802093525265,0.004395761808615604,0.1279240288388582
23469,0.9634626057991524,0.010713374302728928,0.02582401989811839
23470,0.9421171272101698,0.018306610400051368,0.03957626238977908
23471,0.003979158505263583,0.003417367899643117,0.9926034735950934
23472,0.3620146074630348,0.11406187761373858,0.5239235149232268
23473,0.9445605256019657,0.0068082437732193725,0.0486312306248142
23474,0.9342880646751331,0.006165450797759197,0.05954648452710796
23475,0.31102927535018743,0.4079209864154119,0.28104973823440077
23476,0.5862338263581609,0.010018042009421593,0.4037481316324175
23477,0.9805209454941487,0.008036605566591288,0.011442448939260585
23478,0.904494916210202,0.017025466842923713,0.07847961694687423
23479,0.24160602565361947,0.028316170980366345,0.7300778033660141
23480,0.7064888438403633,0.05242835197065373,0.2410828041889829
23481,0.05998503114460097,0.0038739429155229127,0.9361410259398762
23482,0.6060775412554663,0.008502622519252701,0.3854198362252808
23483,0.609612451028875,0.1294210603362034,0.26096648863492156
23484,0.6120937456056584,0.036857469121458666,0.35104878527288313
23485,0.9112851452712953,0.012658287370733547,0.0760565673579709
23486,0.7964414665120977,0.07279475778051275,0.13076377570738912
23487,0.9335455884597722,0.014325146739452942,0.052129264800774365
23488,0.6688303768710746,0.044433213526534364,0.28673640960239194
23489,0.9615979266384638,0.001795601477689037,0.03660647188384828
23490,0.9529444311555769,0.007189617532476868,0.03986595131194618
23491,0.9562103179775862,0.0027538421907598197,0.04103583983165497
23492,0.9469667756184559,0.016565063614906624,0.03646816076663742
23493,0.9313809181382732,0.005315583884437819,0.06330349797728943
23494,0.9613006513298643,0.010325411713251003,0.028373936956884657
23495,0.9275852266764181,0.009535573002622571,0.06287920032096059
23496,0.14757689504243934,0.1431954126116124,0.7092276923459484
23497,0.9438472055063194,0.007192114629183555,0.04896067986449736
23498,0.10717550830033197,0.0006833180891840176,0.8921411736104841
23499,0.905408448323868,0.008856863923571559,0.08573468775255975
23500,0.6351697667922815,0.19533689640142987,0.16949333680628867
23501,0.7054102291284414,0.15951468135069496,0.13507508952086386
23502,0.9539583063483553,0.0067912497333941614,0.039250443918250846
23503,0.24229237450373195,0.09695308539869704,0.6607545400975711
23504,0.9496811676125674,0.004637944466692014,0.0456808879207411
23505,0.01289986137681965,0.011535863913909795,0.9755642747092708
23506,0.09244940030341907,0.014276866260366975,0.8932737334362139
23507,0.9616893598249715,0.003892557924259051,0.034418082250770324
23508,0.186247519685597,0.010533561373867975,0.803218918940535
23509,0.7549754585960632,0.009017342574162205,0.23600719882977528
23510,0.307992723105068,0.06537984111680926,0.6266274357781229
23511,0.9686222874660982,0.010858052644401471,0.02051965988950147
23512,0.8565652076616745,0.035979876533107115,0.10745491580521827
23513,0.5296638051991978,0.011212286750300742,0.45912390805050163
23514,0.9495407525420243,0.0091584616517674,0.04130078580620905
23515,0.957845081836112,0.00951739717547815,0.032637520988409545
23516,0.9517028162645267,0.009920032265209561,0.03837715147026375
23517,0.34845709975615347,0.13462766415525376,0.5169152360885929
23518,0.7831674166694443,0.005696360211338202,0.21113622311921798
23519,0.9615013726821068,0.01131738350970321,0.02718124380818999
23520,0.8896099065309684,0.0186549420199303,0.0917351514491017
23521,0.574872963633558,0.06094614776535181,0.3641808886010905
23522,0.7765510853975301,0.009003346903960036,0.21444556769850967
23523,0.9550695679580121,0.008346318379419349,0.03658411366256862
23524,0.048123896803778723,0.00016777270816557504,0.9517083304880558
23525,0.01576285736401803,0.011508436116090112,0.9727287065198922
23526,0.3248128015467891,0.005588369880107164,0.6695988285731043
23527,0.9808536178157847,0.007794705318811917,0.011351676865403922
23528,0.5908128958619627,0.11819778257497458,0.2909893215630626
23529,0.9726518553502013,0.008084882928363114,0.019263261721436494
23530,0.9768948270149301,0.00912227800680214,0.013982894978267548
23531,0.9592472383387444,0.002940385102595989,0.03781237655866028
23532,0.8665709862224442,0.02884089736544622,0.10458811641210941
23533,0.6309169339439042,0.13933836796882765,0.22974469808726833
23534,0.9504102297974593,0.008076514072967805,0.04151325612957256
23535,0.8787341979649684,0.02239409565761558,0.09887170637741698
23536,0.7984180030606585,0.022642348573231694,0.1789396483661103
23537,0.9011063138228856,0.014872556251350637,0.08402112992576395
23538,0.8341394034278787,0.009193758895742381,0.15666683767637984
23539,0.555405173956842,0.024446329642734545,0.4201484964004233
23540,0.06853166125328308,0.00020506365829284787,0.9312632750884247
23541,0.8735602361507182,0.003462965735013192,0.12297679811426884
23542,0.4646855491624683,0.004845961149464218,0.5304684896880676
23543,0.18283783122308558,0.002114729105468498,0.8150474396714468
23544,0.8609278645603513,0.03272743904077619,0.10634469639887273
23545,0.09971289171977644,0.0016289425393383333,0.8986581657408853
23546,0.6261460683986855,0.02428663973308635,0.3495672918682279
23547,0.9652308158927426,0.005602139470469187,0.029167044636788517
23548,0.29320142154033796,0.5305728442918463,0.17622573416781576
23549,0.37279195057832937,0.14950769060101704,0.47770035882065365
23550,0.9713771519054881,0.009061752189549624,0.019561095904962633
23551,0.9208067488066753,0.023503297740166663,0.055689953453157554
23552,0.11352939546114113,0.015424854633174761,0.8710457499056844
23553,0.9695848687755322,0.015115204297338798,0.015299926927129347
23554,0.9383807065585298,0.00796238112705778,0.05365691231441314
23555,0.981102854295802,0.006166918411790207,0.012730227292408003
23556,0.9624791239215692,0.003743524092338831,0.03377735198609166
23557,0.015857568800716162,0.005,0.9791424311992838
23558,0.7425605801224033,0.011210645243523457,0.2462287746340732
23559,0.8272079137908683,0.007439649818332746,0.16535243639079955
23560,0.7298830774568973,0.001418475446838583,0.26869844709626417
23561,0.9623392992153816,0.00607586263753303,0.03158483814708602
23562,0.1467404646719976,0.050340637809072435,0.8029188975189296
23563,0.857420147791125,0.027646618322928907,0.11493323388594594
23564,0.8520953311043056,0.01398238543569209,0.13392228346000232
23565,0.4063614731736293,0.08303250385757532,0.5106060229687952
23566,0.04613884749618682,0.00033665693730611094,0.953524495566507
23567,0.9633457597128715,0.005093794549814226,0.03156044573731507
23568,0.9294093254101551,0.03377054467532635,0.03682012991451857
23569,0.9587315676802556,0.0048787539990019285,0.036389678320741914
23570,0.8735004408575964,0.006194422936961581,0.12030513620544253
23571,0.17682748442438803,0.13227224079576627,0.6909002747798458
23572,0.9152212177036018,0.007921309448213022,0.07685747284818485
23573,0.413921547548404,0.0754223558721069,0.5106560965794888
23574,0.8452574397186404,0.01946998691255171,0.13527257336880805
23575,0.6681868332363481,0.06382253425988918,0.26799063250376226
23576,0.23271656216180409,0.039648003140650194,0.7276354346975457
23577,0.9567374805249828,0.006490653576271578,0.036771865898745586
23578,0.42684909650110264,0.004931052259901701,0.5682198512389954
23579,0.4858119107131589,0.006792245871999927,0.5073958434148412
23580,0.3318362201649544,0.03439200329017097,0.6337717765448746
23581,0.8123202191720406,0.012520772032804979,0.17515900879515453
23582,0.24582219398795413,0.017600153047805017,0.7365776529642413
23583,0.04065213693484819,0.012469788067255776,0.946878074997896
23584,0.13978746202740497,0.03595507955310455,0.8242574584194905
23585,0.6624269545742174,0.0030017190635689608,0.3345713263622137
23586,0.9470812253493766,0.0095378752944956,0.04338089935612733
23587,0.9590431844092302,0.005558202975525685,0.035398612615244116
23588,0.9740635091284627,0.009169389331752965,0.016767101539785074
23589,0.9796795555255824,0.003909280522537564,0.016411163951880393
23590,0.9702313892688452,0.00291781905320765,0.026850791677946906
23591,0.6412761848342828,0.028640357606546263,0.33008345755917046
23592,0.9734422396702835,0.002822637292326687,0.023735123037389748
23593,0.5094733775956246,0.008705417763098881,0.4818212046412764
23594,0.7122360931212486,0.041553839746163196,0.24621006713258797
23595,0.15091844842657565,0.002613234076058941,0.8464683174973657
23596,0.2746543410559434,0.03853734147004858,0.686808317474008
23597,0.3517348028604945,0.01737282438169582,0.6308923727578096
23598,0.9455196436533676,0.008028834936831139,0.0464515214098011
23599,0.543003373530547,0.018247413759362983,0.43874921271009015
23600,0.9186273864310334,0.005322362357815417,0.07605025121115093
23601,0.8190943426260046,0.027894504117364997,0.15301115325663053
23602,0.8342417596254703,0.010507078140715099,0.1552511622338143
23603,0.9012045672570796,0.02867448779182175,0.07012094495109984
23604,0.6654256434107894,0.09305097741996729,0.24152337916924338
23605,0.6571599305174125,0.012765888244376924,0.3300741812382115
23606,0.12263795595639747,0.013821150558139343,0.863540893485463
23607,0.9603497616970249,0.005455962188437619,0.034194276114537916
23608,0.8936658737432841,0.0038756203833883607,0.10245850587332797
23609,0.04942522582122484,0.025953584339700495,0.9246211898390747
23610,0.9645772706573329,0.012429106309958632,0.022993623032708525
23611,0.5987381314567827,0.0956938603047858,0.3055680082384316
23612,0.22489551844768915,0.07512714706309254,0.6999773344892185
23613,0.9787116142949777,0.003180346883660934,0.01810803882136239
23614,0.48906325277028934,0.025146068946849124,0.48579067828286165
23615,0.9716355321797562,0.0017344685891740894,0.02662999923107072
23616,0.010723653245566364,1.681397763771161e-05,0.9892595327767958
23617,0.80566581311547,0.013217002135924994,0.18111718474860455
23618,0.9666352150871496,0.008563906609291879,0.02480087830355866
23619,0.9752671451312203,0.0015128519128355976,0.0232200029559441
23620,0.2179824960845501,0.048736903825444135,0.7332806000900058
23621,0.9436924733415115,0.007671972214681872,0.04863555444380651
23622,0.1452086602141156,0.035666869009221024,0.8191244707766632
23623,0.06294023410335892,0.03641718038524455,0.9006425855113965
23624,0.9288718472767634,0.006704869627915948,0.0644232830953201
23625,0.9510292628111748,0.0069241482196201005,0.04204658896920497
23626,0.946196923900557,0.004941999433817597,0.04886107666562612
23627,0.9465232180468829,0.009799530658467377,0.043677251294649604
23628,0.8449510320014556,0.03154148333585838,0.12350748466268557
23629,0.9800685047253791,0.0020108282487361433,0.017920667025885437
23630,0.08111320426955869,0.0743295250210148,0.8445572707094264
23631,0.6116622759577632,0.03449049768880537,0.3538472263534315
23632,0.2118572982723927,0.024358980798474407,0.7637837209291327
23633,0.8133463253007275,0.01312925111388931,0.1735244235853837
23634,0.9717826082160239,0.009218766892916933,0.018998624891059333
23635,0.8231681519470475,0.02385190605132595,0.15297994200162612
23636,0.17684669083725887,0.14415540522079223,0.6789979039419488
23637,0.9268554628006755,0.02176889386288828,0.051375643336436676
23638,0.405116877443124,0.085767998830714,0.5091151237261617
23639,0.9760226552506187,0.0026198139136703615,0.02135753083571089
23640,0.48591785535884163,0.03812892611806508,0.4759532185230935
23641,0.6296632067813879,0.10691800685162779,0.26341878636698424
23642,0.5935254573331187,0.015964101307287492,0.39051044135959384
23643,0.6237609879922434,0.009770225469985041,0.3664687865377721
23644,0.9614608043596988,0.004556425126422429,0.033982770513878734
23645,0.9590902707205512,0.012217974641502611,0.028691754637946373
23646,0.8568424552909775,0.03903434313967067,0.10412320156935193
23647,0.8316264074789786,0.008705645167931701,0.15966794735309084
23648,0.48241693477186715,0.025484523765983466,0.4920985414621495
23649,0.05906009239693375,0.006467672172571106,0.9344722354304955
23650,0.4459809527247496,0.06752445480664046,0.4864945924686098
23651,0.5260588022014161,0.028661142032074878,0.4452800557665089
23652,0.8362291670365188,0.0118167394647616,0.15195409349872005
23653,0.9208199815453637,0.010024589266647479,0.0691554291879895
23654,0.04720734349320185,0.018702452452452452,0.9340902040543456
23655,0.24526162634117857,0.09993428657869652,0.6548040870801249
23656,0.5882364238624663,0.02646663379076628,0.38529694234676753
23657,0.8209481692214726,0.01567893738760258,0.163372893390925
23658,0.9678276053978925,0.011404032547214211,0.02076836205489318
23659,0.9733598694472566,0.003387655973641172,0.023252474579101796
23660,0.7066060144442808,0.09275924199660718,0.2006347435591119
23661,0.6793899726419372,0.01242691356744704,0.3081831137906155
23662,0.9567306857203636,0.011492400116049769,0.03177691416358718
23663,0.5721592630655946,0.14040073366077596,0.2874400032736298
23664,0.9813295691676143,0.001972724601011925,0.016697706231373847
23665,0.845164113285298,0.01760269001081224,0.13723319670389025
23666,0.9418900453963129,0.013292958637787618,0.04481699596589943
23667,0.8979726676961675,0.013749343948603627,0.0882779883552286
23668,0.39472805409458644,0.03498067623618785,0.5702912696692256
23669,0.9774079797293111,0.006966540049976594,0.01562548022071266
23670,0.9203050255239165,0.004320527879218734,0.07537444659686529
23671,0.5458119952078317,0.014867943672228883,0.4393200611199394
23672,0.14570535579056376,0.02526333361448493,0.8290313105949514
23673,0.9277629547259371,0.009841199866790136,0.06239584540727288
23674,0.13926002470387788,0.02965094016078337,0.8310890351353388
23675,0.45230651633649416,0.05429844110437943,0.4933950425591267
23676,0.9294890278243643,0.019113125101694012,0.05139784707394142
23677,0.7750047697395418,0.01094696589377564,0.21404826436668287
23678,0.7301930751058318,0.024465659628032543,0.24534126526613548
23679,0.9632491617830226,0.013843649841410757,0.022907188375566562
23680,0.896551190155785,0.0471947793141461,0.05625403053006992
23681,0.9445086274316797,0.005479744440901147,0.05001162812741978
23682,0.8905313694891307,0.04340718206021947,0.06606144845064937
23683,0.11610342238970292,0.00365807652785477,0.8802385010824422
23684,0.027911058938386274,0.01014915458937198,0.9619397864722419
23685,0.8547465751238486,0.023265115207694496,0.12198830966845754
23686,0.2730204976188968,0.05307617895010141,0.6739033234310015
23687,0.44362274006238883,0.039024330380494444,0.5173529295571171
23688,0.9238313392350291,0.012592540678953918,0.06357612008601715
23689,0.9378398239767095,0.007989655697745247,0.054170520325544945
23690,0.9249358903000168,0.004858654856593433,0.07020545484339068
23691,0.6969379217417414,0.1391148928870095,0.1639471853712497
23692,0.7539672891218921,0.023518017544838055,0.22251469333326948
23693,0.48563318072504263,0.011801383654934428,0.5025654356200229
23694,0.9446059113458056,0.010860745157077733,0.04453334349711626
23695,0.5876088266934892,0.04010107397768243,0.3722900993288283
23696,0.17186411874760288,0.03503045966171998,0.7931054215906773
23697,0.046792311565271,0.0034055230652714676,0.9498021653694574
23698,0.2893023336041934,0.07211011956474425,0.6385875468310621
23699,0.7908204064486252,0.0050162607613349515,0.2041633327900402
23700,0.31361711016475025,0.046160274912181894,0.6402226149230682
23701,0.4141443970060889,0.13452168416186513,0.4513339188320461
23702,0.12966259688420484,0.03991760083064431,0.8304198022851509
23703,0.8326788073483301,0.0353035726653914,0.13201761998627834
23704,0.9166646674798251,0.01857428348609846,0.06476104903407624
23705,0.17605984494123175,0.0003093019005847953,0.8236308531581835
23706,0.828190442735927,0.010120197538031015,0.16168935972604287
23707,0.08962700976663728,0.022394754477658377,0.8879782357557043
23708,0.598359990654342,0.01632200672290445,0.38531800262275373
23709,0.8743346483570411,0.006120870171612387,0.11954448147134648
23710,0.9526171553369426,0.007304140699853736,0.040078703963203594
23711,0.9393803801478,0.009316170838994973,0.05130344901320518
23712,0.8837735491542689,0.006887364034733806,0.10933908681099816
23713,0.9466315938463251,0.01064627354813414,0.04272213260553998
23714,0.792596369903377,0.01141478367932487,0.19598884641729822
23715,0.30456736210915947,0.012184931590709613,0.6832477063001309
23716,0.9338116115448679,0.015724972018113532,0.05046341643701808
23717,0.8826286362353994,0.022191721223393475,0.09517964254120738
23718,0.9727329393867568,0.0026466312051781796,0.024620429408064144
23719,0.8526087855110263,0.006104336859880554,0.14128687762909312
23720,0.8713028751945037,0.025057944949393004,0.1036391798561042
23721,0.6508506128061707,0.028226519844468143,0.32092286734936104
23722,0.9598255198736526,0.0032550750201972866,0.03691940510615078
23723,0.6568696846084994,0.02829544412380255,0.3148348712676983
23724,0.8951636210313184,0.0056370701005704705,0.09919930886811179
23725,0.2420355739501145,0.0967467708257121,0.6612176552241736
23726,0.9270030421531603,0.0074254595054057135,0.06557149834143385
23727,0.8637902558913243,0.060843476101188676,0.07536626800748682
23728,0.9339632795647514,0.008965216989314784,0.05707150344593407
23729,0.814687437693655,0.059224046382933354,0.12608851592341203
23730,0.9277916713490206,0.007042379290751789,0.06516594936022717
23731,0.39841486711500224,0.2779364965456497,0.3236486363393481
23732,0.9640249175463715,0.01546640361848897,0.02050867883513899
23733,0.9492410057377312,0.01697787137985393,0.03378112288241501
23734,0.1645221897438628,0.004006198114846631,0.8314716121412905
23735,0.4815322774541564,0.035891415299492205,0.48257630724635153
23736,0.9572303508338855,0.010341802378239888,0.03242784678787473
23737,0.04297111621468448,0.007354956912153194,0.9496739268731624
23738,0.9627920007223028,0.007597450959571093,0.029610548318127535
23739,0.9360946317227712,0.02091400265729413,0.0429913656199348
23740,0.9396435113088988,0.00876263754318596,0.051593851147915176
23741,0.937151126016447,0.007214035331366201,0.055634838652186006
23742,0.8993762126411333,0.01754349053403466,0.08308029682483223
23743,0.8964206211600306,0.003216716053452131,0.10036266278651677
23744,0.003663682248963166,0.0034139670360897986,0.992922350714947
23745,0.9288506989055406,0.026287134295550754,0.04486216679890869
23746,0.2965352070264097,0.02678513686436573,0.6766796561092243
23747,0.9520285868068074,0.007081834652706239,0.04088957854048636
23748,0.9353283657483996,0.013063049512104442,0.051608584739496234
23749,0.9486547742540108,0.007692698490572678,0.04365252725541664
23750,0.9173309036203906,0.0060151898779206405,0.07665390650168881
23751,0.7634100787932959,0.054786751939492895,0.18180316926721107
23752,0.44219251737064447,0.07078021167544972,0.4870272709539058
23753,0.6547517116822594,0.037077628547692566,0.30817065977004804
23754,0.3463120345059371,0.00896631745299975,0.6447216480410629
23755,0.9498570821946917,0.009658273528762206,0.04048464427654588
23756,0.2529295600740863,0.07998106378253532,0.6670893761433783
23757,0.23633800896525473,0.08767944045250266,0.6759825505822427
23758,0.9593600951216907,0.004835090580449582,0.03580481429785927
23759,0.34378940749001957,0.023224404074758113,0.6329861884352224
23760,0.3608839470555576,0.11746690802632807,0.5216491449181141
23761,0.2741677164643467,0.1051302681595657,0.6207020153760877
23762,0.8762177841256916,0.038146696843417004,0.08563551903089134
23763,0.39426516443230364,0.22015184927765172,0.3855829862900447
23764,0.8363124988462889,0.01306969815267487,0.1506178030010361
23765,0.9551874074042814,0.0012583717234720389,0.04355422087224777
23766,0.1602084796584481,0.004413132634160554,0.8353783877073909
23767,0.9202186995908072,0.015609652794654432,0.06417164761453872
23768,0.2688482977587765,0.025808486176133235,0.7053432160650904
23769,0.9711055092976608,0.003765842014094371,0.02512864868824547
23770,0.8327948380987295,0.012503215998671997,0.1547019459025987
23771,0.9833176248244975,0.0026183936682221977,0.014063981507281813
23772,0.9173887922961406,0.0017538685673340068,0.08085733913652549
23773,0.6896770008058167,0.135126077904431,0.1751969212897523
23774,0.09009840112329015,0.08202008032128515,0.8278815185554247
23775,0.25982953008759874,0.05328584105386095,0.6868846288585402
23776,0.585211680630632,0.008972721269366579,0.40581559810000134
23777,0.6315199670450111,0.011452331773317222,0.35702770118167154
23778,0.9608638194695647,0.012066519681176629,0.027069660849259092
23779,0.6238319215072657,0.1096730351975342,0.26649504329520074
23780,0.9637168239396853,0.007993877891920437,0.028289298168393973
23781,0.2432039915166735,0.04253489729351921,0.7142611111898071
23782,0.2473883640729006,0.16866088539857782,0.5839507505285216
23783,0.8723763533215564,0.020092666009358297,0.10753098066908554
23784,0.7508839661966956,0.039132345423866774,0.2099836883794373
23785,0.6502480035115152,0.02087474166258315,0.3288772548259016
23786,0.6009229411438558,0.011590294680942588,0.38748676417520256
23787,0.9346322493156297,0.006689433503330471,0.05867831718103967
23788,0.9627234472161177,0.002927422089707925,0.034349130694175466
23789,0.8404969970510381,0.05488644978446621,0.10461655316449603
23790,0.9160382040457488,0.012953368383352424,0.07100842757089869
23791,0.8034935748373726,0.01587101878830798,0.18063540637432018
23792,0.9690157807937101,0.008041784094493649,0.022942435111796593
23793,0.6627347242935022,0.024085237496600815,0.31318003820989715
23794,0.7574212399757938,0.007192761420404971,0.23538599860380122
23795,0.76765209200818,0.022758158291041355,0.20958974970077854
23796,0.8988099912809594,0.0039773553151,0.09721265340394096
23797,0.8061747654106407,0.0060975604968711876,0.18772767409248917
23798,0.3913635280011797,0.006489380920432993,0.6021470910783877
23799,0.7291357341081776,0.07199391285875946,0.19887035303306275
23800,0.09427048086937313,0.02970515669470588,0.876024362435921
23801,0.9201959965704475,0.007212371255682478,0.0725916321738703
23802,0.9848351979577123,0.002386136163542517,0.012778665878745805
23803,0.9611278856892244,0.010493748846690798,0.028378365464084367
23804,0.4027473775474694,0.03055067266490867,0.566701949787622
23805,0.9433108961670956,0.0069771627756587615,0.049711941057244885
23806,0.9195223691697525,0.009624711587494972,0.07085291924275278
23807,0.12471498599439775,0.06979341736694678,0.8054915966386554
23808,0.034335017813954614,0.020720854037074157,0.9449441281489712
23809,0.4847445293474448,0.04773772009492362,0.4675177505576318
23810,0.9713830463486403,0.009719531959490508,0.018897421691870073
23811,0.45830017707970333,0.0073786951458117,0.534321127774485
23812,0.6790676135587035,0.0841808209046557,0.23675156553664053
23813,0.1302855628982253,0.07659938928003528,0.7931150478217397
23814,0.25023107452466214,0.3987322692286348,0.351036656246703
23815,0.9629522441227317,0.008674431074376916,0.02837332480289221
23816,0.6933062384307009,0.040097325319718165,0.2665964362495803
23817,0.9181198003251132,0.02060544207466823,0.061274757600218506
23818,0.9390606387734213,0.011522843530767617,0.04941651769581137
23819,0.8629236922862347,0.0528228122989708,0.0842534954147954
23820,0.3989520753914036,0.008238845853752714,0.5928090787548436
23821,0.9288292474562009,0.010956019611242599,0.06021473293255706
23822,0.9164611603919938,0.0053407499483504465,0.07819808965965537
23823,0.9486172239402308,0.009025110575889249,0.042357665483879633
23824,0.8272327412610363,0.006355150978615423,0.16641210776034876
23825,0.9464325797527467,0.028994330563722106,0.024573089683532084
23826,0.9443742072442056,0.006275873456472288,0.04934991929932207
23827,0.8132091394144294,0.020819513452362118,0.16597134713320877
23828,0.8842533101152082,0.05989242964164092,0.05585426024315092
23829,0.9519343131143629,0.009465544041388255,0.038600142844248744
23830,0.9785988398330392,0.003277744853052416,0.01812341531390825
23831,0.08406853355070751,0.018348017621145372,0.8975834488281471
23832,0.9104574712866654,0.003423572128537967,0.08611895658479657
23833,0.9284044860614415,0.03293318873783575,0.03866232520072314
23834,0.8535901860368028,0.02454131936378392,0.12186849459941328
23835,0.4366362909476259,0.00969150835855172,0.5536722006938222
23836,0.9585730720801962,0.014976312527504027,0.026450615392299894
23837,0.8993296317194127,0.03706990112442835,0.06360046715615914
23838,0.9501800250048937,0.006620386181749157,0.0431995888133563
23839,0.08364285714285714,0.02940079365079365,0.8869563492063491
23840,0.9648539937313505,0.0021506793416948035,0.032995326926954664
23841,0.6996864664926526,0.030015647030760918,0.2702978864765865
23842,0.6382778202433418,0.008466901650336584,0.35325527810632207
23843,0.8392464312208554,0.017877479101366178,0.14287608967777904
23844,0.034172460423686365,0.03213652655256973,0.9336910130237436
23845,0.9364176561582827,0.00554309248063656,0.058039251361081685
23846,0.8528694848498682,0.06721802545329343,0.07991248969683848
23847,0.06720883784469753,0.026646145018388887,0.9061450171369139
23848,0.95098134055215,0.005328490637789197,0.0436901688100608
23849,0.8134006713786349,0.06841223693467302,0.11818709168669216
23850,0.9528267276117606,0.006497178156880491,0.040676094231359095
23851,0.11370638094192818,0.06950929296776748,0.8167843260903043
23852,0.8081465234095252,0.01983555996611477,0.17201791662436008
23853,0.5049332260175233,0.12504837255919174,0.370018401423285
23854,0.5705847449286129,0.011497826635046938,0.4179174284363413
23855,0.04211325833182579,0.005785864758890878,0.9521008769092835
23856,0.5759366715131177,0.05932110528527551,0.364742223201607
23857,0.5734314336833617,0.03828331563698847,0.38828525067964964
23858,0.959861032672614,0.010610980983838522,0.029527986343547735
23859,0.9611076472756946,0.007862111384783411,0.03103024133952129
23860,0.9200700076303231,0.005575377957925118,0.0743546144117522
23861,0.9679929375697206,0.0031777726847198717,0.028829289745559716
23862,0.7751563119327435,0.03570242761527168,0.189141260451985
23863,0.296788582740247,0.013333333333333334,0.6898780839264194
23864,0.36029446844825685,0.21768949672397647,0.4220160348277665
23865,0.3185146037853739,0.008652823425330905,0.6728325727892954
23866,0.6334265565850423,0.04466593525245527,0.3219075081625025
23867,0.965852456149362,0.008145695294974215,0.026001848555663495
23868,0.10109716172628169,0.010632045084206829,0.8882707931895116
23869,0.9248320742008272,0.007701266871183567,0.06746665892798896
23870,0.9504454354932615,0.006766079082838214,0.04278848542390027
23871,0.22148723896972436,0.11422761392525523,0.6642851471050203
23872,0.9159405939243285,0.010328715307616141,0.07373069076805629
23873,0.9553693696180966,0.010862548599535034,0.03376808178236898
23874,0.25782624897502904,0.011643032357948873,0.7305307186670222
23875,0.9450685598030963,0.004774230088031139,0.050157210108873085
23876,0.9712765006954047,0.013503522246457607,0.015219977058138125
23877,0.9368989229269806,0.00853126830502979,0.05456980876798982
23878,0.9161031033627103,0.023152541963007364,0.06074435467428291
23879,0.7598335200736344,0.11569621959192154,0.12447026033444393
23880,0.010202029146253623,0.006797490746716313,0.9830004801070299
23881,0.9655221531608789,0.0053400477729500795,0.029137799066172067
23882,0.7945105138654036,0.025546775219050466,0.17994271091554578
23883,0.938195421375363,0.016074761368369498,0.04572981725626823
23884,0.27292613786209413,0.00548494421112884,0.7215889179267765
23885,0.7548131265548235,0.005335829842980602,0.23985104360219553
23886,0.9724475605892468,0.010110234203934606,0.017442205206819123
23887,0.9325806566087177,0.010966845311871328,0.05645249807941051
23888,0.7417816782880533,0.0020011244303178967,0.25621719728162884
23889,0.9759514530207288,0.004711340053009335,0.019337206926261244
23890,0.9026014253714504,0.009038269546143644,0.08836030508240675
23891,0.9249456382215976,0.012254160836444311,0.06280020094195836
23892,0.8704291665255113,0.013927000147340586,0.11564383332714913
23893,0.215917213881673,0.02728901671251188,0.7567937694058152
23894,0.006946668025860904,0.0017220928226363008,0.9913312391515028
23895,0.31470281287668395,0.005001442556741118,0.680295744566575
23896,0.013323769816056501,0.00035469467896326264,0.9863215355049804
23897,0.9442498040075363,0.012625804286751717,0.04312439170571193
23898,0.04727035672223528,0.022155386545096613,0.9305742567326679
23899,0.9566448859437677,0.006395261762336002,0.0369598522938957
23900,0.21046854962564165,0.02067374214130211,0.7688577082330559
23901,0.6572900025172828,0.05750192937792555,0.28520806810479127
23902,0.9740134379782502,0.007770414884631118,0.018216147137119134
23903,0.8048015663542805,0.006136251373669582,0.1890621822720499
23904,0.6672218020985745,0.008648268679395768,0.3241299292220297
23905,0.8725936604146508,0.004090606989790824,0.12331573259555886
23906,0.33468982775783246,0.12554351371781672,0.5397666585243507
23907,0.9290285334717598,0.008060593016392986,0.062910873511848
23908,0.876467621892744,0.011730722735162215,0.11180165537209452
23909,0.9821513772745537,0.001574338859401391,0.016274283866046114
23910,0.5888093825024021,0.010924077695206405,0.4002665398023913
23911,0.6869794512337662,0.052764302843699866,0.26025624592253455
23912,0.8813809488834704,0.019700541307480012,0.09891850980904933
23913,0.8582591998528453,0.005616997993855951,0.13612380215329864
23914,0.9819713352280772,0.0026435748129886487,0.015385089958934058
23915,0.9004998224213681,0.007603841935452707,0.09189633564317902
23916,0.839456017542943,0.004508348025408473,0.15603563443164836
23917,0.9397857367515587,0.023728985645915954,0.03648527760252583
23918,0.9341848936923193,0.027978478837957753,0.03783662746972192
23919,0.5831593873261344,0.011914740824142693,0.4049258718497227
23920,0.9476119431906699,0.006942660221886949,0.045445396587443405
23921,0.7712639699544802,0.01769326330452078,0.21104276674099928
23922,0.44242202547433784,0.042329674720384056,0.515248299805278
23923,0.9381819511547679,0.020165351387283485,0.04165269745794834
23924,0.2063304354427275,0.12180903973549102,0.6718605248217818
23925,0.8043234333480848,0.014797311164612357,0.18087925548730188
23926,0.7238408185932563,0.015947808758220237,0.2602113726485234
23927,0.9574098953836668,0.005574065560772115,0.037016039055560994
23928,0.04835879548511035,0.06137379548779119,0.8902674090270986
23929,0.09309859730785404,0.037247690381117755,0.8696537123110284
23930,0.9476710176969023,0.006189158397137167,0.04613982390596092
23931,0.6956850838939034,0.018314585504528136,0.286000330601568
23932,0.6581070214346164,0.019842416255303544,0.3220505623100799
23933,0.49828235793655057,0.0026599403975261417,0.4990577016659232
23934,0.6689826810100684,0.007905184874707366,0.32311213411522466
23935,0.8146019474223113,0.01650139431961479,0.16889665825807465
23936,0.8980184866964879,0.023155479433215984,0.07882603387029563
23937,0.5687031462070302,0.010012745289552776,0.42128410850341624
23938,0.9405184514437671,0.006218585556456629,0.05326296299977608
23939,0.24935051330119198,0.06831768321774903,0.682331803481059
23940,0.8668079689937526,0.021118312906836,0.11207371809941122
23941,0.8696226957666883,0.013079736911707001,0.11729756732160496
23942,0.9303385040333025,0.012338171405661206,0.057323324561035435
23943,0.8607579222530336,0.011381116280834274,0.12786096146613268
23944,0.9616921143439252,0.011296229952314326,0.02701165570376067
23945,0.4821843867143079,0.04367926172715961,0.47413635155853256
23946,0.22242091147111764,0.20138540517961573,0.5761936833492666
23947,0.9643717574926979,0.005774572353459911,0.029853670153843107
23948,0.33901364441374676,0.14341362679241812,0.517572728793835
23949,0.9400097430179295,0.00711550772220589,0.05287474925986428
23950,0.9253590022519542,0.003036329489438493,0.07160466825860717
23951,0.4153569680063802,0.011022344580126419,0.5736206874134934
23952,0.9419007077986569,0.015604853026351473,0.042494439174992064
23953,0.08071184687350992,0.07542045114022261,0.8438677019862674
23954,0.9215355044565939,0.0297223821761396,0.04874211336726746
23955,0.7918428595051089,0.029790476542150064,0.17836666395274092
23956,0.8859448099516883,0.017312047755210527,0.09674314229310119
23957,0.04595934767775281,0.015584570839308132,0.9384560814829391
23958,0.9832865680089272,0.005056204644012573,0.011657227347061106
23959,0.961081205825866,0.0022199868394618175,0.03669880733467283
23960,0.45136652993791443,0.012396955276864609,0.5362365147852213
23961,0.17834298675333024,0.0013171138312192054,0.820339899415451
23962,0.05176027910496246,0.00036159153995406657,0.9478781293550842
23963,0.8432614612846862,0.027986086693186033,0.1287524520221275
23964,0.221956740220444,0.016153293990617656,0.7618899657889383
23965,0.5475544589010529,0.013222651735203093,0.43922288936374343
23966,0.034672170203600305,0.02004731881594613,0.9452805109804537
23967,0.6986034331863914,0.012029590191462835,0.2893669766221459
23968,0.868643463318401,0.013409298021520313,0.117947238660079
23969,0.057441308195002205,0.001863327474112932,0.9406953643308849
23970,0.9800722133154627,0.0035341301314853646,0.01639365655305218
23971,0.031177522051464658,0.00833431452212224,0.9604881634264134
23972,0.8319973643944271,0.013962634661732878,0.1540400009438405
23973,0.1553866112226898,0.03419621568516976,0.8104171730921408
23974,0.3894356486374933,0.04395965284147623,0.5666046985210305
23975,0.49008705083428566,0.090340670435228,0.41957227873048636
23976,0.4115719825484236,0.01903646369576083,0.5693915537558157
23977,0.9521094223166365,0.006878500798130596,0.04101207688523246
23978,0.9705221109619236,0.009939329943339587,0.019538559094736833
23979,0.9006759867536344,0.018277245933483267,0.0810467673128824
23980,0.10093512007211818,0.023681694581776835,0.8753831853461052
23981,0.9537790338472169,0.01787925522374068,0.028341710929042706
23982,0.6689164155276451,0.006713498700163964,0.32437008577218995
23983,0.04010744440612489,0.0007024212791528565,0.9591901343147221
23984,0.9008131831440098,0.02318358954842279,0.07600322730756745
23985,0.08414543934408264,0.11252161628540304,0.8033329443705143
23986,0.17345726288769023,0.08619103433643677,0.740351702775873
23987,0.9702121368049107,0.005624635763494367,0.024163227431595644
23988,0.9454372914964013,0.002853940949768313,0.05170876755382991
23989,0.9714351688331264,0.003098221869171436,0.025466609297702395
23990,0.8811022224626404,0.03461263274141291,0.08428514479594697
23991,0.05391322692617716,0.0011640112052742904,0.9449227618685487
23992,0.9593171565008731,0.008608752128449106,0.032074091370677696
23993,0.8410382149683159,0.04224821053606615,0.11671357449561799
23994,0.9580814371296763,0.008322881947367017,0.03359568092295695
23995,0.9554150046985946,0.008653016923771743,0.03593197837763357
23996,0.903361174520277,0.015488182908005674,0.08115064257171763
23997,0.9125743991465718,0.023359820758779966,0.06406578009464861
23998,0.9182451568449487,0.013147840626679784,0.0686070025283717
23999,0.3978024519488698,0.01310276848673941,0.5890947795643907
24000,0.11102206176495485,0.0030265899611068353,0.8859513482739385
24001,0.9263864152365806,0.010630167917498894,0.06298341684592068
24002,0.26275255325243985,0.0010594158179723302,0.736188030929588
24003,0.708908530817594,0.002054126878328531,0.2890373423040773
24004,0.19983080163805617,0.0023889641229011787,0.7977802342390427
24005,0.028467616586506567,0.003465548670368865,0.9680668347431248
24006,0.8887304071770747,0.0068624036306301275,0.10440718919229547
24007,0.7506766726979395,0.035136043758154954,0.2141872835439057
24008,0.7950212407376162,0.028476067964096626,0.17650269129828788
24009,0.8419178863011295,0.06973207962148097,0.08835003407738942
24010,0.9690588084846155,0.009698360421749153,0.021242831093635436
24011,0.9534680991242998,0.005590475207421606,0.04094142566827862
24012,0.9486698710146853,0.008063722362754147,0.04326640662256064
24013,0.9181229946419971,0.008094945808429928,0.07378205954957297
24014,0.941567808925873,0.009017907081846386,0.04941428399228
24015,0.9704686345071366,0.004080271985997824,0.02545109350686576
24016,0.1488983834903527,0.010875693964343276,0.8402259225453043
24017,0.9747971220828843,0.006500012456471193,0.018702865460644823
24018,0.9413811849681449,0.01760906007856135,0.041009754953293495
24019,0.9857292832342072,0.001535427635203089,0.01273528913059025
24020,0.6298999268026999,0.008293663516763753,0.36180640968053646
24021,0.9622040284329304,0.0030324459410810034,0.03476352562598955
24022,0.960687713767857,0.0038136254281048395,0.035498660804038046
24023,0.7217571849212118,0.008106361897088733,0.27013645318169915
24024,0.358550922878636,0.02567093931805351,0.6157781378033108
24025,0.5954945253403885,0.10256864555129534,0.3019368291083163
24026,0.9271357054229329,0.007230099751750129,0.06563419482531624
24027,0.32623256346550433,0.0018361627812873071,0.6719312737532083
24028,0.9741187465694888,0.0021944659795258155,0.023686787450985895
24029,0.6014961275304933,0.01468427702150534,0.38381959544800137
24030,0.8703502637760685,0.003055016445656335,0.12659471977827516
24031,0.9573513330712066,0.005192166275880889,0.037456500652911943
24032,0.6731484073430135,0.03847909122066054,0.28837250143632576
24033,0.44854290314206346,0.0017283573426366999,0.5497287395152999
24034,0.9446598870292288,0.004195059713556757,0.05114505325721503
24035,0.214786540099042,0.009310988632851751,0.7759024712681062
24036,0.09911057692307693,0.03840277777777778,0.8624866452991455
24037,0.8715113346074594,0.015719459673823422,0.11276920571871832
24038,0.11915393051148163,0.019234054569546577,0.8616120149189719
24039,0.9136069448694206,0.017350872436389688,0.06904218269419045
24040,0.8939436415794669,0.010656321178522003,0.0954000372420111
24041,0.7885838431029489,0.04430365545284683,0.16711250144420434
24042,0.2797335441119082,0.052553000121978076,0.6677134557661136
24043,0.917909674165298,0.019582102398247633,0.06250822343645449
24044,0.9229550290730654,0.01585455673318754,0.06119041419374762
24045,0.04455354623210058,0.005840252369107878,0.9496062013987914
24046,0.0036193119756125418,0.0034649391736271268,0.9929157488507605
24047,0.7438228828383904,0.042127626083255126,0.21404949107835422
24048,0.368170119680154,0.1437710382905213,0.48805884202932454
24049,0.9348676786026586,0.007384460569400824,0.05774786082794073
24050,0.02355528762601136,0.000937649366428123,0.9755070630075607
24051,0.5798167701992633,0.012552433177883219,0.40763079662285356
24052,0.9634285677475815,0.017045462974909224,0.019525969277510376
24053,0.8125510123983529,0.033226050582555795,0.1542229370190913
24054,0.9557520258310145,0.005670686437562363,0.03857728773142273
24055,0.7252896225445968,0.0034530584376288843,0.271257319017774
24056,0.9442063289904374,0.003660003130795101,0.052133667878767734
24057,0.6375193396654992,0.007488454191215069,0.35499220614328547
24058,0.6320970239666254,0.18604135628854068,0.18186161974483409
24059,0.9620757342353327,0.01277060323999061,0.025153662524676563
24060,0.01516347046902164,0.0017741770116842589,0.9830623525192941
24061,0.09668263660135851,0.01076247628827552,0.8925548871103659
24062,0.8390863231210953,0.02830323689986911,0.13261043997903546
24063,0.68204686890147,0.15654761707460152,0.16140551402392858
24064,0.9718966841895129,0.0029845140768470033,0.025118801733639715
24065,0.9815146688463234,0.0023000515290310056,0.016185279624646394
24066,0.9504608220161155,0.007191973648836641,0.04234720433504819
24067,0.9634395521045963,0.009502113381223667,0.027058334514180545
24068,0.1471738210242764,0.002181640713615268,0.8506445382621085
24069,0.020038150526492843,0.012080243837926562,0.9678816056355807
24070,0.9429241176217507,0.010391174733512722,0.046684707644736784
24071,0.1488072774200962,0.056190112582644385,0.7950026099972595
24072,0.02698186787273817,0.0003162592554162688,0.9727018728718461
24073,0.5800967188607311,0.019206829243288072,0.40069645189598097
24074,0.9111531563146534,0.015124089968535145,0.07372275371681233
24075,0.921593673627386,0.024268541784042676,0.05413778458857087
24076,0.7840137451037528,0.0030581143400661846,0.212928140556181
24077,0.6481604172763719,0.0038252312985762706,0.34801435142505144
24078,0.7061211217855663,0.013487581762203715,0.28039129645222977
24079,0.9156373371935145,0.014512841766310233,0.06984982104017533
24080,0.5191562753716823,0.10575245493316408,0.3750912696951536
24081,0.9356385744625219,0.012310172108052523,0.052051253429425653
24082,0.939486514787086,0.009447669729349049,0.0510658154835651
24083,0.9838239905252653,0.004867575665059967,0.011308433809675309
24084,0.8383884142908522,0.010831554320681945,0.15078003138846566
24085,0.9403762389370962,0.0017194979371764308,0.057904263125727516
24086,0.9500298017987103,0.00637499132471551,0.043595206876574186
24087,0.8712104565076632,0.037532517776522056,0.09125702571581518
24088,0.9190672366261904,0.008389906832137795,0.07254285654167224
24089,0.9199463498415619,0.006755852507371391,0.07329779765106692
24090,0.9624407848466667,0.0023766720037855346,0.03518254314954728
24091,0.9392547498135997,0.0023741376932508297,0.0583711124931499
24092,0.7340760686009847,0.0033601400130071394,0.26256379138600855
24093,0.1499227997084818,0.04453513905252149,0.8055420612389966
24094,0.9381705835295914,0.0055846996166407994,0.05624471685376833
24095,0.5980822211664518,0.02849537026198704,0.3734224085715609
24096,0.9569020436177486,0.007233363195490258,0.0358645931867616
24097,0.8713216037526043,0.09154050287483169,0.037137893372564255
24098,0.945658959160652,0.00991824599020928,0.04442279484913905
24099,0.04277053592756963,0.008103039702112581,0.9491264243703178
24100,0.9426111725286802,0.00798088876981388,0.049407938701505984
24101,0.07093581432593263,0.02190362112132681,0.9071605645527401
24102,0.945543793582763,0.004892935446769182,0.049563270970468545
24103,0.818638666887404,0.013572129950749877,0.16778920316184673
24104,0.7412620482642504,0.07597681779897401,0.18276113393677562
24105,0.9438676878372174,0.00707532050991573,0.049056991652866755
24106,0.9564921714743027,0.016026459742293945,0.027481368783403622
24107,0.7758998987728343,0.020362002381567983,0.2037380988455978
24108,0.9854572222128742,0.0023116081469844642,0.012231169640141655
24109,0.013137308233358761,0.00897943899178388,0.9778832527748575
24110,0.9541501987934737,0.014712544502804749,0.0311372567037223
24111,0.8734186964826285,0.053757762340237936,0.07282354117713406
24112,0.970837353246445,0.01487126414416751,0.014291382609388623
24113,0.8121213923582151,0.06259774931029907,0.1252808583314853
24114,0.5622361781960682,0.03324464271841692,0.4045191790855154
24115,0.9523726220095409,0.012179517141443526,0.03544786084901574
24116,0.6978343365958656,0.08487044105111878,0.21729522235301596
24117,0.9309756008587236,0.006655539761108083,0.06236885938016859
24118,0.9336268953024539,0.011920415041323159,0.054452689656223366
24119,0.9398587912290219,0.007271598140470472,0.05286961063050704
24120,0.031663178284947094,0.0006222123052480689,0.9677146094098052
24121,0.01394958057674384,0.00017322298740780954,0.9858771964358484
24122,0.8829941077737392,0.007649146747871743,0.10935674547838921
24123,0.8123347852887884,0.05465542096552911,0.13300979374568253
24124,0.17683926580546885,0.094486680695532,0.7286740534989992
24125,0.9174402636083661,0.018827606181273073,0.06373213021036082
24126,0.9645405815885177,0.007079883351152402,0.028379535060329742
24127,0.9692196569697169,0.004942260455670168,0.02583808257461371
24128,0.9315958601988382,0.005355271338376213,0.0630488684627858
24129,0.8978780093254486,0.039942810101015844,0.062179180573535726
24130,0.6775131946393285,0.025479406232185264,0.2970073991284862
24131,0.07717492185120728,0.003427841634738186,0.9193972365140546
24132,0.8251116076758539,0.005545555528346471,0.16934283679580012
24133,0.11568668325022156,0.04518426688741077,0.8391290498623677
24134,0.9810720531839116,0.0024749316044554003,0.016453015211633285
24135,0.946493997407667,0.008664864396267267,0.04484113819606565
24136,0.6427871811060785,0.009228358469881454,0.3479844604240406
24137,0.9861702930534998,0.004056319790015808,0.00977338715648482
24138,0.4687680131326196,0.19890019649704105,0.3323317903703395
24139,0.2783221321320667,0.01486935414801049,0.7068085137199225
24140,0.5872901707266112,0.06634072735044051,0.34636910192294795
24141,0.21912238595410935,0.038061241744383474,0.7428163723015075
24142,0.1324180673601628,0.007490615082514694,0.8600913175573226
24143,0.4896286590904907,0.057882263835902406,0.452489077073607
24144,0.7182173893380335,0.07911644147661509,0.20266616918535157
24145,0.9493717492828627,0.024147628443340428,0.026480622273798195
24146,0.7449467966301341,0.07673995012186426,0.17831325324800132
24147,0.9634623393749547,0.006608623451311413,0.029929037173733762
24148,0.9557752462141025,0.015031810480929724,0.029192943304967932
24149,0.7944634718297925,0.02911174858894128,0.17642477958126587
24150,0.09298880118219105,0.031092746621567836,0.8759184521962405
24151,0.9341896344688316,0.009996130093895833,0.055814235437272874
24152,0.8340438475997629,0.021287600179834526,0.14466855222040212
24153,0.9791443069549255,0.0039036444020694285,0.01695204864300565
24154,0.9573885472892772,0.006668922871111051,0.03594252983961238
24155,0.9508406354838688,0.003891586841817637,0.04526777767431423
24156,0.027221728043923008,0.007310821490772443,0.9654674504653046
24157,0.6401771657495586,0.02273716450549319,0.33708566974494797
24158,0.1596431526382507,0.05698337627865491,0.7833734710830944
24159,0.7469925297176642,0.003884666264412426,0.24912280401792378
24160,0.9416240021158259,0.010679970579744886,0.047696027304429046
24161,0.8664937357277241,0.022682680099505387,0.11082358417277123
24162,0.9163248976494662,0.014325062625972808,0.06935003972456108
24163,0.38889667477659523,0.015146297895882593,0.5959570273275221
24164,0.781339844315838,0.008606012444783644,0.2100541432393781
24165,0.3077839009212747,0.10975795007954017,0.582458148999185
24166,0.9749908381410047,0.0035252385638771134,0.02148392329511791
24167,0.9717318600069482,0.0024832875672198243,0.025784852425832627
24168,0.0736151469702983,0.08461540009229869,0.8417694529374031
24169,0.9378993999472569,0.005723505697043442,0.05637709435569962
24170,0.7806240374222116,0.09910883583243561,0.12026712674535218
24171,0.06006132478632478,0.045366374269005846,0.8945723009446694
24172,0.9700705723867908,0.004588447739324968,0.025340979873885068
24173,0.9586833822267905,0.007178017479783317,0.03413860029342606
24174,0.9574808618489269,0.007284139866230787,0.0352349982848425
24175,0.4229608551605633,0.01481411903823787,0.5622250258011993
24176,0.599111893153922,0.05379419109357122,0.3470939157525063
24177,0.9123947094726591,0.008099260595626923,0.07950602993171432
24178,0.7571247793992031,0.03147392935865892,0.21140129124213827
24179,0.7583120148147845,0.006817496573564121,0.23487048861165125
24180,0.48372719797049596,0.008284263332328078,0.5079885386971761
24181,0.9254698038459482,0.01741510083248128,0.057115095321570844
24182,0.3431933461946755,0.005640195118844436,0.6511664586864799
24183,0.6580403715317875,0.000600815408068003,0.3413588130601444
24184,0.0839166593603963,0.027755125637039715,0.8883282150025642
24185,0.9643697965126083,0.004074339139320504,0.03155586434807122
24186,0.8956793453761048,0.004673426851785634,0.09964722777211052
24187,0.19343266057506764,0.13137430554566118,0.6751930338792711
24188,0.9755764751168854,0.0027190073120147372,0.02170451757110105
24189,0.9333025165499784,0.009609836060810778,0.05708764738921089
24190,0.9656925489763353,0.0039042240710019434,0.030403226952663332
24191,0.975657446573189,0.006029167501697814,0.01831338592511343
24192,0.9023497566353295,0.022250048244634536,0.0754001951200359
24193,0.1570111434867481,0.009053256322633162,0.8339356001906186
24194,0.8464073299296107,0.01840842036435225,0.13518424970603682
24195,0.957598829277341,0.00827768169749509,0.034123489025164065
24196,0.9564359983904727,0.006895600530670532,0.036668401078857445
24197,0.9198764916356987,0.009555901939340512,0.07056760642496067
24198,0.13638746675429256,0.0054168264886006205,0.858195706757107
24199,0.9704306037450787,0.01154720208092555,0.018022194173996437
24200,0.9269865331055877,0.013872945835997977,0.05914052105841467
24201,0.031881486738644306,0.0017195974282087727,0.9663989158331467
24202,0.9281898175301535,0.023568972286544147,0.048241210183302664
24203,0.13838895477925445,0.023565804092734947,0.8380452411280104
24204,0.45607467272083607,0.04460169400832528,0.4993236332708386
24205,0.8625453322111486,0.01280895991530677,0.12464570787354504
24206,0.7838820621535599,0.008472379545900953,0.20764555830053885
24207,0.052821823097969456,0.0019082028063305597,0.9452699740956999
24208,0.325931455642267,0.031013877409194167,0.6430546669485394
24209,0.02420372294510182,0.0055979862926535465,0.9701982907622444
24210,0.9634984471297726,0.005576390994339579,0.030925161875887505
24211,0.9771105385329071,0.002694121492020712,0.02019533997507369
24212,0.3659352290920237,0.06693590621697675,0.5671288646909999
24213,0.9315624768823981,0.02050373769103763,0.04793378542656484
24214,0.6577442028925361,0.1445342364289585,0.19772156067850583
24215,0.9691268803981252,0.00772070087815884,0.02315241872371607
24216,0.9062668192415193,0.0071022992864692176,0.086630881472011
24217,0.00677536231884058,0.00028079710144927536,0.99294384057971
24218,0.1087922645865004,0.09184338913148957,0.79936434628201
24219,0.8254772966206957,0.023791955045088745,0.15073074833421532
24220,0.19010670598100526,0.02418497206783971,0.7857083219511551
24221,0.39768446611246544,0.006481292970159373,0.5958342409173751
24222,0.3775308929792079,0.07475354090460523,0.5477155661161869
24223,0.7639937260571815,0.011578943575496683,0.22442733036732235
24224,0.9518083161989497,0.010053206706527325,0.038138477094523456
24225,0.9623263105309445,0.0049682088028983355,0.03270548066615686
24226,0.856350210607657,0.01905233840880672,0.1245974509835367
24227,0.9383247152958315,0.008916097456865214,0.05275918724730298
24228,0.9465194174338926,0.009981340110926844,0.04349924245518033
24229,0.5961539463254197,0.02072594619672438,0.38312010747785563
24230,0.8849410054995679,0.012080598525531706,0.10297839597489981
24231,0.9586576525479931,0.00509555707226437,0.0362467903797436
24232,0.6957305361069637,0.04417356510842775,0.26009589878460876
24233,0.7247038732206319,0.04240367613718515,0.2328924506421833
24234,0.8663975316992296,0.00839780075933822,0.12520466754143209
24235,0.021918777107378596,0.00248025434668362,0.9756009685459378
24236,0.19039439904789085,0.25263171373951077,0.5569738872125984
24237,0.652174528788074,0.12175089759005749,0.22607457362186825
24238,0.9459064780738142,0.007441115357754275,0.046652406568432045
24239,0.9820542817241905,0.007751245739141885,0.010194472536668471
24240,0.9020183796392621,0.024762501646668673,0.07321911871406978
24241,0.6675696161915623,0.07439720077645129,0.2580331830319864
24242,0.8386378272829746,0.005945451162417836,0.1554167215546072
24243,0.9177129895647149,0.009219697176221574,0.07306731325906342
24244,0.13847539384695967,0.0029888777184153494,0.8585357284346253
24245,0.23041863804448592,0.014002728646209607,0.7555786333093053
24246,0.3996307455065636,0.00731340923366911,0.5930558452597677
24247,0.9457430283029931,0.007594213466415868,0.046662758230590844
24248,0.28046652367776576,0.06012632481696403,0.6594071515052705
24249,0.3904438514538901,0.021267882373749835,0.5882882661723599
24250,0.152705517707315,0.012887763818114371,0.8344067184745706
24251,0.9653053976923677,0.014307746661154225,0.020386855646478404
24252,0.8605308377747762,0.00592658364513872,0.13354257858008553
24253,0.8531872434629661,0.018176517861711494,0.12863623867532295
24254,0.5216094494244957,0.012547360695149713,0.4658431898803552
24255,0.23043852956052277,0.0047515578787675535,0.76480991256071
24256,0.9673749813429544,0.00905253786529995,0.0235724807917454
24257,0.9115128948087409,0.022845058687957612,0.06564204650330178
24258,0.3081166805498983,0.21729877203406617,0.4745845474160355
24259,0.926904929561792,0.00684449206173485,0.06625057837647268
24260,0.48853624933299283,0.0041344281007292625,0.5073293225662779
24261,0.8965226775089078,0.005492946454923499,0.09798437603616945
24262,0.948406992307456,0.01676391864859176,0.03482908904395278
24263,0.9762330624832297,0.00217919105882288,0.02158774645794806
24264,0.2606256917409562,0.09077661393607814,0.6485976943229655
24265,0.9618589890943703,0.0031590250185147078,0.034981985887115256
24266,0.3599515817947279,0.142778276603845,0.49727014160142696
24267,0.9569367296017707,0.010574477964959224,0.03248879243327078
24268,0.9565379081344243,0.002794782006528702,0.04066730985904784
24269,0.19589283658103043,0.008471023615773952,0.7956361398031959
24270,0.9597157239864178,0.010698663131559483,0.029585612882023302
24271,0.8809136893392425,0.01591815654478526,0.10316815411597186
24272,0.21084175722593607,0.049637539597032244,0.7395207031770316
24273,0.05700098709960185,0.001719113024463578,0.9412798998759346
24274,0.9555226198606327,0.013732368116315244,0.030745012023052402
24275,0.786249993560346,0.0076155242830911974,0.206134482156563
24276,0.9663909489383078,0.0021587846533149936,0.031450266408377094
24277,0.0066552201777650795,0.015706362019862558,0.9776384178023727
24278,0.9471365182997576,0.02123381109984387,0.031629670600398674
24279,0.942388885977976,0.008189929246977246,0.049421184775046374
24280,0.6866728791170356,0.004589484985938067,0.3087376358970264
24281,0.026414601820898644,0.00039985748831635924,0.973185540690785
24282,0.9410542106910657,0.007506692854841393,0.051439096454093045
24283,0.9827210822416805,0.004280023103244588,0.012998894655075447
24284,0.6873817370149555,0.03742753129065394,0.2751907316943909
24285,0.9500053083616545,0.0033812714566595057,0.04661342018168684
24286,0.913479211937203,0.003234986207396606,0.0832858018554007
24287,0.9162361248606616,0.024507853554026297,0.05925602158531202
24288,0.746849022517516,0.0294210387301084,0.22372993875237507
24289,0.7421243711931208,0.03537597982184842,0.2224996489850304
24290,0.1598868538516876,0.3782155885122636,0.4618975576360487
24291,0.5084024430717765,0.0530383347568154,0.4385592221714078
24292,0.017936168507522585,0.010795195152790647,0.9712686363396867
24293,0.9352123930156447,0.00849302059256779,0.05629458639178734
24294,0.03145035486296363,0.0007318740532651311,0.9678177710837713
24295,0.9647496331722242,0.005201472739797776,0.030048894087977753
24296,0.9833716513124835,0.002239803029253653,0.014388545658262709
24297,0.9464316499495118,0.013730527925058246,0.039837822125430036
24298,0.42990989407563246,0.0076147747584174455,0.5624753311659506
24299,0.9844405205155492,0.0033704054661399577,0.012189074018311208
24300,0.02519618286378537,0.00047882704692917016,0.9743249900892857
24301,0.5235804142663867,0.0277400189309846,0.4486795668026287
24302,0.7838921918012128,0.06792251266680523,0.14818529553198226
24303,0.6906436312145672,0.05695375839644045,0.25240261038899214
24304,0.20317680233257504,0.1129295886763839,0.6838936089910411
24305,0.8489365262383305,0.018535522149716505,0.13252795161195377
24306,0.659136182560562,0.01912697293859574,0.3217368445008425
24307,0.7785497421705528,0.04214069421802057,0.1793095636114271
24308,0.9122561915229112,0.010555725507730075,0.0771880829693586
24309,0.23121461331869686,0.0116434511250633,0.7571419355562395
24310,0.6167279763043926,0.014585212438119027,0.36868681125748914
24311,0.7910349474155961,0.009511142657879092,0.1994539099265256
24312,0.7587328009575978,0.0814695337727964,0.1597976652696057
24313,0.9483391146009101,0.0035417525906266288,0.04811913280846363
24314,0.19363563563473932,0.004144553566738122,0.8022198107985229
24315,0.1837217156280719,0.00360582509924116,0.8126724592726869
24316,0.9095539032495403,0.010734541634741,0.07971155511571947
24317,0.8942254467508187,0.006389089767021206,0.0993854634821608
24318,0.8425105681088527,0.017516169854764393,0.1399732620363835
24319,0.42956043841923747,0.06814043783569569,0.5022991237450668
24320,0.9531848781036454,0.010902054795653473,0.03591306710070037
24321,0.18603864554725297,0.009826322218846523,0.8041350322339004
24322,0.972374783728082,0.00281513579708591,0.024810080474833046
24323,0.9255096445438572,0.01664807287063831,0.05784228258550429
24324,0.6870360093284593,0.11596402744696967,0.19699996322457103
24325,0.5602200902528052,0.1086499773725675,0.3311299323746273
24326,0.09781830011501598,3.184713375796178e-05,0.9021498527512264
24327,0.9182117414436524,0.014869448510299336,0.06691881004604863
24328,0.9057795265257101,0.023679175714293756,0.0705412977599968
24329,0.935500125199233,0.0067132600795571885,0.05778661472120948
24330,0.9822311639156311,0.0020766772221607124,0.015692158862208535
24331,0.3203621814749956,0.018391477230218174,0.6612463412947862
24332,0.9718136619127823,0.011466588328541813,0.016719749758676003
24333,0.8933462339213567,0.016973220560479535,0.08968054551816387
24334,0.07255881200931265,0.0275601435912126,0.8998810443994749
24335,0.5579322251271667,0.039888941728993564,0.40217883314383956
24336,0.9354937091612011,0.014141455202630026,0.05036483563617
24337,0.7850692425110662,0.01428620824031709,0.2006445492486161
24338,0.5844146676166838,0.005927835519344976,0.40965749686397135
24339,0.3640341004361417,0.016305854406134947,0.6196600451577235
24340,0.331217676511161,0.07270273484157853,0.5960795886472608
24341,0.8431078622094613,0.032898127770822384,0.12399401001971645
24342,0.606141802795149,0.00732317178236373,0.3865350254224872
24343,0.36216331099958643,0.061158283182005904,0.5766784058184079
24344,0.6428721721484655,0.04777847748973238,0.30934935036180194
24345,0.9399736846926713,0.007505189543310761,0.05252112576401822
24346,0.4357674031954764,0.06418761169585897,0.5000449851086647
24347,0.9474964962012147,0.010788153106139255,0.041715350692646286
24348,0.6123686127568587,0.04600122941355103,0.34163015782959094
24349,0.8913041153509035,0.012379636895881715,0.0963162477532151
24350,0.9771358881969491,0.0032004171488805994,0.019663694654170685
24351,0.9481092701719369,0.006660938569754671,0.045229791258308616
24352,0.9109598963597398,0.005101764609317162,0.08393833903094368
24353,0.1817041464835161,0.057436109954774384,0.7608597435617093
24354,0.9106958513232697,0.019283178555086048,0.07002097012164464
24355,0.9664284827079793,0.004832201431057822,0.028739315860963514
24356,0.97219460979885,0.002962448702695936,0.024842941498455527
24357,0.946594837395713,0.0013777251188115875,0.052027437485475655
24358,0.985026195516027,0.006431761110848179,0.00854204337312552
24359,0.21417189425252237,0.011117461564724871,0.7747106441827527
24360,0.8768686838672161,0.005236043528432566,0.11789527260435118
24361,0.8902658118338119,0.0053295488698718845,0.1044046392963161
24362,0.8952249272270948,0.004109209113216449,0.100665863659689
24363,0.10997909003048004,0.06825877793682533,0.8217621320326947
24364,0.6032790936886987,0.015223632850919702,0.38149727346038165
24365,0.9768238984360565,0.004096976575196915,0.019079124988746945
24366,0.6233042712816209,0.1610193138374593,0.21567641488091918
24367,0.9528918151859561,0.0036791582110082296,0.043429026603036
24368,0.028025926464279607,0.0005702398433675966,0.9714038336923528
24369,0.09372988779484406,0.2453181601668237,0.6609519520383325
24370,0.8336329814060837,0.10803727797102537,0.058329740622890966
24371,0.5709415223218964,0.06334955034519092,0.3657089273329126
24372,0.9596078752100096,0.007202312347038086,0.03318981244295221
24373,0.49916279841151406,0.009028764464442188,0.491808437124044
24374,0.9802670837786854,0.006341176066432735,0.013391740154882542
24375,0.9478233851045647,0.0068817032496512115,0.045294911645784475
24376,0.8824883515158242,0.018327428227850173,0.09918422025632587
24377,0.9742789927477077,0.004333406081012532,0.021387601171280954
24378,0.9005433948630572,0.01617457884299939,0.08328202629394357
24379,0.39709806093549954,0.01779395236663555,0.585107986697865
24380,0.8837933444397529,0.029358158440248788,0.08684849711999873
24381,0.8819634195887581,0.012891546007426832,0.1051450344038151
24382,0.7363861972131375,0.019696318797865122,0.24391748398899693
24383,0.9820806858884323,0.0018291334931434,0.016090180618424547
24384,0.4817752294216555,0.006425803339608538,0.511798967238736
24385,0.5924468331562167,0.12203633270430334,0.2855168341394801
24386,0.024919627089632284,0.03688227802037846,0.9381980948899892
24387,0.8526871031980323,0.007262205618231854,0.14005069118373611
24388,0.9627582270206451,0.008210375585232322,0.02903139739412238
24389,0.8994781906905008,0.026918391461080115,0.07360341784841867
24390,0.9290778943346936,0.008741752260664695,0.062180353404641654
24391,0.9435335518156751,0.0019640888050168072,0.05450235937930879
24392,0.025746287514842953,0.003967031478187707,0.9702866810069692
24393,0.9643853909885978,0.007599213541679961,0.02801539546972201
24394,0.959137893795818,0.008902038944957991,0.03196006725922395
24395,0.9667240651942048,0.007692839378360746,0.0255830954274356
24396,0.7394400667115685,0.00498446913524929,0.25557546415318183
24397,0.42723902408170183,0.21811958455045835,0.3546413913678398
24398,0.8870281460855471,0.014384655763412994,0.09858719815103988
24399,0.022086239252316658,0.00025492206569104487,0.9776588386819924
24400,0.9409675947393827,0.005521686413418169,0.053510718847199476
24401,0.9450646552870287,0.008857540905966537,0.046077803807005394
24402,0.9829430931325432,0.00254595245041097,0.014510954417046081
24403,0.9865985467591979,0.00268024265312005,0.010721210587683242
24404,0.9732281754686544,0.007864071330442108,0.018907753200904338
24405,0.9584125619284394,0.00795641990041042,0.03363101817115065
24406,0.8247139321777597,0.037948072454557946,0.13733799536768246
24407,0.4597063422689385,0.21620444543175787,0.3240892122993037
24408,0.9429905218011932,0.010175232224831318,0.04683424597397602
24409,0.5771167241341133,0.09583998700281417,0.3270432888630728
24410,0.9679821075825601,0.004584809662616583,0.027433082754822494
24411,0.968746821992587,0.0031190668357361064,0.028134111171677436
24412,0.14872502207174462,0.08850801572897762,0.7627669621992778
24413,0.19378783603740884,0.028893140872286064,0.7773190230903051
24414,0.8836645959652976,0.02465457239102743,0.09168083164367576
24415,0.9497566950382973,0.0013526660627776969,0.048890638898925
24416,0.9530934000462796,0.006678683007527216,0.040227916946192925
24417,0.9658894179075903,0.015372038471735492,0.01873854362067456
24418,0.9444994189120375,0.006825012346837269,0.048675568741125386
24419,0.8108240836329139,0.0030522289165415733,0.18612368745054497
24420,0.9441321770876163,0.0072484810383028455,0.04861934187408078
24421,0.8584362117211077,0.01757625923370677,0.12398752904518519
24422,0.8574874109992802,0.02362162420847259,0.11889096479224692
24423,0.4467427389535916,0.0201976585253547,0.5330596025210537
24424,0.1695229484225714,0.045764704788276135,0.7847123467891524
24425,0.44590045516145427,0.0833856382614845,0.47071390657706114
24426,0.16021384299386093,0.023802640812049292,0.8159835161940898
24427,0.6218766377196807,0.01974048634258203,0.3583828759377372
24428,0.7536617448602903,0.016400841743911272,0.2299374133957989
24429,0.006867877492877493,0.0,0.9931321225071226
24430,0.9779861540530561,0.011415582420393835,0.010598263526550829
24431,0.8823579635624565,0.013817673347942604,0.10382436308960073
24432,0.8367700108479966,0.022286879000484098,0.1409431101515193
24433,0.9097678426984377,0.01979022307267307,0.07044193422889009
24434,0.9809269661217154,0.0027149361109245897,0.01635809776736013
24435,0.7389182944631772,0.03649859328986809,0.22458311224695468
24436,0.9656664529819902,0.009471903154195986,0.02486164386381387
24437,0.8295471082076599,0.02175683820809876,0.1486960535842424
24438,0.6914257019070751,0.024507300118384135,0.28406699797454044
24439,0.9342227136449097,0.008046012696327076,0.05773127365876302
24440,0.5511441288632927,0.01666265094261927,0.43219322019408823
24441,0.162368029592872,0.062876908641056,0.774755061766072
24442,0.01816942392459032,0.00013087582937055116,0.9816997002460391
24443,0.9276834520312739,0.009027139638467746,0.06328940833025781
24444,0.8620786797926558,0.017744440697745063,0.12017687950959889
24445,0.6278021505437368,0.06819616685539676,0.3040016826008665
24446,0.9588559955354573,0.005721412144526898,0.03542259232001595
24447,0.7291573732205912,0.11727918309318386,0.15356344368622557
24448,0.6017755489925825,0.023609251621322682,0.37461519938609456
24449,0.9574022233855028,0.008299934737658865,0.03429784187683893
24450,0.9292618514963035,0.007255927422451829,0.06348222108124439
24451,0.9527492058844134,0.011955186060300832,0.03529560805528624
24452,0.9261573686357621,0.006160743412692383,0.06768188795154563
24453,0.9384846903587741,0.006209201413544212,0.05530610822768152
24454,0.9478510503878061,0.012696705765188204,0.03945224384700562
24455,0.9565371777719751,0.0016136943274530227,0.04184912790057269
24456,0.6631739685675638,0.045945102778582214,0.2908809286538542
24457,0.9418255597648912,0.012799051085409734,0.045375389149698936
24458,0.8491654041927198,0.030679504041139966,0.12015509176614017
24459,0.9024556366800683,0.00317626022025512,0.09436810309967728
24460,0.7470430963388213,0.05478800692541841,0.19816889673576005
24461,0.24331968544993757,0.16940293861652406,0.5872773759335385
24462,0.9565878050524403,0.007581463065060268,0.03583073188249925
24463,0.524137516437897,0.005409303911947656,0.4704531796501555
24464,0.9530343458401569,0.006693329261342794,0.04027232489849978
24465,0.9224878810786615,0.005019960761393501,0.0724921581599448
24466,0.21406439717386994,0.010761168587538296,0.7751744342385919
24467,0.7023167161877086,0.01300582999330474,0.2846774538189877
24468,0.7694821342285084,0.01599952805479734,0.21451833771669437
24469,0.8853640814743022,0.005518893678347997,0.10911702484734978
24470,0.9211560157202427,0.016586366320100934,0.06225761795965668
24471,0.7216901600665041,0.02085514694857006,0.257454692984926
24472,0.8062267405553953,0.0073576881846293615,0.18641557125997588
24473,0.8858712732555256,0.002215637914976343,0.11191308882949914
24474,0.8268606476372803,0.014276903276207661,0.15886244908651234
24475,0.9095750268457016,0.013208405848083714,0.07721656730621461
24476,0.9745379146819116,0.0024629248844620522,0.022999160433626507
24477,0.9675491646569526,0.013790211088452816,0.01866062425459507
24478,0.12942637972053778,0.027555562221588746,0.8430180580578739
24479,0.9371513434372711,0.011886319262909955,0.05096233729981892
24480,0.9324199181264466,0.00640304577943545,0.06117703609411797
24481,0.14065351326665868,0.012078535776377502,0.8472679509569636
24482,0.8724504008014863,0.005618159782975061,0.12193143941553901
24483,0.3719439399689989,0.03463632915625773,0.5934197308747433
24484,0.8613151340842611,0.004868193236005944,0.1338166726797332
24485,0.952152030487894,0.005409117993112401,0.042438851518993494
24486,0.8158362626761952,0.006920659776075128,0.17724307754773008
24487,0.9233234600383082,0.031198759839474496,0.045477780122216545
24488,0.8204157544909272,0.01637386094188682,0.163210384567186
24489,0.0928751969889474,0.010039703600391034,0.8970850994106621
24490,0.9051884120337599,0.02104414408259946,0.07376744388364172
24491,0.24281553104594147,0.0753838172310588,0.6818006517229995
24492,0.15315592843790746,0.0023185219745125146,0.8445255495875802
24493,0.7063382667876955,0.014438950090087615,0.279222783122217
24494,0.845572626747261,0.07344608866686236,0.08098128458587638
24495,0.8756689991517614,0.012648426867696936,0.11168257398054228
24496,0.35790406280355547,0.07939640424289288,0.5626995329535515
24497,0.3547891682815597,0.029888181306778096,0.6153226504116621
24498,0.2865984322738503,0.006244902945486586,0.7071566647806627
24499,0.6242893580494961,0.03818272233693039,0.33752791961357337
24500,0.6474001269223547,0.007528533979826708,0.3450713390978183
24501,0.6750444937777915,0.011997469577384616,0.3129580366448236
24502,0.8943209898451656,0.015460895727640957,0.09021811442719332
24503,0.9229036877259705,0.022053775534020846,0.05504253674000876
24504,0.3122285498570135,0.03314492325362374,0.6546265268893633
24505,0.6220896879484017,0.029357499331390275,0.348552812720208
24506,0.9804087344285898,0.0024434723705139116,0.017147793200896863
24507,0.022293778910804828,0.0039681386770095885,0.9737380824121861
24508,0.7599919034667877,0.007278993539136254,0.23272910299407584
24509,0.04546349274754595,0.026825749361773354,0.9277107578906809
24510,0.082063836178573,0.025943854881672303,0.8919923089397548
24511,0.9210678911051233,0.00845687165768385,0.07047523723719276
24512,0.8501728599725557,0.030499261579276085,0.11932787844816793
24513,0.7114487788569751,0.043399845250563285,0.24515137589246114
24514,0.6239603065944728,0.08777487509458119,0.288264818310946
24515,0.06897523794324681,0.009481414119884202,0.9215433479368691
24516,0.08172065142441078,0.08409653763764592,0.8341828109379434
24517,0.2586924434756823,0.4547230691064601,0.28658448741785764
24518,0.39790825773945643,0.12314181086142881,0.47894993139911474
24519,0.8541676734237255,0.044265670519459184,0.10156665605681435
24520,0.9185088527421716,0.023932794132712067,0.05755835312511682
24521,0.1321368665326358,0.0032346885634425824,0.8646284449039223
24522,0.7789547837140284,0.029669320805765256,0.19137589548020664
24523,0.260996514197649,0.053601578968720955,0.6854019068336298
24524,0.8393267123260926,0.017405535095653638,0.14326775257825428
24525,0.8499453075397939,0.011634874132409465,0.13841981832779685
24526,0.01907798610648906,0.00011276849863167344,0.9808092453948797
24527,0.9183599414159777,0.0382026499163758,0.04343740866764666
24528,0.9501933534579922,0.00835997954513432,0.041446666996873605
24529,0.10382576237968738,0.019687396891043877,0.8764868407292691
24530,0.00549892257348187,0.0022761855834036665,0.9922248918431147
24531,0.3130541965150684,0.0719928996714463,0.6149529038134851
24532,0.7086995261040894,0.02996694780800405,0.26133352608790633
24533,0.1296738993478255,0.03827385662505189,0.8320522440271227
24534,0.8849991848967715,0.026040357234238795,0.08896045786899004
24535,0.967886371954181,0.01508515779033145,0.017028470255487507
24536,0.09181526307607112,0.028970350052246605,0.8792143868716823
24537,0.5122537992409099,0.021751228938300577,0.4659949718207896
24538,0.4566773778451531,0.03686340951925184,0.5064592126355951
24539,0.9336581429968714,0.004498263880432111,0.061843593122696564
24540,0.5574436495728571,0.01550553911267163,0.42705081131447165
24541,0.7192341637739952,0.008711322234472726,0.2720545139915324
24542,0.2397372674422276,0.06000970188942084,0.7002530306683515
24543,0.006923121812827695,0.006680672268907563,0.9863962059182647
24544,0.9774792607341298,0.0048713657835139645,0.017649373482356845
24545,0.7152867042081277,0.01706680475631647,0.2676464910355564
24546,0.8483760902400832,0.017899278007197816,0.13372463175271915
24547,0.07133448075516498,0.00027773809676553306,0.9283877811480699
24548,0.5611984340578641,0.04637681182374522,0.39242475411839045
24549,0.7467810533914163,0.004089446555905513,0.24912950005267825
24550,0.5121837913932058,0.02439358823853238,0.46342262036826215
24551,0.7362527154847281,0.030330762020121166,0.23341652249515107
24552,0.09031763632493348,0.04213737448824735,0.867544989186819
24553,0.6216036836281653,0.011815858585807104,0.36658045778602777
24554,0.7821438628948487,0.021168688148765404,0.19668744895638635
24555,0.9472316738880693,0.00818421877445708,0.04458410733747339
24556,0.9517248697883645,0.007087461740407819,0.0411876684712279
24557,0.14483676889299968,0.06209104618619264,0.7930721849208078
24558,0.8327813075289006,0.02499505495808295,0.1422236375130164
24559,0.9039986497714477,0.014869616844943895,0.08113173338360817
24560,0.7927647345848617,0.01342866181358965,0.19380660360154903
24561,0.9543170172886738,0.006835088274247519,0.038847894437078166
24562,0.2997507495074628,0.13800883898613645,0.5622404115064008
24563,0.8723665684106249,0.008355383634050213,0.11927804795532528
24564,0.9128374001329752,0.008652052855941575,0.07851054701108248
24565,0.933845824227303,0.015804724828246464,0.050349450944449925
24566,0.9598308761767465,0.00509018410053503,0.03507893972271928
24567,0.6831642079665573,0.01257348023964256,0.30426231179380053
24568,0.5518948125276902,0.27128405298063013,0.17682113449168008
24569,0.04934826026517089,0.013998005635002541,0.9366537340998266
24570,0.3878769379358929,0.03131263191698338,0.5808104301471243
24571,0.5964190933307725,0.07432800185533224,0.3292529048138957
24572,0.06405194480486016,0.0014808163991108772,0.9344672387960293
24573,0.2435484702445487,0.04349388521163386,0.7129576445438177
24574,0.015281978967100427,0.018475949808295575,0.9662420712246038
24575,0.8656312410428548,0.008545391908072917,0.12582336704907268
24576,0.9599239763786136,0.007173781726258112,0.03290224189512846
24577,0.9050668965911869,0.013735764983300501,0.08119733842551352
24578,0.8604328375214472,0.033049070285198275,0.10651809219335451
24579,0.9587662090665167,0.01987520846361807,0.02135858246986545
24580,0.8815073902484295,0.033279663002963526,0.08521294674860755
24581,0.8867056619314502,0.011074163807514205,0.10222017426103601
24582,0.6243478849741232,0.02785079352569346,0.34780132150018345
24583,0.9803863638969307,0.004333762290675107,0.015279873812394316
24584,0.9244367868571864,0.014724861569843206,0.06083835157297019
24585,0.8968265092439227,0.029556934557290138,0.07361655619878682
24586,0.8051815921397534,0.025305676462859993,0.16951273139738696
24587,0.9524213376312408,0.0038675486476420673,0.04371111372111769
24588,0.9496389943333611,0.007687638548563473,0.04267336711807599
24589,0.9179325016396772,0.013068475987536637,0.06899902237278668
24590,0.765757535205931,0.005456293735980179,0.2287861710580896
24591,0.8943598948446885,0.018301732288039076,0.08733837286727227
24592,0.9069028603029886,0.022835847600774062,0.07026129209623706
24593,0.07378171344469152,0.025120086378429544,0.901098200176879
24594,0.42384675008589495,0.018316732577873234,0.5578365173362324
24595,0.8048620323194139,0.004326841474333522,0.19081112620625296
24596,0.7050841397505088,0.08094751742461316,0.21396834282487798
24597,0.9681017206356269,0.0088014979795584,0.023096781384814444
24598,0.14439139188992506,0.04063149881164587,0.8149771092984289
24599,0.25575597134679684,0.0021541905044309907,0.7420898381487722
24600,0.8680112325587521,0.031133545559351716,0.10085522188189619
24601,0.9043863609968434,0.004873507151770053,0.09074013185138637
24602,0.04835215243635333,0.024320970649766443,0.9273268769138804
24603,0.17682686103125675,0.03068863545969735,0.7924845035090462
24604,0.9119613712702506,0.02486136459238921,0.0631772641373605
24605,0.9796685035702942,0.002449276395878269,0.01788222003382787
24606,0.02364905881840277,0.003092867844853923,0.9732580733367437
24607,0.6181922191964933,0.022584134560870887,0.3592236462426362
24608,0.062281038216795925,0.005454149482874767,0.9322648123003292
24609,0.9583487072833412,0.0025482963226497912,0.039102996394008785
24610,0.27115974626731487,0.011575370155359421,0.7172648835773261
24611,0.9406523959843781,0.008411525566117701,0.05093607844950495
24612,0.09579602225928321,0.013430920441964608,0.8907730572987524
24613,0.6009260776588692,0.01281745259636341,0.3862564697447679
24614,0.9566257727196006,0.007459513733489436,0.035914713546909866
24615,0.9858564774831882,0.0013690219292873112,0.012774500587524273
24616,0.5957304509929583,0.03550978572049468,0.36875976328654764
24617,0.5610637731014088,0.016349743466429856,0.42258648343216176
24618,0.9551282593277619,0.008191524708663115,0.03668021596357516
24619,0.9259180953988685,0.017801897922418177,0.05628000667871399
24620,0.4908733981367134,0.07521017377282231,0.4339164280904642
24621,0.9191045385538793,0.02011281216952069,0.06078264927659963
24622,0.03235256397761736,0.005446122973445239,0.9622013130489374
24623,0.9436498329514207,0.007415270252670969,0.04893489679590864
24624,0.9474190602540963,0.007814592594842905,0.04476634715106097
24625,0.9413666201776664,0.00775924678975232,0.050874133032581176
24626,0.020942572532392897,0.01001126126126126,0.969046166206346
24627,0.09116010421341246,0.0050476927750728,0.9037922030115146
24628,0.9031527960864669,0.045364540629871754,0.051482663283661925
24629,0.14556749502284175,0.055403353278249794,0.7990291516989085
24630,0.9567675745215306,0.022448797556278127,0.020783627922190896
24631,0.598340601140107,0.028514604402835684,0.37314479445705695
24632,0.980969493268848,0.0037148688133258165,0.015315637917827937
24633,0.9807946481734664,0.002959860810815588,0.0162454910157187
24634,0.6325451998310214,0.07549432906502615,0.29196047110395257
24635,0.9382368588045338,0.0064981396490767715,0.055265001546389504
24636,0.2997473226991571,0.3639509162990398,0.336301761001803
24637,0.9599393964296162,0.007521719028441202,0.032538884541943223
24638,0.033314320592597584,0.00966800558921939,0.957017673818183
24639,0.12523629751741205,0.04203071895424837,0.8327329835283397
24640,0.874379115418239,0.020091846790569644,0.10552903779119148
24641,0.17425781273813934,0.0446142686936507,0.78112791856821
24642,0.97632136136026,0.003070173320113666,0.02060846531962589
24643,0.6653804714962211,0.06844472154672995,0.2661748069570489
24644,0.9126462976637333,0.020368059172847085,0.06698564316341951
24645,0.475874233182141,0.0832301786991508,0.44089558811870794
24646,0.3736727808351161,0.001146519993327979,0.6251806991715559
24647,0.018309728358371264,0.01011708286872904,0.9715731887728998
24648,0.7305079322038359,0.008613031830415577,0.26087903596574835
24649,0.49014679937394645,0.12655409855587255,0.38329910207018114
24650,0.02140134771042777,0.001940428745911111,0.9766582235436613
24651,0.8108870857218428,0.012074960590285783,0.17703795368787192
24652,0.9164723999873581,0.006189674474918255,0.0773379255377243
24653,0.9812127554635733,0.003210782592458454,0.0155764619439684
24654,0.951239307159085,0.009843906153502528,0.03891678668741237
24655,0.9840062264243484,0.0025555679610171846,0.013438205614635098
24656,0.5044324140603166,0.0020391844957198765,0.4935284014439635
24657,0.9588599111224102,0.00531308944500878,0.03582699943258087
24658,0.36096507777614173,0.02043939483127842,0.6185955273925802
24659,0.857225775427789,0.010411860214290605,0.13236236435792012
24660,0.9187195909511606,0.015260393730090326,0.06602001531874967
24661,0.8232960679553049,0.019207333748731768,0.15749659829596357
24662,0.9266906728119788,0.0088052107288126,0.064504116459209
24663,0.9163836554930862,0.007124506039263383,0.07649183846765005
24664,0.9717333345220602,0.007465261615297078,0.020801403862643102
24665,0.13227384676171158,0.026474516943266146,0.8412516362950223
24666,0.946860374383779,0.009809616624746456,0.04333000899147432
24667,0.8882707935157625,0.021921495973628507,0.08980771051060882
24668,0.7741403534420496,0.02557799047364754,0.20028165608430284
24669,0.7849576148051497,0.056212100776891656,0.15883028441795793
24670,0.8665401931753975,0.008107835978248545,0.12535197084635416
24671,0.9330982048644106,0.009607300344239546,0.05729449479135052
24672,0.16662208073880447,0.0024684153996023836,0.8309095038615935
24673,0.8811036419331845,0.04979692289430556,0.0690994351725099
24674,0.274400997047423,0.12079650656870713,0.6048024963838697
24675,0.21508613279831948,0.003473064018594972,0.7814408031830866
24676,0.0692063594603891,0.006866060832267487,0.9239275797073433
24677,0.9517683645076898,0.005483080696590499,0.042748554795719845
24678,0.9488045868992054,0.00846735321616595,0.042728059884628834
24679,0.6210304217570585,0.027676659045286555,0.35129291919765504
24680,0.6032327161412049,0.003334929135746981,0.39343235472304794
24681,0.8010236925743975,0.11561648511557611,0.08335982231002595
24682,0.9812898761092795,0.003969303844592892,0.014740820046128596
24683,0.40711722308664744,0.005389583306544504,0.5874931936068081
24684,0.8879389838084996,0.02036125245967156,0.09169976373182927
24685,0.30928538174724324,0.044619152995244056,0.6460954652575126
24686,0.06166628955225465,0.0075533971248120755,0.9307803133229332
24687,0.06856052646168621,0.015053577280267726,0.9163858962580461
24688,0.04779828330880842,0.005918855137401657,0.9462828615537898
24689,0.5898642643679334,0.3552404380671403,0.05489529756492677
24690,0.9654173202929771,0.004931086645818612,0.029651593061204688
24691,0.8337268308993525,0.020073095802298508,0.1462000732983493
24692,0.8575387460459539,0.06294564082392741,0.07951561313011869
24693,0.5904572433127948,0.11166348278700748,0.29787927390019786
24694,0.11283171234348846,0.03890226570854954,0.8482660219479621
24695,0.7187744272560718,0.038763987795124966,0.24246158494880304
24696,0.07076065396128585,0.004251384939739933,0.9249879610989742
24697,0.9458957696708182,0.013258034476541263,0.04084619585264018
24698,0.9188374726656919,0.004867462930514761,0.07629506440379318
24699,0.8213355458882228,0.014594622696366926,0.16406983141541115
24700,0.8768074495397448,0.03002518914410416,0.09316736131615046
24701,0.6506967488602535,0.028311829676826203,0.32099142146292015
24702,0.6196247707485605,0.032248063064344114,0.3481271661870964
24703,0.9629626902880954,0.011912264339440032,0.025125045372464773
24704,0.7839763731498288,0.017498343321583846,0.19852528352858798
24705,0.6940220250996149,0.023595858155139718,0.2823821167452451
24706,0.4503207732315114,0.01979346595934353,0.5298857608091448
24707,0.551119004289412,0.03241384479666212,0.4164671509139258
24708,0.6568837497368859,0.07989891322520831,0.26321733703790534
24709,0.7843631627221398,0.01590696524073123,0.19972987203712983
24710,0.8506082109769542,0.04969889600720343,0.09969289301584228
24711,0.40761745717735354,0.006045983724587297,0.5863365590980593
24712,0.7464695102974944,0.04529694456376004,0.20823354513874573
24713,0.8442108441134687,0.01368497851224147,0.14210417737429107
24714,0.17856928138077957,0.007852386390607648,0.813578332228613
24715,0.04621339785371255,0.030744240225411043,0.9230423619208765
24716,0.9781059384468138,0.003382972105045841,0.01851108944814016
24717,0.9191504879700204,0.01555216778516219,0.06529734424481806
24718,0.8530588362851576,0.05391523091262903,0.09302593280221365
24719,0.0054103161405468,0.009683701202713179,0.9849059826567402
24720,0.20253318076005286,0.07675581147116939,0.7207110077687776
24721,0.9319263142072866,0.003957506541080203,0.06411617925163282
24722,0.04992146670032938,0.03988578329882678,0.9101927500008439
24723,0.9524007727948054,0.029358357112049416,0.018240870093145765
24724,0.09466637658962072,0.06692441946560038,0.8384092039447788
24725,0.9540786744933295,0.0039811680758882985,0.04194015743078151
24726,0.8540276957971245,0.0032277310473887823,0.14274457315548708
24727,0.8181208491134976,0.006400368324624987,0.17547878256187763
24728,0.8228539188817707,0.023633158276782383,0.15351292284144671
24729,0.5006270029196852,0.24541350244310314,0.25395949463721174
24730,0.8647624310545919,0.0089451132304855,0.1262924557149229
24731,0.07899050837368785,0.018402169339205403,0.9026073222871069
24732,0.5959492049295323,0.01082569192486156,0.3932251031456067
24733,0.3571872324129172,0.013529919971158554,0.6292828476159238
24734,0.9086709541692437,0.0029315317661076467,0.08839751406464887
24735,0.42760419795983806,0.04934549045324073,0.5230503115869211
24736,0.1452034845184028,0.0723395493983849,0.7824569660832124
24737,0.9270639103531719,0.04434795151322091,0.02858813813360726
24738,0.1982025794085957,0.07217196625713478,0.7296254543342695
24739,0.9654709769187455,0.005694542699438083,0.02883448038181741
24740,0.9289109329509128,0.005433561791314883,0.06565550525777292
24741,0.5371604902768395,0.01890831304540351,0.4439311966777576
24742,0.9244493964336139,0.0036178039548337582,0.07193279961155276
24743,0.5901607834503707,0.0067542841291072875,0.403084932420522
24744,0.3798016156996002,0.04319449255595526,0.5770038917444447
24745,0.5781840970088387,0.00614096402377704,0.4156749389673842
24746,0.7157558564486839,0.04873869349487697,0.23550545005643878
24747,0.24842017455362717,0.028771614040820043,0.7228082114055527
24748,0.9133718285204385,0.028655441282559067,0.057972730197003
24749,0.951477718771,0.007228191568628666,0.04129408966037153
24750,0.9515855583424396,0.009329472047994131,0.03908496960956629
24751,0.9160634934140448,0.01258160034234204,0.07135490624361217
24752,0.5104638185175596,0.03339852937112364,0.45613765211131685
24753,0.7469727986234919,0.004778307111584299,0.24824889426492353
24754,0.9299377041450623,0.018689480547571517,0.051372815307366926
24755,0.9532543738090478,0.008585097208237578,0.03816052898271562
24756,0.9655598675368113,0.00916861645076511,0.025271516012424135
24757,0.7890888334817437,0.006743727705388001,0.20416743881286883
24758,0.8688535182857553,0.006345282068731753,0.12480119964551345
24759,0.01678442728442728,0.0033333333333333335,0.9798822393822394
24760,0.9058821031845891,0.006465447668842493,0.08765244914656907
24761,0.9378168519651275,0.00703384922903537,0.05514929880583758
24762,0.6018111395948142,0.02077775154078158,0.37741110886440427
24763,0.01400143350069816,5.6635807714607765e-05,0.9859419306915873
24764,0.8024596016479258,0.005688288738201813,0.19185210961387206
24765,0.9408818462885324,0.010049162552026815,0.049068991159441105
24766,0.9473522588262843,0.010902999403720977,0.041744741769994674
24767,0.6588466913716164,0.0013159332106238637,0.33983737541775955
24768,0.5341328258347132,0.023382193100175135,0.44248498106511164
24769,0.887751130745008,0.014901630707126775,0.09734723854786596
24770,0.9034962794564972,0.002147407160023475,0.09435631338347954
24771,0.9685322246290987,0.012672771351330086,0.01879500401957158
24772,0.9352383360648887,0.007715986653169562,0.057045677281941515
24773,0.6963601675549455,0.011479289209845462,0.292160543235209
24774,0.18786768344404264,0.029934165490123194,0.7821981510658341
24775,0.9198418596212126,0.007991341944220073,0.07216679843456862
24776,0.8932569852225017,0.003889910390462461,0.1028531043870364
24777,0.4312182632862285,0.07841181400286111,0.4903699227109104
24778,0.1376503963430035,0.003754517940106139,0.8585950857168901
24779,0.8440645319833755,0.013244387829031272,0.1426910801875942
24780,0.9374985977147765,0.008461010310615682,0.054040391974608123
24781,0.8608837864988896,0.029450242535301416,0.1096659709658091
24782,0.5923559496808515,0.04415045571558757,0.3634935946035608
24783,0.1228138422622494,0.01965450656588112,0.8575316511718692
24784,0.05566821103509913,0.0003977718020367835,0.9439340171628641
24785,0.9597541159160513,0.007135666523079518,0.03311021756086959
24786,0.12836614279995773,0.0635863892153775,0.8080474679846649
24787,0.3592552292227192,0.012845795021197103,0.6278989757560841
24788,0.9153110865305166,0.027798455305706935,0.05689045816377634
24789,0.8801259226811123,0.031224100362200236,0.08864997695668726
24790,0.19153451930783788,0.036550122307497455,0.7719153583846651
24791,0.9819137610573858,0.004227621952575118,0.013858616990039891
24792,0.8690732286193058,0.02069090926834289,0.11023586211235163
24793,0.44818257820168583,0.06947118296118131,0.4823462388371331
24794,0.9260718803676271,0.0024104427599064876,0.0715176768724661
24795,0.8318954969292162,0.017985668126912605,0.15011883494387154
24796,0.8916996946839094,0.021765701625472554,0.0865346036906179
24797,0.15284556090225,0.20108689090018372,0.6460675481975663
24798,0.6344192498134075,0.016266043124737572,0.3493147070618546
24799,0.8436467024597768,0.015066217541144162,0.14128707999907955
24800,0.9475612559122093,0.008621894829870873,0.043816849257920294
24801,0.9729104513640336,0.007709132634261565,0.019380416001704148
24802,0.9101370385102835,0.006400518010484668,0.08346244347923172
24803,0.8269878422226237,0.007451201922899081,0.16556095585447672
24804,0.3966119387879782,0.13391884011452393,0.46946922109749806
24805,0.9408548981720491,0.003569380648981305,0.0555757211789701
24806,0.8893330393668674,0.005428470906919754,0.10523848972621236
24807,0.9219447485978467,0.014118927108478176,0.06393632429367536
24808,0.9049077868666549,0.01843376323497557,0.07665844989837013
24809,0.6164569296604409,0.02554640907974739,0.35799666125981183
24810,0.8961648690617223,0.028120545311627786,0.07571458562664903
24811,0.12211532985144621,0.014847660154306557,0.8630370099942474
24812,0.9822559296976252,0.0016597126225502334,0.01608435767982532
24813,0.9756110748436131,0.010343179392804543,0.014045745763581963
24814,0.029824411651106306,0.016818181818181815,0.9533574065307119
24815,0.9854243934817954,0.006053996122329805,0.008521610395875782
24816,0.021764161213928806,0.005987925710255389,0.9722479130758159
24817,0.5669187556441524,0.16484712343376018,0.2682341209220876
24818,0.8586074360347129,0.03728817363838944,0.10410439032689761
24819,0.8169927793503092,0.08962733088672839,0.09337988976296238
24820,0.9128632046647456,0.020102973306043995,0.0670338220292099
24821,0.9567801099093024,0.007765967676138539,0.03545392241455931
24822,0.514622306262483,0.06720072750988315,0.41817696622763406
24823,0.962207192867413,0.004396507888231234,0.033396299244355665
24824,0.8648214171422713,0.014033939764432126,0.12114464309329691
24825,0.9508587457366402,0.013613125101259546,0.035528129162100734
24826,0.9160009067837963,0.008652638342316582,0.07534645487388743
24827,0.9622537676977765,0.015619675578628325,0.022126556723595474
24828,0.9814559949976782,0.0015375457625356622,0.017006459239786758
24829,0.47380045219057254,0.02377400122944105,0.5024255465799868
24830,0.8577259516128879,0.026802908256757886,0.11547114013035405
24831,0.9817397582077266,0.0035046308710941637,0.014755610921179168
24832,0.8491485575602225,0.003552335605538992,0.14729910683423905
24833,0.9582347917411645,0.01455319644025689,0.02721201181857903
24834,0.868340787835057,0.05555790211603242,0.076101310048911
24835,0.8788846604186138,0.009422318667995632,0.1116930209133904
24836,0.7796591576462406,0.04079058643323262,0.17955025592052568
24837,0.02402757969852997,0.005365425016160311,0.9706069952853096
24838,0.9348936149758013,0.020501840799649756,0.044604544224548535
24839,0.6253096601169258,0.27973062162563506,0.09495971825743886
24840,0.9503126839788295,0.006256163571516858,0.043431152449653385
24841,0.9496499312755776,0.00921445092308618,0.04113561780133704
24842,0.36012219712306487,0.009218793424691767,0.6306590094522431
24843,0.8583660238343656,0.020198892612950325,0.12143508355268497
24844,0.9850137466439821,0.004393869156050413,0.010592384199968403
24845,0.832239706917152,0.01936087155012899,0.1483994215327196
24846,0.9569173171581877,0.009904183307806439,0.03317849953400626
24847,0.8856633427094323,0.03318608439594607,0.08115057289462221
24848,0.9626953397346584,0.021128624517904912,0.0161760357474381
24849,0.5212681207366691,0.01110612861114135,0.46762575065218964
24850,0.3872607067696554,0.024315334472463795,0.58842395875788
24851,0.10892760349387982,0.05545244411203396,0.8356199523940863
24852,0.3481685295569566,0.1350633420886699,0.5167681283543737
24853,0.7556654585412204,0.13177418111469685,0.1125603603440827
24854,0.015726090376676827,0.009231990167747298,0.975041919455576
24855,0.8638076633184399,0.0292789274812339,0.1069134092003265
24856,0.010684336696842675,0.0003030911143279557,0.9890125721888297
24857,0.013372970168612192,0.00014285714285714287,0.9864841726885307
24858,0.04483040963794828,0.0008461764556021217,0.9543234139064496
24859,0.5099459978005915,0.04774183649130373,0.4423121657081046
24860,0.9765719719449567,0.0039452795480793825,0.019482748506964322
24861,0.03873074713586766,0.018705472702500753,0.9425637801616317
24862,0.9767325439524893,0.0011086176740401795,0.02215883837347105
24863,0.9845403785374635,0.006207186187119045,0.009252435275418547
24864,0.9220337772036996,0.005826889509514177,0.07213933328678572
24865,0.8371247903725352,0.04874372608943275,0.11413148353803168
24866,0.13246393892274433,0.007060712241486666,0.8604753488357689
24867,0.9708529323201147,0.002831718360931571,0.026315349318954143
24868,0.6834290894493229,0.01576167725252887,0.3008092332981476
24869,0.8974391241486643,0.007854082886463639,0.09470679296487136
24870,0.9249811841631612,0.006517827080145455,0.06850098875669285
24871,0.9612738611060934,0.016371348483476173,0.022354790410431168
24872,0.8299224632809902,0.06515214505424653,0.10492539166476325
24873,0.9873329661537156,0.0031415020304230625,0.00952553181586189
24874,0.9348983353895635,0.007331525852892234,0.05777013875754428
24875,0.06138701224025375,0.03791224551169912,0.9007007422480471
24876,0.11832918810306388,0.014536414671276941,0.8671343972256591
24877,0.965674772091107,0.0079627675930407,0.026362460315853396
24878,0.9754932090037249,0.00973544308618577,0.014771347910089109
24879,0.8933937803662786,0.012056090803858402,0.0945501288298629
24880,0.5183524791536305,0.0930993399066641,0.38854818093970556
24881,0.9728932275427951,0.0030473194204579477,0.024059453036747842
24882,0.8872401573746782,0.02572852820575763,0.08703131441956419
24883,0.9710783299478184,0.007389530402875702,0.02153213964930589
24884,0.8372692084530715,0.010086010500776892,0.15264478104615192
24885,0.24469289496993285,0.29828969575602693,0.45701740927404
24886,0.8312949079214381,0.044706513761597115,0.12399857831696447
24887,0.18228183565203274,0.08888046450675761,0.7288376998412098
24888,0.9824809962235193,0.006656557240473733,0.010862446536007314
24889,0.8762588895457716,0.03414303681395544,0.08959807364027225
24890,0.2895105950568943,0.06606256763618312,0.6444268373069225
24891,0.9348359180223845,0.008518797508712898,0.05664528446890195
24892,0.7699188709207738,0.0031156259351741143,0.2269655031440521
24893,0.9717697208941418,0.005970558863786834,0.022259720242070905
24894,0.9423129815790986,0.008102388190609966,0.049584630230292026
24895,0.971711191900629,0.002904399157299528,0.025384408942072004
24896,0.9821771753986264,0.004450334054433664,0.01337249054694066
24897,0.9624593656716331,0.009626080243779063,0.02791455408458888
24898,0.9538092754351929,0.01172063700626853,0.034470087558538594
24899,0.7565732160921157,0.00870632322980311,0.23472046067808147
24900,0.7714804584921288,0.013638723362250822,0.21488081814562093
24901,0.8125770514833878,0.004635703828861969,0.18278724468775082
24902,0.9695954911574725,0.0036409851169412932,0.02676352372558629
24903,0.9635180401076171,0.020831238687544613,0.015650721204838302
24904,0.021202790682847097,0.00550918096705942,0.9732880283500935
24905,0.780286385973433,0.0069304004951916956,0.2127832135313754
24906,0.9681808478237269,0.0028883468268628247,0.028930805349410303
24907,0.9776092114767342,0.0034009900628528245,0.01898979846041354
24908,0.5432619122638935,0.08187790887517389,0.37486017886093265
24909,0.407456893834009,0.06480152753316533,0.5277415786328252
24910,0.3413537427335854,0.0589960630387239,0.5996501942276908
24911,0.9303803775368434,0.017634975056382566,0.051984647406774415
24912,0.9037992480721385,0.004746940395794333,0.09145381153206747
24913,0.9629356241764458,0.011387144604737913,0.025677231218816387
24914,0.8633452281812782,0.004489475105622595,0.13216529671309932
24915,0.9336362743333393,0.014169427491084392,0.052194298175576755
24916,0.8932220777419669,0.049443765742612625,0.057334156515420745
24917,0.4931407000137812,0.277198531862057,0.229660768124162
24918,0.9385527255552065,0.016414330077017876,0.045032944367776405
24919,0.07118591185558078,0.04948678202701482,0.8793273061174045
24920,0.7902740390994064,0.01415472287829193,0.19557123802230225
24921,0.9703897489566801,0.009784040463135983,0.019826210580184148
24922,0.9411836150968433,0.006451543484156437,0.05236484141900026
24923,0.9704070806000876,0.0032116870488601776,0.02638123235105225
24924,0.9684520051983528,0.0086113971475986,0.02293659765404906
24925,0.9723694490249621,0.006559458048342778,0.021071092926694856
24926,0.9492214808396923,0.01556338515298472,0.03521513400732347
24927,0.9464247189900373,0.012747509289795327,0.040827771720167216
24928,0.204256717288447,0.03525674797566406,0.7604865347358888
24929,0.9282454080639597,0.014822510976855264,0.05693208095918466
24930,0.9550707867235345,0.008013824610325196,0.036915388666140414
24931,0.9033693859277814,0.011321741313486951,0.08530887275873206
24932,0.6264741217059233,0.07305773705179303,0.30046814124228377
24933,0.04169871794871795,0.057777777777777775,0.9005235042735045
24934,0.9581074859157087,0.007514799228163202,0.03437771485612795
24935,0.22356630502381913,0.012025851285971974,0.7644078436902094
24936,0.9403681347540779,0.007395563371980007,0.05223630187394181
24937,0.011813206184782819,0.0002666932875687306,0.9879201005276489
24938,0.9801303998284635,0.006820562621458162,0.013049037550079435
24939,0.8738173224241255,0.013677913481370527,0.112504764094504
24940,0.515903074481801,0.02046736905347475,0.4636295564647244
24941,0.5680946084197233,0.004540738439667931,0.427364653140609
24942,0.6664316599213446,0.005525625709786161,0.32804271436886856
24943,0.49186014486169777,0.10068189184242844,0.40745796329587364
24944,0.9736997212725087,0.009172945491097262,0.017127333236394017
24945,0.962657272406439,0.018010709974811936,0.019332017618750096
24946,0.9654228578039238,0.014378377198550556,0.020198764997525483
24947,0.052970490463622504,0.003225569821458704,0.9438039397149187
24948,0.27778738085312216,0.08820295887419198,0.6340096602726863
24949,0.9649861892310937,0.003161294660213251,0.03185251610869416
24950,0.855592736678325,0.016377789857194965,0.1280294734644803
24951,0.9035900954741997,0.01445801867260685,0.08195188585319305
24952,0.9262370068445775,0.009406619788500846,0.06435637336692263
24953,0.29945296794766735,0.004682491771991755,0.6958645402803411
24954,0.913790093610476,0.006833513197184027,0.07937639319234106
24955,0.5453333368311837,0.05563210463523768,0.3990345585335785
24956,0.9096278451514765,0.012483174063236725,0.07788898078528744
24957,0.9438897430515097,0.007023207488988176,0.04908704945950196
24958,0.9792086331104071,0.0023375582628168325,0.01845380862677551
24959,0.849500700987496,0.040186808915188305,0.11031249009731607
24960,0.9183744485810817,0.00802161440083256,0.073603937018087
24961,0.5950993558284583,0.02311313498417887,0.3817875091873626
24962,0.9623890521385576,0.012162299541782466,0.025448648319659872
24963,0.049949286444914115,0.0005190112960522718,0.949531702259034
24964,0.9561356586952828,0.007050987384650595,0.036813353920067196
24965,0.627170298495017,0.013846218038112491,0.3589834834668708
24966,0.48544682110613413,0.17850724629616,0.3360459325977059
24967,0.6682113622750324,0.18134220879220286,0.15044642893276458
24968,0.8246589375990214,0.02122946822825351,0.15411159417272502
24969,0.7137420338563547,0.04052818880340151,0.24572977734024373
24970,0.1324834062988882,0.23073746557915958,0.6367791281219524
24971,0.8925690894359517,0.0077065712476991595,0.0997243393163483
24972,0.9822543798059246,0.002221139823868828,0.015524480370206772
24973,0.3187549612950396,0.011639504059916355,0.669605534645044
24974,0.7762618072224069,0.010631951265462267,0.21310624151213037
24975,0.5931758240713276,0.03405068076437535,0.3727734951642969
24976,0.4676703916664141,0.13696876713509729,0.3953608411984886
24977,0.899877513339012,0.006327643806942262,0.09379484285404623
24978,0.8272097938742647,0.021006917130431672,0.15178328899530394
24979,0.8964672849260346,0.012430430333449738,0.09110228474051515
24980,0.7577960637986749,0.014555583435807096,0.2276483527655176
24981,0.9342297414075947,0.005104551356734898,0.06066570723567077
24982,0.9774627770724478,0.002774004530370422,0.019763218397182522
24983,0.08633968495327048,0.02186310239567884,0.8917972126510515
24984,0.7855640836401577,0.009524438645858377,0.20491147771398396
24985,0.7644180497686398,0.008253280467689167,0.2273286697636712
24986,0.020267363562286624,0.007044396185086341,0.9726882402526269
24987,0.045831924692724485,0.0009937341760789134,0.9531743411311968
24988,0.843074953604469,0.019129385807042792,0.13779566058848935
24989,0.8392849740229563,0.04652402333008066,0.114191002646963
24990,0.591265354162236,0.14278290230835797,0.26595174352940626
24991,0.20725085125484044,0.11595263758899502,0.6767965111561646
24992,0.05217302883309678,0.008610025881697706,0.9392169452852056
24993,0.9665677072142677,0.006622306205804573,0.026809986579927857
24994,0.8979471486034752,0.008046413409419036,0.09400643798710595
24995,0.9573724781086558,0.007458285957945759,0.03516923593339743
24996,0.36365082920406805,0.06747572847928988,0.568873442316642
24997,0.8358222283295982,0.030288444320726093,0.1338893273496758
24998,0.04418657311258811,0.03333129105170398,0.9224821358357084
24999,0.95078902020128,0.007329238459287681,0.041881741339432434
