id,Status_C,Status_CL,Status_D
15000,0.90837973,0.0112608345,0.080359414
15001,0.86172885,0.0070253084,0.13124587
15002,0.97589463,0.0099266665,0.014178669
15003,0.9041772,0.053983137,0.04183966
15004,0.2143895,0.0005765225,0.78503394
15005,0.9573394,0.020961521,0.021699112
15006,0.36169264,0.015942125,0.62236524
15007,0.42729095,0.016320717,0.5563883
15008,0.92824954,0.004433901,0.067316525
15009,0.98855805,0.005743675,0.005698274
15010,0.99499774,0.0006952917,0.0043069473
15011,0.11519207,0.014917781,0.86989015
15012,0.93229264,0.005152882,0.062554434
15013,0.9747074,0.002909815,0.022382807
15014,0.95345014,0.002807135,0.043742735
15015,0.59670836,0.20180543,0.2014862
15016,0.9881314,0.0016203435,0.010248273
15017,0.83397096,0.0063431007,0.15968591
15018,0.9938021,7.4610856e-05,0.006123232
15019,0.9835571,0.00042358675,0.016019305
15020,0.9670906,0.008079384,0.024829967
15021,0.9532313,0.00035029228,0.046418432
15022,0.012953279,0.0010633378,0.98598343
15023,0.10892859,0.0008081974,0.8902632
15024,0.9470007,0.00080019736,0.052199088
15025,0.21644606,0.0008233104,0.78273064
15026,0.9783172,0.016808037,0.004874795
15027,0.92455715,0.019205067,0.056237813
15028,0.60577834,0.040608525,0.35361314
15029,0.1479442,0.0041814074,0.8478744
15030,0.9367243,0.0020472254,0.061228443
15031,0.93341416,0.034766328,0.03181949
15032,0.8504635,0.04985305,0.09968347
15033,0.8088521,0.0047280253,0.18641996
15034,0.739221,0.0154783055,0.24530074
15035,0.92665935,0.0075636846,0.065776944
15036,0.96792006,0.019295594,0.012784302
15037,0.8691226,0.0071994853,0.12367789
15038,0.93998915,0.0043916083,0.05561924
15039,0.9795681,0.00488185,0.015550073
15040,0.9782693,0.0113125825,0.010418211
15041,0.015340914,0.028238656,0.9564205
15042,0.9610028,0.006100902,0.03289626
15043,0.8349245,0.016425962,0.1486495
15044,0.9520549,0.00384786,0.044097196
15045,0.96570635,0.011834361,0.022459308
15046,0.4242892,0.0021185975,0.5735922
15047,0.868825,0.039591786,0.091583245
15048,0.9448674,0.012498575,0.042634033
15049,0.94393957,0.004610465,0.051449925
15050,0.66453815,0.00030777347,0.33515403
15051,0.9830047,0.004901065,0.012094317
15052,0.96297777,0.01924022,0.01778199
15053,0.29065907,0.025339017,0.6840019
15054,0.014604348,0.00074606005,0.9846496
15055,0.77520907,0.0041017397,0.22068913
15056,0.8089744,0.0064284797,0.18459716
15057,0.2937337,0.00022511133,0.70604116
15058,0.99487716,0.00041869032,0.0047041522
15059,0.4616114,0.031215886,0.5071727
15060,0.024169961,0.004180531,0.9716495
15061,0.55464613,0.005479653,0.43987417
15062,0.7213115,0.015434243,0.26325423
15063,0.8195082,0.009762324,0.17072953
15064,0.39232114,0.002070878,0.60560805
15065,0.96346426,0.004185367,0.032350373
15066,0.98723453,0.006432594,0.006332872
15067,0.10747284,0.15004534,0.7424818
15068,0.87640524,0.027608655,0.09598616
15069,0.36487228,0.1047457,0.530382
15070,0.90792257,0.01738897,0.074688464
15071,0.9092176,0.018942222,0.07184013
15072,0.013606166,0.01321321,0.97318065
15073,0.9028066,0.005500925,0.09169253
15074,0.66780406,0.022435118,0.3097608
15075,0.8656165,0.09204642,0.04233707
15076,0.8622861,0.02352039,0.11419355
15077,0.96268857,0.004346002,0.032965425
15078,0.89664483,0.0092395805,0.094115585
15079,0.009110354,0.0003186512,0.990571
15080,0.7387635,0.013398773,0.24783775
15081,0.984504,0.0130961025,0.0023999219
15082,0.9814559,0.0003043543,0.01823975
15083,0.681683,0.108319096,0.2099979
15084,0.8897713,0.04097572,0.069252945
15085,0.9383318,0.010687512,0.050980706
15086,0.2245256,0.043353308,0.73212105
15087,0.43218428,0.149816,0.41799968
15088,0.012423501,0.0058573987,0.9817191
15089,0.119222336,0.117230326,0.7635473
15090,0.9942334,0.0038931284,0.0018734115
15091,0.98750967,0.0037623886,0.008727966
15092,0.9299552,0.024839567,0.045205254
15093,0.24149196,0.0083180405,0.75019
15094,0.0044697984,6.664672e-05,0.99546355
15095,0.08361609,0.0049572005,0.91142666
15096,0.9492969,0.00280446,0.047898717
15097,0.862793,0.00044104844,0.13676593
15098,0.97684085,0.003767959,0.019391147
15099,0.9346588,0.0018071489,0.06353398
15100,0.8881087,0.0059859836,0.105905384
15101,0.97267413,0.0031691417,0.024156753
15102,0.93756217,0.0019879343,0.060449854
15103,0.1439698,0.009010945,0.8470193
15104,0.3577709,0.052989177,0.5892399
15105,0.043884315,0.008464375,0.9476514
15106,0.07019725,0.00036329794,0.9294394
15107,0.9600007,0.004074928,0.035924375
15108,0.9772534,0.00060964766,0.022137035
15109,0.9600353,0.0021560844,0.037808646
15110,0.263682,0.037947766,0.6983702
15111,0.19637369,0.003082692,0.80054367
15112,0.52776426,0.0032739672,0.46896175
15113,0.98347306,0.0008347904,0.01569216
15114,0.9471748,0.021808507,0.031016681
15115,0.9172831,0.022405332,0.06031153
15116,0.8270337,0.0051883305,0.16777796
15117,0.82794833,0.003580057,0.16847156
15118,0.98275244,0.005067443,0.012180052
15119,0.90324444,0.00043282128,0.09632271
15120,0.23922902,0.023081023,0.73769
15121,0.5735149,0.24264689,0.1838382
15122,0.50326896,0.0065983143,0.49013272
15123,0.5192101,0.004453791,0.4763361
15124,0.0057632937,0.015354155,0.9788825
15125,0.08333492,0.0011212829,0.9155438
15126,0.73707646,0.012277198,0.25064635
15127,0.6369201,0.24542351,0.11765638
15128,0.9649751,0.00083367,0.03419123
15129,0.9188468,0.007615212,0.07353799
15130,0.1491902,0.0023709994,0.8484388
15131,0.38992625,0.015940992,0.5941328
15132,0.8945017,0.008944133,0.09655418
15133,0.87684834,0.02542325,0.0977284
15134,0.82838356,0.008051707,0.16356477
15135,0.91401476,0.019026961,0.06695833
15136,0.39166316,0.02289451,0.58544236
15137,0.9067817,0.026471153,0.06674725
15138,0.11836854,0.06440823,0.8172232
15139,0.8043275,0.006179585,0.18949294
15140,0.8639724,0.0041079526,0.13191962
15141,0.5639084,0.10650907,0.32958254
15142,0.8638057,0.0026988443,0.13349551
15143,0.9423363,0.04173965,0.015924059
15144,0.009311246,0.0019903802,0.9886983
15145,0.032270193,0.0003058709,0.9674239
15146,0.014860914,0.0012115436,0.98392755
15147,0.87664115,0.087414496,0.035944372
15148,0.7304936,0.006416357,0.26309007
15149,0.95165664,0.00085476023,0.04748862
15150,0.11831741,0.00086243154,0.88082016
15151,0.19688272,0.008655919,0.79446137
15152,0.41165543,0.010729262,0.57761526
15153,0.9897664,0.0008862124,0.009347374
15154,0.7411347,0.07987279,0.17899252
15155,0.95836496,0.00967613,0.031958923
15156,0.69979465,0.016879901,0.2833254
15157,0.8490031,0.012408882,0.13858806
15158,0.11995995,0.013038135,0.86700195
15159,0.9907742,0.0026938687,0.006531895
15160,0.9585494,0.002116602,0.039334003
15161,0.0060337866,0.00020445166,0.9937617
15162,0.81821805,0.06223317,0.11954873
15163,0.32126516,0.2601014,0.4186335
15164,0.94917,0.00621773,0.04461227
15165,0.94104004,0.005122187,0.053837754
15166,0.97373205,0.0034823641,0.02278556
15167,0.08884482,0.033127178,0.878028
15168,0.6340421,0.1575049,0.208453
15169,0.26754537,0.015591776,0.71686286
15170,0.95925605,0.0028452666,0.037898645
15171,0.941846,0.0048603923,0.05329363
15172,0.12908715,0.47565004,0.3952628
15173,0.9812851,0.009552049,0.009162817
15174,0.9686423,0.0076750643,0.023682643
15175,0.742034,0.0053641996,0.25260174
15176,0.22690931,0.04002189,0.7330688
15177,0.9676519,0.00850739,0.023840789
15178,0.07228984,0.07819464,0.8495155
15179,0.29963213,0.0019957619,0.69837207
15180,0.9502114,0.010774341,0.039014246
15181,0.79826176,0.0016119893,0.20012625
15182,0.9327717,0.0063258503,0.060902447
15183,0.9716627,0.008046866,0.020290378
15184,0.66992795,0.0057223793,0.3243497
15185,0.08334291,0.004388985,0.9122681
15186,0.8886883,0.009988274,0.101323426
15187,0.35017133,0.0005130054,0.64931566
15188,0.8888728,0.0014369319,0.109690316
15189,0.96388507,0.0043819034,0.031733014
15190,0.9241049,0.005409929,0.070485115
15191,0.9529926,0.017228544,0.029778883
15192,0.96421736,0.0039474904,0.031835206
15193,0.99283904,0.00068795163,0.0064730397
15194,0.37463984,0.12347138,0.5018888
15195,0.9379415,0.0008502878,0.061208244
15196,0.3401823,0.07721112,0.5826066
15197,0.80611473,0.025004154,0.16888113
15198,0.9209087,0.011048032,0.0680433
15199,0.9258753,0.029099366,0.045025352
15200,0.6537386,0.038852762,0.30740863
15201,0.60660875,0.04620703,0.34718424
15202,0.8926393,0.004347305,0.1030134
15203,0.975806,0.010302452,0.013891581
15204,0.8265825,0.032227345,0.1411902
15205,0.93069136,0.039966863,0.02934179
15206,0.9517145,0.022910304,0.025375158
15207,0.31192005,0.0492993,0.63878065
15208,0.05660911,0.0017412546,0.9416497
15209,0.956133,0.020825103,0.023041913
15210,0.9423215,0.002774584,0.054903973
15211,0.95079744,0.0077294563,0.04147308
15212,0.56327367,0.003832334,0.43289396
15213,0.83421713,0.030062389,0.13572052
15214,0.5463278,0.0029334046,0.4507387
15215,0.8035423,0.03861249,0.15784524
15216,0.031456977,0.0036793419,0.9648637
15217,0.98948574,0.0018729307,0.008641344
15218,0.39851868,0.008265873,0.59321547
15219,0.8131388,0.012328429,0.17453277
15220,0.8323827,0.014460229,0.15315706
15221,0.93523914,0.009448801,0.055312052
15222,0.0112535,0.00020951648,0.98853695
15223,0.28511187,0.23562251,0.4792656
15224,0.33192742,0.002596835,0.6654757
15225,0.9307944,0.0014864487,0.06771908
15226,0.7247149,0.0032822606,0.27200282
15227,0.9945068,0.0030352299,0.0024579805
15228,0.94145226,0.0061023617,0.052445326
15229,0.961576,0.003157937,0.035266124
15230,0.17072688,0.018811854,0.8104613
15231,0.9415622,0.005870243,0.052567605
15232,0.96802527,0.027647281,0.004327429
15233,0.10320087,0.0056500933,0.89114904
15234,0.011938469,0.0021683672,0.98589313
15235,0.00320596,0.00040832875,0.9963857
15236,0.8766871,0.076299235,0.047013633
15237,0.8120911,0.036588825,0.1513201
15238,0.7958972,0.004129095,0.19997376
15239,0.057275094,0.0009831617,0.94174176
15240,0.8122926,0.009604364,0.17810307
15241,0.0027300052,3.36355e-05,0.9972364
15242,0.88865083,0.0089582,0.10239093
15243,0.9533586,0.007900975,0.038740482
15244,0.29711506,0.027427819,0.6754571
15245,0.84160554,0.0019136921,0.15648079
15246,0.9701524,0.0031675207,0.026680049
15247,0.96026003,0.003063654,0.036676284
15248,0.93889415,0.016799005,0.044306897
15249,0.0035601126,0.0006161847,0.99582374
15250,0.7040456,0.041316573,0.25463787
15251,0.9566015,0.0047130566,0.03868545
15252,0.49261972,0.0023196193,0.5050607
15253,0.9851415,0.00087433687,0.013984168
15254,0.98964804,0.008823176,0.0015288404
15255,0.9659254,0.010341014,0.023733541
15256,0.986292,0.00062207767,0.013085862
15257,0.08882879,0.004361406,0.9068098
15258,0.96984583,0.02176254,0.008391555
15259,0.9790639,0.0126131,0.008323027
15260,0.9869164,0.0048543224,0.0082293
15261,0.95003086,0.030669825,0.019299386
15262,0.8992958,0.016945986,0.08375824
15263,0.866883,0.0066773975,0.12643969
15264,0.8648778,0.033662464,0.101459734
15265,0.27074856,0.019399615,0.70985186
15266,0.8796544,0.068717465,0.051628113
15267,0.98833734,0.0037611276,0.007901507
15268,0.9714149,0.010735036,0.017849987
15269,0.9323486,0.0034786332,0.06417276
15270,0.92977536,0.0030649933,0.067159675
15271,0.9737163,0.0031839355,0.023099773
15272,0.038234524,0.0031970553,0.95856845
15273,0.97532165,0.0054446873,0.019233696
15274,0.21958502,0.32787135,0.45254365
15275,0.018813157,0.0033122974,0.9778746
15276,0.92964625,0.0045720553,0.06578172
15277,0.054291226,0.0033751284,0.94233364
15278,0.0012024777,1.2467009e-06,0.9987962
15279,0.99605995,0.0016943752,0.002245635
15280,0.017175334,0.0023661363,0.9804585
15281,0.87102205,0.002264176,0.12671374
15282,0.80966,0.00033992188,0.19000009
15283,0.44201156,0.11968074,0.4383077
15284,0.96553093,0.0059018764,0.028567195
15285,0.6476784,0.0036979732,0.3486237
15286,0.8901589,0.034609646,0.07523144
15287,0.95086867,0.027986389,0.021144912
15288,0.78716236,0.03770061,0.17513704
15289,0.909516,0.010503245,0.07998075
15290,0.67219615,0.011437331,0.3163665
15291,0.9100221,0.013646556,0.07633136
15292,0.7138846,0.009669913,0.27644548
15293,0.0034891283,0.002755441,0.99375546
15294,0.022979753,0.0025029785,0.9745173
15295,0.9740452,0.0036135865,0.022341166
15296,0.8798024,0.005254016,0.114943534
15297,0.92835206,0.025767276,0.04588063
15298,0.11610887,0.2629097,0.6209814
15299,0.113881625,0.05899766,0.8271207
15300,0.059048582,0.019756546,0.9211949
15301,0.96896356,0.0012932037,0.029743265
15302,0.6285768,0.06020345,0.3112197
15303,0.01009367,0.062254854,0.9276515
15304,0.98356885,0.0055590193,0.010872095
15305,0.8996419,0.009277614,0.091080576
15306,0.8640163,0.01905453,0.11692913
15307,0.9403492,0.0032412852,0.05640952
15308,0.890729,0.10120981,0.008061126
15309,0.018585987,0.00022214303,0.98119193
15310,0.9944043,0.0005176537,0.0050779805
15311,0.88979703,0.0011114399,0.10909153
15312,0.07531025,0.46998522,0.45470452
15313,0.97763205,0.0045923055,0.017775694
15314,0.97145116,0.0032141705,0.025334677
15315,0.9962613,0.0012970011,0.0024416875
15316,0.91271526,0.039750192,0.04753451
15317,0.013548208,2.665524e-05,0.98642516
15318,0.9599226,0.0014389674,0.038638495
15319,0.46481657,0.090308264,0.44487518
15320,0.85277236,0.07293532,0.07429237
15321,0.009735361,5.5602286e-05,0.990209
15322,0.9900439,0.0037879704,0.0061681517
15323,0.95801747,0.021416815,0.020565702
15324,0.9703673,0.004027505,0.02560516
15325,0.9706906,0.0044944924,0.024814906
15326,0.4360414,0.007355739,0.5566029
15327,0.8745547,0.009673977,0.11577137
15328,0.99026006,0.005895966,0.0038439874
15329,0.31399527,0.0006674317,0.6853373
15330,0.928528,0.006134971,0.06533697
15331,0.13597953,0.0056905188,0.85832995
15332,0.98205316,0.0025868954,0.015359903
15333,0.96903867,0.01143085,0.019530557
15334,0.9954978,0.00055491505,0.0039473157
15335,0.9141439,0.05380825,0.032047823
15336,0.053572588,0.00053991214,0.9458875
15337,0.9281019,0.0026666238,0.06923153
15338,0.10096534,0.0015841409,0.8974505
15339,0.9938232,0.0019360997,0.0042407643
15340,0.15821368,0.007144869,0.83464146
15341,0.08926331,0.09690879,0.8138279
15342,0.96309704,0.002787155,0.034115832
15343,0.62636447,0.0076447604,0.36599076
15344,0.8273051,0.004626518,0.1680684
15345,0.022015896,0.0027557465,0.97522837
15346,0.9127594,0.036083125,0.05115748
15347,0.88537055,0.024171097,0.090458326
15348,0.9394042,0.007650234,0.052945536
15349,0.99061114,0.0006728004,0.008716056
15350,0.9510797,0.017848006,0.031072274
15351,0.94541025,0.029850157,0.024739612
15352,0.98292255,0.009411476,0.0076659624
15353,0.007383813,0.010191261,0.9824249
15354,0.23078652,0.4353962,0.3338173
15355,0.96348673,0.01117824,0.025335059
15356,0.958867,0.03540219,0.005730769
15357,0.95007646,0.0083553,0.041568182
15358,0.99214184,0.0030837175,0.0047743926
15359,0.4757204,0.006132906,0.5181467
15360,0.84758765,0.0025628868,0.1498495
15361,0.89263237,0.0053261314,0.10204148
15362,0.8460387,0.002780055,0.15118131
15363,0.9791398,0.002682321,0.018177848
15364,0.98756206,0.0005022639,0.0119356625
15365,0.86842406,0.030392615,0.101183295
15366,0.9688474,0.005995332,0.025157329
15367,0.117296666,0.0025175929,0.8801857
15368,0.78536516,0.049908545,0.16472624
15369,0.9623537,0.010192859,0.027453454
15370,0.29345822,0.00090921903,0.70563257
15371,0.17821136,0.002377734,0.8194109
15372,0.9680618,0.0016538958,0.030284313
15373,0.6410506,0.044368114,0.31458127
15374,0.028272845,0.00380319,0.967924
15375,0.9675395,0.0035055426,0.02895499
15376,0.012880974,0.0026515312,0.9844675
15377,0.9631467,0.002266892,0.03458639
15378,0.2283122,0.019295072,0.75239277
15379,0.3215418,0.21448569,0.46397257
15380,0.7590282,0.0072126095,0.23375924
15381,0.28617018,0.0055675176,0.70826226
15382,0.9744213,0.0007333125,0.024845341
15383,0.96804506,0.0027937957,0.029161092
15384,0.7999496,0.00047553156,0.19957493
15385,0.5724629,0.070346,0.35719106
15386,0.8885351,0.0037814379,0.10768355
15387,0.8339655,0.0046737255,0.16136076
15388,0.9113945,0.08510846,0.0034969936
15389,0.046594817,0.010591761,0.94281346
15390,0.0539115,0.013690411,0.932398
15391,0.17148079,0.69930404,0.12921512
15392,0.048873957,0.1902638,0.76086223
15393,0.85128313,0.015061613,0.13365522
15394,0.8447289,0.016983543,0.13828756
15395,0.92358077,0.006331951,0.070087284
15396,0.9853806,0.00030530192,0.014314073
15397,0.038383964,0.010008452,0.9516075
15398,0.98176503,0.003913591,0.014321371
15399,0.9898213,0.0030564172,0.0071222964
15400,0.97760916,0.0017284796,0.020662418
15401,0.65956026,0.01320165,0.3272381
15402,0.9942362,0.0008583836,0.004905439
15403,0.40616214,0.047182135,0.5466557
15404,0.012140396,5.7183082e-05,0.98780245
15405,0.024222871,0.0028626365,0.9729145
15406,0.928952,0.0016467731,0.069401294
15407,0.9584421,0.0021529251,0.039405026
15408,0.043994214,0.003619712,0.9523861
15409,0.5446101,0.004160531,0.45122942
15410,0.9488387,0.0005989523,0.050562397
15411,0.017647292,0.0005678588,0.9817848
15412,0.85471386,0.011983183,0.133303
15413,0.09975462,0.00045576046,0.89978963
15414,0.006635312,0.01070831,0.98265636
15415,0.9395497,0.00021733553,0.060232937
15416,0.77040654,0.01200719,0.21758623
15417,0.25662646,0.0026952089,0.7406783
15418,0.94806254,0.0014556546,0.050481774
15419,0.05562885,0.003498138,0.94087297
15420,0.75564724,0.0034682618,0.2408845
15421,0.655511,0.028215403,0.31627354
15422,0.0020745716,0.0006664462,0.9972589
15423,0.9862943,0.0019487232,0.011756935
15424,0.9210462,0.009856592,0.06909722
15425,0.9667581,0.020407246,0.012834662
15426,0.08487144,0.000579154,0.91454935
15427,0.84596384,0.0071975766,0.14683855
15428,0.9606801,0.016429376,0.022890545
15429,0.7072148,0.0036942596,0.28909102
15430,0.92976785,0.0010450725,0.0691871
15431,0.22187617,0.0069885915,0.7711352
15432,0.98296046,0.0007607731,0.01627874
15433,0.8208262,0.05295254,0.12622131
15434,0.93825525,0.0037803843,0.057964426
15435,0.0658483,0.010733213,0.9234185
15436,0.97737837,0.009353358,0.013268217
15437,0.94307756,0.0046859286,0.052236464
15438,0.9863862,0.008572753,0.005041
15439,0.98821986,0.0009745253,0.010805627
15440,0.0010160005,8.825343e-05,0.99889576
15441,0.9789044,0.000845533,0.020249985
15442,0.9030404,0.0072748694,0.08968466
15443,0.061813757,0.00043306957,0.93775314
15444,0.91550064,0.0027786077,0.081720725
15445,0.82810783,0.006506113,0.16538608
15446,0.017555693,0.010093735,0.97235054
15447,0.98386395,0.0006793829,0.01545666
15448,0.9822697,0.012907389,0.004822851
15449,0.86891896,0.008947704,0.122133285
15450,0.054621052,0.32715926,0.6182197
15451,0.36959276,0.028591039,0.60181624
15452,0.011370527,0.018283451,0.970346
15453,0.6530919,0.019408502,0.32749957
15454,0.9437928,0.0172314,0.03897577
15455,0.005059891,0.00015497868,0.99478513
15456,0.74862546,0.0182316,0.23314294
15457,0.9888388,0.009995035,0.0011662327
15458,0.9909705,0.00012543106,0.0089040445
15459,0.82907605,0.0046880827,0.1662359
15460,0.9195686,0.011095309,0.06933613
15461,0.9868181,0.00035970527,0.012822257
15462,0.81053644,0.01828184,0.1711817
15463,0.8869905,0.049938977,0.06307053
15464,0.9374828,0.006001623,0.056515608
15465,0.9185464,0.0015066657,0.079947
15466,0.97727656,0.0010784189,0.021645028
15467,0.9784962,0.005348882,0.01615493
15468,0.83739007,0.010109699,0.15250018
15469,0.2378875,0.040034268,0.7220782
15470,0.9862109,0.002555253,0.011233842
15471,0.7689542,0.017870624,0.21317516
15472,0.42522725,0.22966364,0.34510908
15473,0.9157233,0.0042486996,0.08002798
15474,0.52655965,0.04361632,0.429824
15475,0.19325455,0.015918039,0.79082745
15476,0.9134918,0.0067446134,0.0797636
15477,0.89472395,0.016156172,0.0891199
15478,0.9107894,0.00036580683,0.0888448
15479,0.30375078,0.08755767,0.6086915
15480,0.053915214,0.0013177467,0.944767
15481,0.18851784,0.021895194,0.78958696
15482,0.9877774,0.0065453555,0.0056771827
15483,0.974944,0.016679706,0.008376384
15484,0.94755495,0.00051782,0.051927235
15485,0.9335088,0.012073537,0.054417655
15486,0.1918664,0.16255812,0.6455755
15487,0.740067,0.15142326,0.108509704
15488,0.1590328,0.009809092,0.8311581
15489,0.579704,0.00477683,0.4155192
15490,0.8980698,0.0058399094,0.09609031
15491,0.6534252,0.09802714,0.24854767
15492,0.95204127,0.0011680053,0.04679069
15493,0.82200974,0.06638864,0.1116016
15494,0.0041090194,0.00056741334,0.9953236
15495,0.6509532,0.0011399344,0.34790695
15496,0.9952112,0.0008948648,0.0038939607
15497,0.97392786,0.0015328706,0.024539266
15498,0.8646248,0.0095438,0.12583135
15499,0.98634803,0.0015842662,0.012067725
15500,0.08682448,0.002566207,0.91060936
15501,0.9719365,0.00083141145,0.027232101
15502,0.50097966,0.0048586903,0.4941617
15503,0.97486705,4.1896925e-05,0.025091011
15504,0.8237073,0.008221377,0.1680713
15505,0.8165127,0.13371862,0.04976866
15506,0.9810493,0.0032018144,0.015748862
15507,0.8968768,0.010444901,0.09267834
15508,0.9626864,0.011687553,0.025626019
15509,0.95963985,0.0023916408,0.03796851
15510,0.18589754,0.0095617855,0.80454063
15511,0.9649133,0.00014516481,0.034941547
15512,0.052526575,0.013981035,0.93349236
15513,0.20446332,0.008119745,0.7874169
15514,0.018585213,0.0040098126,0.977405
15515,0.9455169,0.003464408,0.051018678
15516,0.2922659,0.010413507,0.69732064
15517,0.97289747,0.008264499,0.018838052
15518,0.24110611,0.007154381,0.7517395
15519,0.7432567,0.08328442,0.17345889
15520,0.9462444,0.00059394614,0.05316166
15521,0.82728386,0.0061544213,0.16656171
15522,0.9644988,0.0012416949,0.03425944
15523,0.7651705,0.16485776,0.069971755
15524,0.17511807,0.007505391,0.81737655
15525,0.0024027114,0.0003808729,0.99721634
15526,0.5414101,0.024953207,0.43363672
15527,0.22713503,0.024517283,0.7483477
15528,0.88096106,0.06957034,0.049468655
15529,0.085886024,0.19954526,0.71456873
15530,0.44333646,0.004814602,0.55184895
15531,0.039996468,0.0004658539,0.95953774
15532,0.9004096,0.07319517,0.02639528
15533,0.03251507,5.107078e-05,0.9674338
15534,0.9256779,0.016266748,0.058055375
15535,0.963533,0.0031472666,0.033319704
15536,0.98213875,0.00081313244,0.017048182
15537,0.98422885,0.0011344723,0.014636729
15538,0.38761604,0.015470923,0.59691304
15539,0.592291,0.25063473,0.15707424
15540,0.9599719,0.006066731,0.033961385
15541,0.00021525029,0.00015537157,0.9996294
15542,0.97170174,0.0015568562,0.026741441
15543,0.009067049,0.0021784392,0.9887545
15544,0.15604989,0.0013444108,0.84260565
15545,0.91057354,0.01055155,0.07887485
15546,0.9489309,0.0033098063,0.04775926
15547,0.0062454673,0.050310433,0.94344413
15548,0.7795905,0.17188583,0.048523642
15549,0.98302597,0.013083427,0.0038906415
15550,0.92248976,0.013145259,0.06436504
15551,0.85710096,0.009446408,0.13345267
15552,0.8715563,0.02727045,0.10117324
15553,0.9332689,0.014629031,0.05210213
15554,0.8039765,0.11131521,0.08470824
15555,0.9735044,0.0052002394,0.021295303
15556,0.9929132,0.0017449657,0.005341846
15557,0.04327084,0.0039865067,0.9527426
15558,0.79310936,0.07726297,0.1296277
15559,0.5510072,0.012772165,0.43622065
15560,0.26583016,0.32107043,0.4130994
15561,0.1224617,0.00076243986,0.87677586
15562,0.9516981,0.0016379844,0.046663884
15563,0.66382176,0.0042515267,0.33192673
15564,0.95626587,0.023098985,0.020635169
15565,0.59103954,0.1579866,0.25097388
15566,0.94374007,0.0012757304,0.054984275
15567,0.93158895,0.0013381063,0.067072965
15568,0.76921767,0.07696991,0.15381238
15569,0.9443371,0.004804778,0.050858058
15570,0.7024151,0.004053088,0.29353175
15571,0.83331144,0.005900247,0.16078833
15572,0.93003184,0.004936253,0.06503195
15573,0.6491393,0.1180086,0.2328521
15574,0.95543617,0.0025226471,0.042041194
15575,0.9703922,0.0061110007,0.02349682
15576,0.92646974,0.0043076584,0.06922257
15577,0.0058790436,0.0013475514,0.9927735
15578,0.14756711,0.031386275,0.82104665
15579,0.6002449,0.35389268,0.04586243
15580,0.91124934,0.0016410631,0.087109596
15581,0.7790542,0.15074956,0.07019626
15582,0.9582845,0.012768167,0.028947346
15583,0.07513665,0.00015216217,0.92471117
15584,0.94236094,0.013666922,0.043972105
15585,0.13195473,0.010830062,0.8572152
15586,0.5464323,0.32302132,0.13054633
15587,0.957208,0.0022089917,0.04058299
15588,0.86006147,0.0021118724,0.13782664
15589,0.069651544,0.00080364605,0.92954475
15590,0.7306758,0.042731375,0.22659276
15591,0.0010083476,0.00013838385,0.9988532
15592,0.8492782,0.10960489,0.04111691
15593,0.1865006,0.006105766,0.8073936
15594,0.64433503,0.051675685,0.30398926
15595,0.9916059,0.005111432,0.0032826765
15596,0.96137416,0.010370623,0.02825524
15597,0.9698308,0.0010211535,0.029148052
15598,0.11226827,0.008851794,0.87887996
15599,0.9237484,0.008883923,0.06736772
15600,0.8344748,0.0124618905,0.1530633
15601,0.9665658,0.006385625,0.027048584
15602,0.8358412,0.0016170808,0.16254179
15603,0.5632077,0.020653887,0.4161384
15604,0.016601311,0.0021621815,0.9812366
15605,0.9290522,0.00012376432,0.07082412
15606,0.9748376,0.00095690595,0.024205487
15607,0.9948442,0.000106281834,0.0050494582
15608,0.006632019,0.00023772004,0.99313027
15609,0.0516789,0.004501678,0.94381946
15610,0.0954826,0.00035364783,0.9041638
15611,0.07555128,0.15260549,0.7718432
15612,0.6169779,0.06061887,0.32240328
15613,0.7258528,0.019902505,0.2542447
15614,0.909936,0.0023228496,0.08774117
15615,0.36625257,0.021179952,0.6125675
15616,0.9495211,0.0014488315,0.0490301
15617,0.97234905,0.0062505123,0.021400372
15618,3.359322e-05,6.0452608e-06,0.9999603
15619,0.9515235,0.004167095,0.04430949
15620,0.98932844,0.0051635476,0.0055080173
15621,0.97336674,0.019377943,0.007255348
15622,0.68067986,0.022983596,0.29633656
15623,0.3952175,0.019452443,0.58533
15624,0.0029644945,1.8974082e-05,0.99701655
15625,0.16139181,0.0007887742,0.8378194
15626,0.16694443,0.0063071093,0.82674843
15627,0.018435042,0.00044861346,0.9811164
15628,0.5022587,0.027002212,0.4707391
15629,0.9212283,0.05394918,0.024822492
15630,0.22425155,0.024590457,0.751158
15631,0.010849389,0.0019381305,0.9872125
15632,0.8776252,0.04021231,0.08216243
15633,0.67351985,0.047680475,0.2787997
15634,0.7259005,0.0026343416,0.2714652
15635,0.029111061,0.014955958,0.955933
15636,0.9470245,0.016842173,0.036133334
15637,0.9724415,0.00433884,0.023219721
15638,0.8938066,0.0032434722,0.10294994
15639,0.43599358,0.20584069,0.3581657
15640,0.9801916,0.016111046,0.0036974072
15641,0.88968325,0.030253656,0.08006311
15642,0.9915245,0.003587314,0.0048881844
15643,0.0033866307,0.00266473,0.9939486
15644,0.44910666,0.15819888,0.3926945
15645,0.69158363,0.010613362,0.29780298
15646,0.023344414,0.0028786352,0.97377694
15647,0.3152164,0.09195695,0.59282666
15648,0.97516656,0.0010576214,0.023775844
15649,0.8565366,0.13937788,0.004085495
15650,0.9182254,0.00077936536,0.08099525
15651,0.9041486,0.010469798,0.08538169
15652,0.9347956,0.0077219806,0.057482425
15653,0.7028817,0.014876798,0.2822415
15654,0.05449549,0.012080731,0.9334238
15655,0.9061569,0.003917813,0.08992526
15656,0.6694832,0.006419246,0.32409757
15657,0.9807734,0.00064678525,0.018579846
15658,0.9682958,0.022783734,0.008920468
15659,0.99243283,0.001517827,0.006049314
15660,0.97888994,0.013785753,0.0073243272
15661,0.034651406,0.0023002343,0.9630484
15662,0.8702299,0.042689983,0.08708013
15663,0.76170003,0.034016985,0.20428292
15664,0.008940746,7.7094846e-05,0.9909821
15665,0.9749845,0.00088092126,0.024134493
15666,0.92339116,0.0062374775,0.0703713
15667,0.0375998,0.03712314,0.92527705
15668,0.9754414,0.00033769425,0.024220867
15669,0.0012701551,4.8298924e-05,0.9986815
15670,0.90473706,0.0024039033,0.09285906
15671,0.15665121,0.0067580114,0.83659077
15672,0.90688086,0.017574271,0.07554492
15673,0.022481075,0.0034731168,0.9740458
15674,0.79298,0.18186596,0.02515403
15675,0.45125195,0.010289074,0.53845894
15676,0.051075276,0.0025979476,0.9463268
15677,0.9980469,7.07574e-05,0.0018823842
15678,0.013010719,0.00026456383,0.98672473
15679,0.9810987,0.0019408097,0.016960483
15680,0.95268255,0.0075431694,0.039774287
15681,0.94862515,0.0042996523,0.04707514
15682,0.9424352,0.003859923,0.053704854
15683,0.75633895,0.0032120973,0.24044901
15684,0.8135918,0.008981641,0.17742656
15685,0.009587967,0.00086478575,0.98954725
15686,0.9037007,0.020573344,0.07572592
15687,0.010887225,0.012694791,0.97641796
15688,0.99529487,0.0024149052,0.002290213
15689,0.96526784,0.003145011,0.03158719
15690,0.95908695,0.018333364,0.022579722
15691,0.014726973,0.8627187,0.122554384
15692,0.8667998,0.0086418735,0.124558404
15693,0.345199,0.14559448,0.5092066
15694,0.8759484,0.07179229,0.0522593
15695,0.9307238,0.01981922,0.049457017
15696,0.9556051,0.023690097,0.020704783
15697,0.2653546,0.00947921,0.72516614
15698,0.6704122,0.014694985,0.31489283
15699,0.9080834,0.017913353,0.07400329
15700,0.9940864,0.002303709,0.0036098554
15701,0.0007271065,1.9289855e-05,0.9992536
15702,0.99275005,0.0026159682,0.0046340055
15703,0.0060127634,0.0009137813,0.9930735
15704,0.05211197,0.2519185,0.6959695
15705,0.8874003,0.0033789293,0.10922073
15706,0.07542958,0.00044454553,0.9241259
15707,0.97504246,0.0015582679,0.023399299
15708,0.9516385,0.0029525121,0.045408964
15709,0.96566206,0.007896133,0.02644181
15710,0.86336875,0.015251626,0.12137961
15711,0.17980479,0.00847083,0.81172436
15712,0.84256744,0.0058322097,0.15160035
15713,0.70299214,0.0009250431,0.29608274
15714,0.27529407,0.00021721864,0.72448874
15715,0.66448927,0.09337844,0.24213232
15716,0.8906564,0.04019696,0.06914664
15717,0.94109654,0.04495457,0.01394884
15718,0.13159357,0.0005757669,0.86783063
15719,0.82926255,0.0514084,0.11932903
15720,0.98185056,0.005603458,0.012546029
15721,0.67764497,0.0037013986,0.31865358
15722,0.9798692,0.0024026148,0.017728262
15723,0.9129309,0.031910323,0.055158734
15724,0.4307348,0.014905976,0.55435926
15725,0.0016049478,8.52018e-06,0.9983865
15726,0.075141594,0.013425903,0.9114325
15727,0.006789422,3.4760862e-05,0.9931758
15728,0.8979166,0.007869062,0.094214395
15729,0.9490302,0.0031166282,0.047853112
15730,0.024244405,0.0005218146,0.9752338
15731,0.78718567,0.007855897,0.20495844
15732,0.99186534,0.0013389454,0.0067956997
15733,0.04938711,0.004074216,0.9465387
15734,0.7164523,0.01845068,0.26509702
15735,0.96296716,0.015810546,0.021222271
15736,0.90330267,0.02236508,0.074332245
15737,0.9646376,0.0022161985,0.03314619
15738,0.8919396,0.0006463672,0.10741401
15739,0.7443092,0.0020517204,0.2536391
15740,0.8962056,0.0090384595,0.09475592
15741,0.89115566,0.020644052,0.08820027
15742,0.069691174,0.0022469403,0.92806196
15743,0.97356194,0.009606484,0.016831549
15744,0.85882556,0.00326225,0.13791221
15745,0.0123339975,0.00023926613,0.98742676
15746,0.8293849,0.005144599,0.1654705
15747,0.9947725,0.004265306,0.0009622544
15748,0.98655915,0.00036671443,0.013074135
15749,0.90102214,0.015592203,0.08338569
15750,0.547732,0.01101685,0.44125116
15751,0.025330905,0.872486,0.10218309
15752,0.9433933,0.010817872,0.04578881
15753,0.857979,0.005578773,0.1364422
15754,0.06466046,0.001687947,0.9336516
15755,0.989122,0.008471376,0.002406617
15756,0.012900525,6.3757434e-06,0.98709303
15757,0.80976796,0.017814215,0.17241785
15758,0.9435702,0.0005389214,0.055890888
15759,0.96371144,0.0017138455,0.034574695
15760,0.7469908,0.010256299,0.24275294
15761,0.99758327,0.0017206849,0.00069600105
15762,0.9648263,0.0005361626,0.03463751
15763,0.07961105,0.00028871297,0.9201002
15764,0.90307254,0.0023358588,0.09459167
15765,0.9810574,0.007169541,0.011773041
15766,0.9556549,0.0023131766,0.042031866
15767,0.9071497,0.007004222,0.085846156
15768,0.14881343,0.046790235,0.80439633
15769,0.98189443,0.004976096,0.013129416
15770,0.5892517,0.047500227,0.3632481
15771,0.8722363,0.011928652,0.11583502
15772,0.88320065,0.004676022,0.11212328
15773,0.3349192,0.0016391983,0.66344154
15774,0.04079468,0.0011527737,0.9580525
15775,0.022994097,0.002791169,0.9742147
15776,0.99178857,0.00095477153,0.007256675
15777,0.9649226,0.012848156,0.022229223
15778,0.90525764,0.00220427,0.092538126
15779,0.8663957,0.0039465707,0.12965769
15780,0.985067,0.00093483186,0.013998215
15781,0.99086714,0.00019701911,0.008935882
15782,0.9161724,0.0028628297,0.08096476
15783,0.8202061,0.011396434,0.16839749
15784,0.96469647,0.0019503122,0.033353243
15785,0.917319,0.007783793,0.074897155
15786,0.68258613,0.040541053,0.27687287
15787,0.9155723,0.06835031,0.016077409
15788,0.73246306,0.025471317,0.24206565
15789,0.9867905,0.0020009698,0.011208529
15790,0.9460027,0.020910902,0.03308641
15791,0.800005,0.01671961,0.18327534
15792,0.71314365,0.0019357449,0.28492066
15793,0.8368355,0.020992607,0.1421719
15794,0.18658184,0.008210846,0.8052073
15795,0.7684948,0.018756803,0.21274842
15796,0.52641475,0.014127581,0.45945764
15797,0.5660364,0.24828593,0.18567768
15798,0.94466454,0.0020980283,0.053237393
15799,0.9090288,0.009613186,0.081358016
15800,0.94911957,0.015657097,0.035223324
15801,0.9792571,0.00080402626,0.019938875
15802,0.95181024,0.003058476,0.04513134
15803,0.0010965783,1.6611018e-06,0.9989017
15804,0.97886294,0.002996593,0.01814042
15805,0.01091051,0.0009933895,0.9880961
15806,0.9666482,0.0049399864,0.02841181
15807,0.051614445,0.0004836584,0.94790196
15808,0.55466706,0.018195366,0.4271376
15809,0.91049635,0.0073348847,0.082168736
15810,0.8592774,0.012175939,0.1285467
15811,0.1487992,0.00039084363,0.85081
15812,0.51603,0.07484936,0.4091206
15813,0.6249941,0.00187968,0.37312624
15814,0.42571762,0.083483435,0.49079895
15815,0.95650125,0.0010024988,0.042496227
15816,0.09607004,0.2911253,0.6128047
15817,0.98126113,0.0038796824,0.01485915
15818,0.956115,0.00027592693,0.043609045
15819,0.42177266,0.18420212,0.39402518
15820,0.9417005,0.003268917,0.055030543
15821,0.34951985,0.0025197242,0.6479604
15822,0.11157212,0.0137795955,0.8746483
15823,0.62882847,0.01541581,0.35575572
15824,0.9580851,0.004629631,0.03728522
15825,0.0042295232,0.0015508784,0.99421966
15826,0.14551716,0.04884706,0.80563575
15827,0.5835647,0.011271497,0.40516376
15828,0.62433213,0.0051067565,0.3705611
15829,0.71239597,0.021239767,0.26636425
15830,0.9703736,0.0004464497,0.029179964
15831,0.019943537,0.0027302448,0.9773262
15832,0.9507537,0.0025002577,0.04674609
15833,0.7374,0.15827245,0.10432755
15834,0.09679595,0.004375839,0.8988282
15835,0.121141806,0.0055805235,0.8732776
15836,0.95091444,0.0010936678,0.047991846
15837,0.14759979,0.63692623,0.215474
15838,0.9685144,0.0013576037,0.030128008
15839,0.93700904,0.0011873103,0.06180364
15840,0.99377245,0.0018726464,0.004354868
15841,0.9573605,0.018365882,0.024273653
15842,0.9639843,0.003046191,0.032969534
15843,0.49600044,0.0056122844,0.4983873
15844,0.5922932,0.05565608,0.35205072
15845,0.9448481,0.006227406,0.048924457
15846,0.24851231,0.09738768,0.65410006
15847,0.9923718,0.0011607418,0.006467507
15848,0.9950112,0.00010433744,0.0048845257
15849,0.08034052,0.020562753,0.8990968
15850,0.9737303,0.014215108,0.01205455
15851,0.95521736,0.01307184,0.03171082
15852,0.9952295,0.0002691289,0.004501372
15853,0.98267347,0.0041868696,0.013139645
15854,0.57057047,0.015564143,0.4138654
15855,0.029899841,0.0055776723,0.9645224
15856,0.9522313,0.00405796,0.043710764
15857,0.0027419631,0.00024995647,0.99700814
15858,0.86018294,0.0010347292,0.13878234
15859,0.5994799,0.0152848475,0.38523525
15860,0.042157885,0.012400437,0.94544166
15861,0.9947818,0.0011462087,0.0040720017
15862,0.14421162,0.0021080163,0.8536804
15863,0.96900475,0.001689,0.029306294
15864,0.99156135,0.000104884464,0.008333809
15865,0.99199873,0.00044299243,0.0075582485
15866,0.69140357,0.03794965,0.27064678
15867,0.92873514,0.007222526,0.06404228
15868,0.058292292,0.10826526,0.83344245
15869,0.89738375,0.050011892,0.052604366
15870,0.89087874,0.0077059655,0.10141523
15871,0.9288359,0.04043103,0.030733008
15872,0.95596576,0.015142721,0.028891543
15873,0.9309471,0.0053497865,0.063703075
15874,0.5040117,0.02689706,0.46909127
15875,0.7066724,0.014923151,0.27840447
15876,0.8857163,0.071798205,0.042485483
15877,0.8290477,0.00069371366,0.17025857
15878,0.8726081,0.0063867616,0.12100514
15879,0.93760526,0.0020630984,0.060331594
15880,0.11641732,0.0070232265,0.87655944
15881,0.6719644,0.11174796,0.21628764
15882,0.9822978,0.008684585,0.009017673
15883,0.008868655,0.0013092568,0.98982215
15884,0.9655428,0.0084139835,0.026043234
15885,0.1761504,0.014538372,0.8093112
15886,0.66444963,0.0073330677,0.3282173
15887,0.5240674,0.003347453,0.47258514
15888,0.99196845,0.001574241,0.0064573213
15889,0.98775625,0.002089767,0.010153948
15890,0.91716176,0.0036844178,0.0791538
15891,0.0067722867,0.00021367006,0.99301404
15892,0.8724874,0.00055717875,0.1269554
15893,0.91233534,0.0063918475,0.081272766
15894,0.9925288,0.00082455593,0.0066466904
15895,0.933125,0.003672091,0.0632029
15896,0.99208814,0.0022745067,0.005637423
15897,0.9421133,0.015980985,0.041905727
15898,0.3848121,0.054231796,0.56095606
15899,0.9575259,0.001279784,0.041194264
15900,0.33020973,0.0035574,0.6662329
15901,0.06465577,0.004627778,0.93071645
15902,0.6654449,0.15652315,0.17803194
15903,0.97597754,0.0043470035,0.019675458
15904,0.8399879,0.00331074,0.15670137
15905,0.860021,0.07297419,0.06700481
15906,0.7976214,0.039731916,0.1626466
15907,0.8701381,0.0032064118,0.12665547
15908,0.73651516,0.06653429,0.19695053
15909,0.15029365,0.06444252,0.7852638
15910,0.9959876,0.0033777794,0.00063459424
15911,0.9393618,0.0036510944,0.05698714
15912,0.08348012,0.0024841148,0.91403574
15913,0.24972636,0.017343186,0.7329305
15914,0.9739004,0.0009947087,0.025104875
15915,0.82537985,0.0045447764,0.17007533
15916,0.64378256,0.0071034795,0.3491139
15917,0.94714034,0.00030202046,0.052557632
15918,0.95743597,0.0014218453,0.041142166
15919,0.0029053977,6.795065e-05,0.9970266
15920,0.82895243,0.0018792282,0.16916834
15921,0.9299321,0.0017374188,0.06833047
15922,0.00670763,0.0018269755,0.9914654
15923,0.87105244,0.0038221458,0.12512541
15924,0.36418882,0.02895589,0.6068553
15925,0.7938594,0.012893736,0.19324677
15926,0.9637578,0.013506723,0.022735458
15927,0.39598706,0.2902341,0.31377888
15928,0.89947027,0.0110789295,0.08945085
15929,0.017547859,0.008159341,0.97429276
15930,0.88990486,0.0018553798,0.10823973
15931,0.5233009,0.0018098329,0.4748893
15932,0.87933683,0.01627674,0.10438644
15933,0.8922787,0.05089133,0.056829978
15934,0.89875615,0.0027212417,0.098522626
15935,0.09740218,0.010672591,0.8919253
15936,0.0035793444,0.00019914919,0.9962214
15937,0.9957813,0.00058411446,0.0036345623
15938,0.55563486,0.05140498,0.3929602
15939,0.81536067,0.04681413,0.13782522
15940,0.22261259,0.004382564,0.77300483
15941,0.9652465,0.00065063324,0.03410283
15942,0.8426397,0.029728735,0.12763162
15943,0.9949114,0.00052168214,0.004566928
15944,0.8135996,0.01869456,0.16770588
15945,0.9472012,0.0022129996,0.05058579
15946,0.579405,0.031415682,0.3891793
15947,0.90234387,0.0070973136,0.09055881
15948,0.86878896,0.0043793777,0.12683165
15949,0.980548,0.0037337136,0.015718292
15950,0.21604517,0.6113307,0.17262414
15951,0.9819135,0.00070500624,0.017381476
15952,0.54411227,0.0016564531,0.45423126
15953,0.36142537,0.007873722,0.6307009
15954,0.99400055,0.00027028803,0.0057292143
15955,0.9751992,0.012834084,0.011966692
15956,0.0060757124,0.00040919054,0.99351513
15957,0.9933884,0.0012892699,0.005322245
15958,0.04171603,0.009636808,0.94864714
15959,0.9975242,0.00024210922,0.002233693
15960,0.9370509,0.00044840784,0.062500685
15961,0.99104065,0.006301297,0.0026580405
15962,0.31614646,0.0024928686,0.68136066
15963,0.9718759,0.00058502104,0.027539093
15964,0.53509265,0.026431976,0.43847534
15965,0.9677002,0.005144237,0.027155602
15966,0.9702027,0.0005670814,0.029230224
15967,0.97400993,0.00024136374,0.025748646
15968,0.14302231,0.04031001,0.8166677
15969,0.21842177,0.4265425,0.35503575
15970,0.96380556,0.0007623242,0.035432063
15971,0.7769596,0.04284949,0.1801909
15972,0.96894765,0.0016605955,0.029391807
15973,0.96602094,0.0011788043,0.032800257
15974,0.28451484,0.42161682,0.2938683
15975,0.97742134,0.0068539735,0.01572468
15976,0.7225859,0.0445361,0.23287806
15977,0.9714049,0.005071688,0.023523428
15978,0.9808771,0.0007970478,0.018325837
15979,0.98799336,0.0029285366,0.009078141
15980,0.84946597,0.003270866,0.14726321
15981,0.29397053,0.023962913,0.68206656
15982,0.9924805,0.0012609168,0.006258606
15983,0.9533203,0.01123333,0.035446268
15984,0.77182907,0.074631356,0.15353961
15985,0.6136906,0.013460766,0.37284866
15986,0.46307933,0.03661181,0.5003089
15987,0.8785214,0.010025506,0.111453064
15988,0.9943961,0.0010625762,0.0045413086
15989,0.09980651,0.0013948075,0.8987987
15990,0.9903928,0.003984211,0.0056229797
15991,0.3221552,0.06261695,0.6152279
15992,0.9364479,0.003442265,0.060109828
15993,0.98571706,0.0031153061,0.011167576
15994,0.9844193,0.0009576995,0.014623019
15995,0.87696356,0.0062583922,0.11677805
15996,0.6617669,0.10889476,0.22933836
15997,0.9525837,0.009778239,0.037638105
15998,0.91277665,0.024627265,0.0625961
15999,0.9928362,0.0014020241,0.005761772
16000,0.8390099,0.021854488,0.13913563
16001,0.9790115,0.0018262374,0.019162241
16002,0.95094347,0.0029410375,0.04611547
16003,0.95629466,0.018308016,0.025397372
16004,0.20939866,0.43641838,0.35418293
16005,0.8824042,0.002841171,0.11475463
16006,0.5519604,0.004399133,0.4436404
16007,0.990591,0.0007276665,0.008681361
16008,0.98338586,0.001578607,0.015035496
16009,0.9858613,0.00023573784,0.013902991
16010,0.5763306,0.10471933,0.31895012
16011,0.94218993,0.004313351,0.053496756
16012,0.9041976,0.0045276945,0.0912747
16013,0.6994649,0.0031883202,0.29734674
16014,0.9149241,0.0043281307,0.08074779
16015,0.89943594,0.05411854,0.046445508
16016,0.8616865,0.013164982,0.12514846
16017,0.9658601,0.011294751,0.022845179
16018,0.9407653,0.0028916944,0.056342967
16019,0.64721566,0.0074630766,0.3453213
16020,0.8093477,0.0051739793,0.18547834
16021,0.9587468,0.0023149755,0.03893824
16022,0.61607295,0.015292388,0.3686347
16023,0.9624693,0.0015764883,0.035954278
16024,0.27422443,0.0016145676,0.724161
16025,0.962149,0.027730279,0.010120643
16026,0.010221452,0.0015003579,0.9882782
16027,0.9695574,0.011906288,0.018536242
16028,0.9852755,0.0026595169,0.012065011
16029,0.9642763,0.016375063,0.019348603
16030,0.934685,0.009599744,0.055715293
16031,0.95121425,0.001178116,0.04760771
16032,0.9601858,0.0015474313,0.038266744
16033,0.91655,0.0022198686,0.08123021
16034,0.68089,0.025110735,0.2939992
16035,0.10358817,0.011319141,0.8850926
16036,0.37326854,0.031826496,0.59490496
16037,0.96563315,0.0021728454,0.032193974
16038,0.32291028,0.0028512995,0.6742384
16039,0.98569196,0.00058213505,0.013725952
16040,0.7230507,0.017556088,0.25939322
16041,0.9918258,0.0010199512,0.0071541583
16042,0.106466204,0.0017257681,0.891808
16043,0.9682588,0.0047817184,0.026959436
16044,0.004731978,6.339518e-05,0.9952047
16045,0.89589626,0.005277059,0.09882668
16046,0.9864784,0.0018743945,0.011647224
16047,0.89201146,0.0028657736,0.10512271
16048,0.7405896,0.0038478777,0.25556248
16049,0.015088335,0.00038139298,0.9845302
16050,0.99243075,0.00038964918,0.0071796374
16051,0.81070864,0.0018864474,0.1874049
16052,0.17656931,0.0014394353,0.82199126
16053,0.30087322,0.008109153,0.6910176
16054,0.98789704,0.003171221,0.0089317635
16055,0.7605206,0.09036863,0.14911082
16056,0.02872656,0.000314071,0.9709593
16057,0.07290002,0.012687342,0.91441256
16058,0.9955857,0.0004700791,0.003944249
16059,0.99007493,0.004309255,0.0056158495
16060,0.26590496,0.027442165,0.7066529
16061,0.9606843,0.0066345683,0.03268109
16062,0.92884624,0.0059513426,0.065202415
16063,0.9570787,0.003942144,0.038979124
16064,0.97246265,0.005423591,0.022113746
16065,0.98696995,0.0007970837,0.012232994
16066,0.216936,0.042735666,0.7403283
16067,0.9902621,0.000121373865,0.009616533
16068,0.051011655,0.07959339,0.869395
16069,0.39639825,0.0031391974,0.60046256
16070,0.90091145,0.0017602018,0.09732831
16071,0.031246034,0.021801017,0.94695294
16072,0.56165415,0.37522694,0.06311888
16073,0.842578,0.1112403,0.046181697
16074,0.97740173,0.0012963004,0.02130195
16075,0.0019254793,0.00013159447,0.99794286
16076,0.9865022,0.00036428717,0.013133494
16077,0.9646703,0.0017737832,0.033555947
16078,0.9862459,0.007049712,0.006704402
16079,0.011871815,0.0034084416,0.98471975
16080,0.94939035,0.0052927416,0.0453169
16081,0.96548283,0.0055973963,0.02891977
16082,0.26472536,0.057935905,0.6773387
16083,0.9944518,0.0003286663,0.005219437
16084,0.2070866,0.012298436,0.780615
16085,0.90149736,0.012786268,0.08571635
16086,0.059331167,0.7731626,0.16750625
16087,0.9859514,0.0017404585,0.012308096
16088,0.81040674,0.0009589841,0.18863428
16089,0.98069566,0.0011901415,0.018114228
16090,0.642416,0.008190248,0.34939378
16091,0.96260524,0.0037571692,0.03363754
16092,0.9014795,0.03247205,0.066048466
16093,0.60809046,0.19015732,0.20175219
16094,0.8174844,0.007566034,0.17494957
16095,0.9082466,0.018984053,0.07276936
16096,0.28773478,0.0041485555,0.7081167
16097,0.8326656,0.0024195856,0.16491485
16098,0.99867815,0.00012767757,0.0011941212
16099,0.56962293,0.007959075,0.42241797
16100,0.9461903,0.0017272568,0.052082483
16101,0.9093186,0.016641723,0.07403969
16102,0.98411316,0.0018734041,0.01401345
16103,0.92768496,0.004702722,0.06761232
16104,0.9716799,0.016233593,0.012086467
16105,0.9661342,0.008456308,0.02540949
16106,0.33992007,0.27513725,0.38494268
16107,0.83152336,0.04348782,0.12498886
16108,0.8792138,0.012755001,0.10803116
16109,0.90909916,0.005525243,0.085375614
16110,0.90817875,0.0027087193,0.08911252
16111,0.897247,0.0032433807,0.099509664
16112,0.813774,0.05962184,0.12660412
16113,0.97244084,0.001407146,0.026152024
16114,0.8834724,0.0011371239,0.11539047
16115,0.859661,0.0023865649,0.13795249
16116,0.79066205,0.005008533,0.20432943
16117,0.63620114,0.066242,0.29755685
16118,0.12853366,0.007314757,0.8641516
16119,0.97905225,0.002564581,0.018383157
16120,0.91403997,0.046646897,0.03931317
16121,0.98837847,0.0030319563,0.008589658
16122,0.7941958,0.1513786,0.054425646
16123,0.9255479,0.022111095,0.05234103
16124,0.68455386,0.0053993007,0.31004688
16125,0.95636946,0.0016832469,0.04194734
16126,0.8892735,0.012606874,0.09811954
16127,0.8392751,0.0005498117,0.16017507
16128,0.9176378,0.009630684,0.0727315
16129,0.1177861,0.12383362,0.7583803
16130,0.9599829,0.004167878,0.03584928
16131,0.79811186,0.025824826,0.17606333
16132,0.9524582,0.0053025605,0.042239245
16133,0.87871575,0.017954629,0.10332961
16134,0.936316,0.007850021,0.05583389
16135,0.865794,0.0033367109,0.13086931
16136,0.4510349,0.003735678,0.54522943
16137,0.17961334,0.24153805,0.5788486
16138,0.553449,0.007983079,0.43856797
16139,0.6052559,0.0026584414,0.39208567
16140,0.007792761,0.00010103286,0.9921062
16141,0.94321233,0.0023697806,0.05441788
16142,0.96170926,9.219087e-05,0.038198583
16143,0.98565125,0.006275693,0.008072975
16144,0.99531436,0.003455183,0.0012304188
16145,0.9213638,0.055790294,0.022845984
16146,0.64183813,0.024170576,0.3339913
16147,0.41661644,0.0027910583,0.5805925
16148,0.96485835,0.011614003,0.023527661
16149,0.013390314,0.005584666,0.98102504
16150,0.94497794,0.004377005,0.050645098
16151,0.9486231,0.021873206,0.0295036
16152,0.9927995,0.0003028764,0.0068975417
16153,0.83706176,0.14446254,0.018475644
16154,0.9842482,0.003975611,0.0117761055
16155,0.96361744,0.0014108304,0.03497171
16156,0.98452574,0.0007233677,0.014750944
16157,0.64286524,0.011899781,0.34523496
16158,0.69820964,0.025044763,0.27674565
16159,0.9731687,0.0015999167,0.025231358
16160,0.9856501,0.0010097572,0.013340075
16161,0.014222154,0.00228122,0.98349667
16162,0.6608326,0.00412547,0.33504197
16163,0.60516363,0.015506052,0.37933028
16164,0.9597383,0.011352171,0.028909566
16165,0.0011212028,2.4040026e-05,0.99885476
16166,0.25327584,0.03962375,0.70710033
16167,0.97403926,0.0016790057,0.02428177
16168,0.9701283,0.004777441,0.02509424
16169,0.15656573,0.008739236,0.834695
16170,0.9273907,0.051492687,0.021116555
16171,0.0628818,0.0017751275,0.93534315
16172,0.9448431,0.0067715608,0.048385303
16173,0.9873602,0.0004774903,0.012162337
16174,0.96164066,0.0030261932,0.035333168
16175,0.002554515,0.00030573437,0.9971398
16176,0.8406262,0.0010048555,0.15836896
16177,0.14546962,0.23707134,0.61745906
16178,0.9945667,0.00061845896,0.004814869
16179,0.94999653,0.012750586,0.03725284
16180,0.98236555,0.004277677,0.0133567555
16181,0.06539895,0.014525897,0.9200752
16182,0.86793077,0.006549498,0.12551978
16183,0.9643096,0.0043160575,0.031374432
16184,0.9303546,0.008769858,0.06087553
16185,0.56339777,0.00484194,0.43176028
16186,0.9910884,0.0036555082,0.0052560964
16187,0.5821007,0.00599752,0.4119018
16188,0.454939,0.05314319,0.49191785
16189,0.950675,0.015717786,0.033607244
16190,0.84962857,0.013042336,0.13732912
16191,0.90464073,0.014726682,0.080632575
16192,0.9738951,0.0007643959,0.025340587
16193,0.98721796,0.003008485,0.009773616
16194,0.91452694,0.033652887,0.051820196
16195,0.5256004,0.042184994,0.4322146
16196,0.9372735,0.029290788,0.033435773
16197,0.9820869,0.0024786468,0.015434446
16198,0.9347986,0.05169952,0.013501895
16199,0.83083266,0.025777444,0.14338991
16200,0.93651676,0.031975,0.03150827
16201,0.99102086,0.0028808159,0.006098356
16202,0.95103866,0.009333245,0.039628066
16203,0.99648464,0.000501819,0.0030135268
16204,0.031283867,0.006944131,0.96177197
16205,0.9844061,0.0020938537,0.013500023
16206,0.9501518,0.036874373,0.012973876
16207,0.87755567,0.00052321487,0.121921115
16208,0.0020925107,0.035431903,0.9624756
16209,0.97452533,0.001729456,0.023745243
16210,0.2700093,0.0052365726,0.72475415
16211,0.8411624,0.0038203814,0.1550172
16212,0.020214077,0.00023300137,0.9795529
16213,0.024344062,0.0013021431,0.97435373
16214,0.9568164,0.009856983,0.033326685
16215,0.99295396,0.0032930428,0.0037529818
16216,0.8625251,0.028704865,0.108770035
16217,0.9847499,0.00090019475,0.014349838
16218,0.96020544,0.022744844,0.017049687
16219,0.9575698,0.00063895294,0.041791327
16220,0.98863274,0.0014469996,0.009920241
16221,0.9523395,0.0071013183,0.04055922
16222,0.47791892,0.106475435,0.41560563
16223,0.9701114,0.0041846028,0.025703965
16224,0.95937335,0.0028467325,0.037779927
16225,0.9513713,0.0034456416,0.045183033
16226,0.99652475,4.289082e-05,0.0034323803
16227,0.90076303,0.029476788,0.06976016
16228,0.13733022,0.025888497,0.8367813
16229,0.46256077,0.043682586,0.49375662
16230,0.5956454,0.046508912,0.3578457
16231,0.91017455,0.049219687,0.04060578
16232,0.39724037,0.007577946,0.5951817
16233,0.2767857,0.01566507,0.7075492
16234,0.97718686,0.0013913992,0.0214217
16235,0.9744382,0.0029974058,0.02256436
16236,0.6020622,0.00797898,0.38995877
16237,0.91007704,0.0096247075,0.08029826
16238,0.96997505,0.00716451,0.02286047
16239,0.0646575,0.00029593793,0.9350465
16240,0.9786605,0.008450059,0.0128894355
16241,0.79211074,0.008216544,0.1996727
16242,0.9577269,0.0026538766,0.039619293
16243,0.37925988,0.067880064,0.55286
16244,0.059761375,0.0073807165,0.9328579
16245,0.7074631,0.019464478,0.27307245
16246,0.9247127,0.00798866,0.06729863
16247,0.024069292,0.0023887074,0.973542
16248,0.7901504,0.13227434,0.077575214
16249,0.8166019,0.0063414234,0.17705673
16250,0.34546348,0.030461075,0.6240754
16251,0.9224151,0.00218177,0.07540318
16252,0.91280293,0.026223982,0.060973067
16253,0.9832893,0.0026130865,0.014097674
16254,0.72795177,0.0151890125,0.25685924
16255,0.98136306,0.008580654,0.010056275
16256,0.9827267,0.0036221046,0.01365124
16257,0.9035593,0.004611278,0.09182941
16258,0.77745044,0.0021306002,0.22041896
16259,0.8607088,0.004013113,0.13527808
16260,0.93293905,0.006653332,0.06040761
16261,0.7473825,0.0062059034,0.24641159
16262,0.9742115,0.0038047226,0.021983724
16263,0.029116526,0.0002761203,0.97060734
16264,0.99109066,0.000541599,0.008367816
16265,0.01939238,0.0006558578,0.9799518
16266,0.98241687,0.0017187962,0.015864404
16267,0.9268084,0.002793904,0.07039769
16268,0.6485941,0.013080997,0.33832493
16269,0.89458865,0.046980444,0.058430925
16270,0.9595856,0.0018005283,0.038613882
16271,0.908446,0.004252951,0.087301016
16272,0.96730006,0.0033104552,0.02938949
16273,0.059870705,0.0016284563,0.9385009
16274,0.7035271,0.039010305,0.25746262
16275,0.9540911,0.009936989,0.035971932
16276,0.9913657,0.0012247406,0.0074096667
16277,0.90217245,0.0052569783,0.09257054
16278,0.9883536,0.00014922569,0.011497156
16279,0.96968126,0.025262209,0.0050564883
16280,0.8416626,0.044428617,0.11390877
16281,0.759225,0.0138010625,0.22697392
16282,0.873953,0.02937365,0.09667338
16283,0.97427636,0.004017208,0.021706425
16284,0.3062923,0.020860672,0.67284703
16285,0.59997714,0.0019322049,0.39809063
16286,0.6599817,0.0483791,0.29163918
16287,0.8160578,0.005598094,0.17834415
16288,0.97924054,0.0055072242,0.015252235
16289,0.12949708,0.0007989221,0.869704
16290,0.010446324,0.0006928261,0.9888608
16291,0.97174084,0.0005417823,0.027717346
16292,0.98961323,0.00081238593,0.009574424
16293,0.93439287,0.014399613,0.051207557
16294,0.9888776,0.0006846355,0.010437817
16295,0.9376872,0.055855032,0.00645774
16296,0.99665534,0.0007234355,0.0026212293
16297,0.8111379,0.022092352,0.16676977
16298,0.8664148,0.0076382305,0.125947
16299,0.15574533,0.0016765202,0.8425782
16300,0.00010949284,5.5777764e-06,0.99988496
16301,0.98550445,0.003174681,0.011320813
16302,0.7952579,0.015987499,0.18875456
16303,0.889687,0.049839154,0.060473837
16304,0.922133,0.009146419,0.06872061
16305,0.8521932,0.0062348675,0.14157197
16306,0.94760907,0.013188539,0.039202385
16307,0.9113543,0.0042483965,0.08439727
16308,0.9576146,0.0008688546,0.041516557
16309,0.95438826,0.0027449562,0.042866826
16310,0.85933894,0.003683029,0.13697806
16311,0.9521997,0.0034572892,0.04434297
16312,0.96138436,0.0048916754,0.03372402
16313,0.86087507,0.0032648873,0.13586
16314,0.90408987,0.0065721325,0.08933797
16315,0.9341755,0.037232067,0.028592447
16316,0.6543277,0.06422233,0.28145
16317,0.7548713,0.03170836,0.21342033
16318,0.9861791,0.0018479126,0.011972942
16319,0.95445615,0.025611311,0.019932527
16320,0.0055766525,1.3494436e-05,0.99440986
16321,0.15871173,0.035492223,0.8057961
16322,0.19533221,0.0057777073,0.7988901
16323,0.955529,0.0049073775,0.03956369
16324,0.946489,0.012231301,0.041279726
16325,0.9894483,0.0025988324,0.007952825
16326,0.96147746,0.0063349847,0.032187603
16327,0.93367356,0.00069289043,0.06563356
16328,0.791641,0.0025088263,0.20585015
16329,0.6580381,0.07797731,0.26398468
16330,0.98119843,0.0030807834,0.015720822
16331,0.98572844,0.00073903333,0.013532532
16332,0.70376503,0.054456644,0.24177831
16333,0.9453055,0.0023656653,0.05232888
16334,0.10313085,0.0043071345,0.8925621
16335,0.9229805,0.0032797214,0.073739745
16336,0.9947647,0.0028884108,0.0023468442
16337,0.9625163,0.00492954,0.03255414
16338,0.8497309,0.0005908606,0.14967827
16339,0.83705276,0.0059008594,0.15704642
16340,0.940444,0.00327239,0.056283567
16341,0.8025093,0.01996685,0.17752382
16342,0.5004472,0.0053545614,0.49419823
16343,0.23255455,0.4159243,0.35152116
16344,0.9887454,0.00028548262,0.010969125
16345,0.04471681,0.010419536,0.9448636
16346,0.9692187,0.00948572,0.021295559
16347,0.9227884,0.0008907356,0.0763209
16348,0.084539,0.040193513,0.87526745
16349,0.7283112,0.016583692,0.25510517
16350,0.89486206,0.015687855,0.089450024
16351,0.6608874,0.0024480813,0.3366645
16352,0.79775023,0.01190023,0.19034953
16353,0.354819,0.016157743,0.6290233
16354,0.6645258,0.0068061645,0.32866797
16355,0.88339114,0.006255927,0.1103529
16356,0.97692955,0.0036348272,0.019435586
16357,0.4015917,0.0017940023,0.5966143
16358,0.9932736,0.0022739088,0.0044524516
16359,0.96194106,0.0023513597,0.03570755
16360,0.9542027,0.005156536,0.04064071
16361,0.77585423,0.0042881584,0.21985763
16362,0.985606,0.0032120526,0.011181998
16363,0.08283675,0.0060544983,0.91110873
16364,0.93091077,0.004664209,0.06442507
16365,0.017017964,0.0006303767,0.9823516
16366,0.9554121,0.033459146,0.011128755
16367,0.77254474,0.19537956,0.03207575
16368,0.9165375,0.0026289106,0.0808335
16369,0.006788233,0.00045338427,0.9927584
16370,0.8153386,0.16567682,0.01898453
16371,0.9439966,0.0017947534,0.054208633
16372,0.9843406,0.0028591712,0.012800232
16373,0.99409807,0.0007273257,0.005174632
16374,0.009605778,0.006338399,0.98405576
16375,0.7415946,0.014277476,0.24412796
16376,0.51905185,0.0020741401,0.478874
16377,0.9213771,0.034330282,0.044292632
16378,0.004909987,2.6385424e-05,0.9950636
16379,0.0076731825,0.00068695954,0.99163985
16380,0.78018904,0.0024400759,0.21737093
16381,0.9912231,0.004412382,0.0043644793
16382,0.6302615,0.30237332,0.06736517
16383,0.17727365,0.013907318,0.808819
16384,0.94523257,0.005380998,0.04938649
16385,0.6976337,0.0068931263,0.2954732
16386,0.9299182,0.006980715,0.06310112
16387,0.9633353,0.014479328,0.022185355
16388,0.99205023,0.00023360507,0.007716231
16389,0.16354093,0.75833696,0.0781221
16390,0.54744774,0.42007804,0.03247422
16391,0.9591093,0.0015497466,0.039340954
16392,0.7478589,0.040309805,0.21183136
16393,0.0062711844,0.00053658546,0.99319226
16394,0.8320161,0.0055965562,0.16238728
16395,0.99272233,0.0009866336,0.006291079
16396,0.04377754,0.012725523,0.943497
16397,0.75207394,0.016256962,0.2316691
16398,0.40543303,0.13313028,0.46143675
16399,0.93315315,0.020606838,0.046240013
16400,0.94759375,0.0029754299,0.049430776
16401,0.06786514,0.013445492,0.91868937
16402,0.0905092,0.06799186,0.8414989
16403,0.9316296,0.0028422445,0.06552814
16404,0.9546477,0.0045497264,0.040802527
16405,0.13495353,0.0055527966,0.85949373
16406,0.9683991,0.0015628093,0.030038072
16407,0.9619674,0.0018432257,0.03618934
16408,0.0032122605,6.254096e-05,0.99672526
16409,0.9691282,0.0028782762,0.027993567
16410,0.12123139,0.013108126,0.8656604
16411,0.895745,0.0037540623,0.10050098
16412,0.9871313,0.008538002,0.004330752
16413,0.65377164,0.0008804068,0.34534797
16414,0.6535252,0.008376668,0.33809814
16415,0.05000103,0.16659075,0.78340816
16416,0.037341483,0.00038471457,0.9622738
16417,0.62152046,0.0064277016,0.37205184
16418,0.92319465,0.0047214758,0.072083905
16419,0.41839156,0.011568983,0.57003945
16420,0.9686609,0.009042259,0.022296835
16421,0.79748845,0.044150054,0.15836145
16422,0.002657961,7.0468054e-06,0.997335
16423,0.8255727,0.005099127,0.1693282
16424,0.96592516,0.011577165,0.02249765
16425,0.80588245,0.0563107,0.1378068
16426,0.42320624,0.035233,0.54156077
16427,0.26632553,0.015575826,0.71809864
16428,0.3104623,0.003951686,0.68558604
16429,0.37550104,0.006501902,0.61799705
16430,0.4641097,0.38309208,0.1527983
16431,0.9593381,0.00056978076,0.040092118
16432,0.76220846,0.0065810164,0.23121051
16433,0.9619754,0.0034346455,0.03458995
16434,0.3426379,0.0111055905,0.6462565
16435,0.97259474,0.009638661,0.017766638
16436,0.47134894,0.008497307,0.52015376
16437,0.6093668,0.32198822,0.06864504
16438,0.9666009,0.013846142,0.019553034
16439,0.010716831,0.00012971633,0.98915344
16440,0.8173045,0.004641256,0.17805424
16441,0.8397368,0.0058666645,0.15439647
16442,0.93849003,0.0033209892,0.058188915
16443,0.06798799,0.0021039695,0.929908
16444,0.8793746,0.0011474579,0.11947791
16445,0.13535942,0.0019311907,0.86270934
16446,0.99226743,0.0030624033,0.0046701413
16447,0.9712633,0.0033557576,0.025380902
16448,0.9379031,0.002772423,0.059324507
16449,0.03616327,0.005877979,0.95795876
16450,0.96396327,0.0037900195,0.032246735
16451,0.98030055,0.0077638202,0.011935672
16452,0.2487758,0.003189316,0.74803483
16453,0.9497546,0.0032123532,0.047033034
16454,0.05499713,0.0017581265,0.9432448
16455,0.7926508,0.01676228,0.19058691
16456,0.9839522,0.00021644439,0.015831318
16457,0.92297107,0.006386013,0.07064289
16458,0.7316242,0.011799772,0.25657606
16459,0.54841214,0.05107664,0.4005112
16460,0.9631795,0.0014068095,0.035413664
16461,0.93254936,0.0020255535,0.065425046
16462,0.9837442,0.0004277095,0.015828077
16463,0.40851808,0.4579542,0.1335277
16464,0.0037930477,0.0007807621,0.99542624
16465,0.9773746,0.0041521266,0.018473227
16466,0.88424504,0.0037811692,0.11197384
16467,0.28409427,0.007377964,0.70852774
16468,0.9872091,0.00089491025,0.011895983
16469,0.9909402,0.00046757588,0.008592261
16470,0.8399679,0.10319319,0.05683889
16471,0.5222534,0.272956,0.20479065
16472,0.26928005,0.06000509,0.67071486
16473,0.97281975,0.016559381,0.010620871
16474,0.9663892,0.0057460316,0.027864734
16475,0.9909198,0.0004647074,0.008615502
16476,0.9677036,0.015335581,0.01696087
16477,0.96648425,0.0040602703,0.029455505
16478,0.5010666,0.012170718,0.4867626
16479,0.9715666,0.004166821,0.024266556
16480,0.9503201,0.0023517474,0.047328096
16481,0.23812899,0.20935555,0.55251545
16482,0.94221413,0.0006737005,0.057112187
16483,0.9575601,0.01435717,0.02808267
16484,0.68469626,0.0072637843,0.30803993
16485,0.9276744,0.0027592608,0.069566295
16486,0.0017841547,5.7018697e-05,0.9981589
16487,0.61250764,0.0027563237,0.38473606
16488,0.98764277,0.0012160841,0.011141184
16489,0.28249478,0.046456434,0.6710488
16490,0.71861553,0.0075825746,0.2738019
16491,0.9925517,0.0009493415,0.0064990157
16492,0.9484512,0.006443513,0.04510525
16493,0.30586603,0.013553564,0.68058044
16494,0.041086942,0.0012863001,0.9576267
16495,0.9416699,0.005420341,0.0529098
16496,0.72027165,0.0059984843,0.2737298
16497,0.97651666,0.0093024755,0.014180901
16498,0.9523877,0.002885364,0.044726934
16499,0.8480101,0.008104392,0.14388548
16500,0.5863646,0.00319106,0.41044432
16501,0.9774984,0.0015359886,0.020965584
16502,0.7083467,0.06217697,0.22947632
16503,0.18473057,0.0013510989,0.81391835
16504,0.9567293,0.00558865,0.03768212
16505,0.9435788,0.0032977457,0.0531234
16506,0.9766134,0.010252208,0.013134376
16507,0.322892,0.004357156,0.6727509
16508,0.9330934,0.00496982,0.06193669
16509,0.8212358,0.044621028,0.13414317
16510,0.26470494,0.001996341,0.7332987
16511,0.89707303,0.017639045,0.08528794
16512,0.97482467,0.017544843,0.007630488
16513,0.5889495,0.064138114,0.34691235
16514,0.9230523,0.011561394,0.06538631
16515,0.9923205,0.0009905669,0.0066888914
16516,0.4613946,0.0075961486,0.5310092
16517,0.031872045,0.0053828787,0.96274513
16518,0.9795424,0.0036484366,0.016809205
16519,0.9628216,0.005592342,0.031586077
16520,0.13568556,0.0006556657,0.8636588
16521,0.927172,0.0034013411,0.06942668
16522,0.7305198,0.0012461134,0.26823413
16523,0.2721842,0.057491437,0.6703244
16524,0.064364724,0.004809867,0.9308254
16525,0.19368544,0.05679336,0.7495212
16526,0.010909413,0.066716865,0.9223737
16527,0.77436316,0.009520761,0.2161161
16528,0.9551624,0.0034156244,0.041421976
16529,0.8244368,0.016041275,0.15952195
16530,0.9893528,0.0007606501,0.009886539
16531,0.8393161,0.07634818,0.08433568
16532,0.93994904,0.015780263,0.04427075
16533,0.47603378,0.08951035,0.43445593
16534,0.7901474,0.095128216,0.114724375
16535,0.9715182,0.007872994,0.020608768
16536,0.96104234,0.003644513,0.03531317
16537,0.86860967,0.030896548,0.10049377
16538,0.94298446,0.022020157,0.034995373
16539,0.6589219,0.0023731503,0.33870497
16540,0.543164,0.005971668,0.45086432
16541,0.028453162,0.017099898,0.9544469
16542,0.99042845,0.005631608,0.003939949
16543,0.9626974,0.0007862726,0.036516346
16544,0.47881842,0.021065664,0.50011593
16545,0.059640236,0.0047964654,0.9355633
16546,0.983582,0.00063476304,0.015783213
16547,0.46496242,0.04429047,0.49074715
16548,0.42945638,0.002244815,0.56829876
16549,0.31935683,0.0933566,0.58728653
16550,0.90799403,0.00058781443,0.091418214
16551,0.5927606,0.003909296,0.40333006
16552,0.98455054,0.0029847627,0.012464652
16553,0.94144297,0.0012193352,0.05733764
16554,0.10230787,0.16714917,0.7305429
16555,0.92325944,0.02626068,0.050479885
16556,0.0013505137,0.00015430315,0.9984952
16557,0.8929393,0.005341909,0.10171875
16558,0.050156735,0.0042102463,0.945633
16559,0.41547924,0.0032953979,0.5812254
16560,0.8687502,0.0019789091,0.1292709
16561,0.66232103,0.011585439,0.32609352
16562,0.97150743,0.00057414727,0.027918478
16563,0.67401457,0.01453663,0.31144878
16564,0.893553,0.006006278,0.10044065
16565,0.97421867,0.00039380646,0.025387578
16566,0.8097162,0.067708105,0.12257566
16567,0.9578683,0.019714298,0.02241742
16568,0.48950285,0.009507719,0.5009894
16569,0.9632152,0.004050345,0.03273455
16570,0.9932842,0.00057060836,0.006145231
16571,0.9191939,0.012788912,0.06801718
16572,0.27881852,0.010337987,0.71084344
16573,0.7166802,0.013944253,0.26937556
16574,0.9494576,0.0015203856,0.049022015
16575,0.0882892,0.008257944,0.9034529
16576,0.88882595,0.00734968,0.10382436
16577,0.98747766,0.00050272886,0.012019556
16578,0.93484926,0.011330894,0.0538199
16579,0.026096642,0.0017784445,0.97212493
16580,0.9200104,0.0051925466,0.074797
16581,0.85713196,0.008453963,0.13441408
16582,0.041372195,0.01332734,0.9453005
16583,0.032838877,0.7523275,0.21483363
16584,0.2590814,0.01591289,0.7250057
16585,0.016804565,0.003084491,0.98011094
16586,0.9831035,0.004265362,0.012631149
16587,0.59886163,0.0049214433,0.39621687
16588,0.3314621,0.05443836,0.61409956
16589,0.72004545,0.0074713384,0.27248317
16590,0.9513925,0.0016872456,0.046920292
16591,0.0061835344,2.0611977e-05,0.9937959
16592,0.9037326,0.011167209,0.08510015
16593,0.009122397,0.011414137,0.97946346
16594,0.9890587,0.0011429454,0.009798351
16595,0.1021729,0.0026164956,0.8952106
16596,0.013424645,0.002233697,0.9843417
16597,0.7925727,0.06526044,0.14216687
16598,0.6295314,0.01528819,0.35518047
16599,0.7222002,0.011931894,0.26586795
16600,0.8075312,0.012269328,0.1801995
16601,0.922583,0.00047754112,0.07693944
16602,0.9433355,0.0021244893,0.054539967
16603,0.98706347,0.0008988034,0.012037756
16604,0.93171287,0.004039011,0.064248055
16605,0.6226188,0.040866684,0.33651456
16606,0.9637695,0.005551357,0.030679146
16607,0.9061749,0.06562297,0.02820217
16608,0.9806441,0.0037294156,0.015626464
16609,0.09333996,0.010305443,0.8963546
16610,0.9543201,0.002757807,0.0429221
16611,0.9454408,0.0060492223,0.048509907
16612,0.9939101,0.0023454677,0.0037444937
16613,0.99239856,0.00032330636,0.007278127
16614,0.8755869,0.014078554,0.11033447
16615,0.89381707,0.033103537,0.07307945
16616,0.67324525,0.008475857,0.3182789
16617,0.41447514,0.085742384,0.49978253
16618,0.96705097,0.008943486,0.024005542
16619,0.92251635,0.0003637071,0.07712
16620,0.038062107,0.00047927632,0.9614586
16621,0.98715496,0.00086522824,0.011979751
16622,0.5779749,0.2698989,0.15212616
16623,0.850913,0.013089892,0.13599716
16624,0.3707077,0.032830093,0.5964622
16625,0.50315255,0.029448159,0.46739927
16626,0.9817603,0.0045119366,0.013727723
16627,0.925355,5.3725576e-05,0.074591294
16628,0.9304348,0.033176515,0.03638866
16629,0.9817308,0.0015262999,0.016742906
16630,0.034164485,0.005384432,0.9604511
16631,0.9590474,0.0021433693,0.038809262
16632,0.99078333,0.0002649206,0.00895175
16633,0.9106909,0.0018064916,0.08750256
16634,0.4337839,0.0076513668,0.5585648
16635,0.58272195,0.20273097,0.21454704
16636,0.60789394,0.016053712,0.37605235
16637,0.8789884,0.004699518,0.11631208
16638,0.74420834,0.0053216843,0.25046995
16639,0.99507254,0.0023339177,0.0025934707
16640,0.90989107,0.00046213763,0.089646734
16641,0.7293834,0.015254884,0.2553617
16642,0.89458305,0.011386691,0.09403028
16643,0.99166554,0.0060562524,0.0022781913
16644,0.9758681,0.0015631878,0.022568673
16645,0.74934506,0.0062084743,0.24444647
16646,0.96084607,0.035780404,0.0033735526
16647,0.93037426,0.006336637,0.06328904
16648,0.49741155,0.0076538925,0.4949346
16649,0.78751963,0.0011013828,0.21137899
16650,0.0048145796,9.054716e-06,0.9951763
16651,0.9169323,0.029493367,0.05357439
16652,0.0015259701,8.109255e-06,0.9984659
16653,0.010101548,0.0025837836,0.9873147
16654,0.044470787,0.08622948,0.86929977
16655,0.06346795,0.003976434,0.9325556
16656,0.99111617,8.384534e-05,0.0087999785
16657,0.98829144,0.005366344,0.006342216
16658,0.6245164,0.11799061,0.25749302
16659,0.9654403,0.0018324829,0.032727286
16660,0.88667893,0.009731347,0.10358974
16661,0.8017851,0.007809593,0.19040525
16662,0.96966964,0.0028107986,0.02751956
16663,0.60555357,0.0019888214,0.3924576
16664,0.8435405,0.00031113595,0.15614839
16665,0.049963523,0.0020531297,0.9479833
16666,0.90751845,0.013771553,0.078709945
16667,0.03341575,0.048758645,0.9178256
16668,0.97528607,0.00015689534,0.024557011
16669,0.9707555,0.00039203517,0.028852405
16670,0.15093617,0.0008716833,0.8481922
16671,0.9224205,0.02971305,0.0478665
16672,0.9046426,0.02477305,0.07058434
16673,0.9631824,0.004484672,0.032332912
16674,0.98227686,0.0013668285,0.016356355
16675,0.47463167,0.0067751314,0.51859325
16676,0.95509356,0.0046302923,0.040276166
16677,0.70917696,0.022916276,0.26790679
16678,0.5418787,0.012425621,0.44569564
16679,0.9297341,0.008788353,0.06147754
16680,0.93629724,0.004064117,0.05963867
16681,0.89315146,0.086625636,0.02022287
16682,0.0056389715,0.1260676,0.8682934
16683,0.96558195,0.003442739,0.03097532
16684,0.001867645,0.0005253907,0.997607
16685,0.8001953,0.0031325833,0.19667214
16686,0.026541222,0.0028395797,0.97061914
16687,0.19869538,0.0112984795,0.79000616
16688,0.98138535,0.0010654599,0.01754925
16689,0.9598267,0.020883426,0.019289851
16690,0.9638808,0.008819511,0.027299719
16691,0.8821258,0.0026346727,0.115239546
16692,0.97102994,0.0010610266,0.027909096
16693,0.89589125,0.010049106,0.09405964
16694,0.99628145,0.0008929744,0.0028255873
16695,0.82169706,0.008849105,0.16945386
16696,0.6600978,0.21789716,0.12200501
16697,0.03833483,0.0012723143,0.96039283
16698,0.0022653316,1.0992614e-05,0.99772364
16699,0.8929936,0.032381542,0.07462486
16700,0.95553726,0.010412173,0.03405059
16701,0.9639955,9.760221e-05,0.035906896
16702,0.9759236,0.011692546,0.012383892
16703,0.35141733,0.017684376,0.6308983
16704,0.50693864,0.11288349,0.3801779
16705,0.9911385,0.0016797762,0.0071816356
16706,0.8537613,0.008222782,0.13801585
16707,0.8365439,0.0008220874,0.162634
16708,0.0307442,0.00010973926,0.969146
16709,0.7747727,0.011604883,0.21362247
16710,0.028228443,0.0030208626,0.9687507
16711,0.030595027,0.0017882814,0.96761674
16712,0.9511683,0.0042578406,0.04457389
16713,0.9141304,0.0030861096,0.08278349
16714,0.5684662,0.11121838,0.32031542
16715,0.9114919,0.022694418,0.06581374
16716,0.093466,0.03328817,0.87324584
16717,0.97266924,0.0020929053,0.025237838
16718,0.30993655,0.3579321,0.3321313
16719,0.9393486,0.0013251012,0.059326373
16720,0.98491156,0.0015764738,0.013511998
16721,0.87651306,0.0030803499,0.120406516
16722,0.4441473,0.094559036,0.46129367
16723,0.90917325,0.0038485583,0.08697817
16724,0.85804284,0.017199688,0.124757424
16725,0.92500156,0.005256635,0.06974179
16726,0.53543395,0.008463643,0.45610243
16727,0.9230662,0.0027127368,0.07422108
16728,0.90890324,0.0033809661,0.087715775
16729,0.9591737,0.01886661,0.021959677
16730,0.9148509,0.007168885,0.07798028
16731,0.9409288,0.0013774307,0.057693813
16732,0.97183156,0.004145492,0.024022922
16733,0.67826116,0.020900631,0.30083823
16734,0.010112524,0.012417171,0.9774703
16735,0.008228815,0.0020270604,0.9897441
16736,0.7445092,0.0039584273,0.25153235
16737,0.9880938,0.0005878517,0.011318346
16738,0.8062579,0.010170004,0.18357208
16739,0.9720133,0.0025057544,0.025480978
16740,0.989986,0.0013122082,0.008701726
16741,0.0019330432,0.00024714085,0.9978198
16742,0.9425327,0.0040443335,0.053422995
16743,0.97849506,0.010758699,0.010746204
16744,0.9339823,0.009494086,0.05652361
16745,0.9519556,0.0008119446,0.047232505
16746,0.092322044,0.0010693278,0.9066086
16747,0.44671512,0.008462606,0.54482234
16748,0.13354829,4.017634e-05,0.86641157
16749,0.7936777,0.00029410762,0.20602821
16750,0.9603777,0.007020968,0.03260137
16751,0.61572117,0.008436433,0.3758424
16752,0.98148066,0.014217311,0.0043020165
16753,0.9760393,0.0023711682,0.021589495
16754,0.96306777,0.004772867,0.0321594
16755,0.5542998,0.017087335,0.42861283
16756,0.9828356,0.006980057,0.010184389
16757,0.9046482,0.0007992797,0.094552584
16758,0.6940337,0.030844165,0.27512217
16759,0.107278496,0.0016064096,0.89111507
16760,0.9940148,0.0022404857,0.0037447899
16761,0.3119501,0.017032018,0.6710179
16762,0.97654265,0.0013261127,0.022131208
16763,0.9489946,0.0048534656,0.046152003
16764,0.99556524,0.002095993,0.0023387263
16765,0.0055734795,0.006084788,0.98834175
16766,0.012398665,0.003007493,0.98459387
16767,0.9559422,0.0028861873,0.04117155
16768,0.025880156,0.00021173217,0.9739082
16769,0.021549497,0.019347357,0.95910317
16770,0.8937092,0.017963678,0.08832712
16771,0.98355097,0.008799651,0.007649412
16772,0.9729346,0.0013691407,0.025696222
16773,0.9810393,0.0011033281,0.017857365
16774,0.34906217,0.0014392252,0.6494986
16775,0.932477,0.016397914,0.05112505
16776,0.025020128,0.00016946571,0.9748104
16777,0.9330377,0.0052103056,0.06175202
16778,0.8187662,0.034487117,0.14674677
16779,0.08648642,0.0031598217,0.9103538
16780,0.53044105,0.026369397,0.4431896
16781,0.8586593,0.005430699,0.13590997
16782,0.11219311,0.011290198,0.87651664
16783,0.95178676,0.004626237,0.043587
16784,0.94687146,0.004154466,0.048974108
16785,0.4251801,0.0006141542,0.57420576
16786,0.87457824,0.002703218,0.1227186
16787,0.011945046,0.0003667086,0.98768824
16788,0.92789596,0.0058960402,0.066208
16789,0.978303,0.001379644,0.02031733
16790,0.11876812,0.020125505,0.86110634
16791,0.89813155,0.040212635,0.06165581
16792,0.86209726,0.021864666,0.11603805
16793,0.6458121,0.0032490727,0.3509388
16794,0.10305006,0.0005875948,0.89636236
16795,0.940006,0.032868512,0.0271255
16796,0.76510185,0.012199009,0.22269917
16797,0.9726952,0.0022657579,0.025039088
16798,0.91630274,0.0023352585,0.08136195
16799,0.8248157,0.06497222,0.11021207
16800,0.7780838,0.0078740055,0.21404216
16801,0.983232,0.002509053,0.014258969
16802,0.011571638,0.00022025111,0.9882081
16803,0.0032546436,0.0005665361,0.99617887
16804,0.025930671,0.00060877146,0.9734605
16805,0.9329384,0.0026758357,0.06438576
16806,0.9496644,0.00287654,0.04745902
16807,0.72794455,0.0068466603,0.2652088
16808,0.9648241,0.0043348074,0.030841144
16809,0.77871656,0.006832518,0.21445096
16810,0.96081275,0.0060601193,0.033127155
16811,0.99460715,0.0016701509,0.0037227334
16812,0.9862953,0.00077277294,0.012931988
16813,0.98213756,0.0031380272,0.014724388
16814,0.0017365551,9.785791e-06,0.99825364
16815,0.5790772,0.023308307,0.39761454
16816,0.9764015,0.002338075,0.021260438
16817,0.97637606,0.0005046413,0.023119295
16818,0.9048647,0.0073155425,0.087819755
16819,0.8717231,0.0018700681,0.12640682
16820,0.94451606,0.021434188,0.034049775
16821,0.33073196,0.006381291,0.66288674
16822,0.0075264494,0.0005915121,0.991882
16823,0.64951533,0.29725814,0.053226493
16824,0.013079415,0.21527767,0.7716429
16825,0.15760018,0.031460166,0.81093967
16826,0.9261468,0.01712536,0.056727875
16827,0.90935725,0.017278157,0.07336453
16828,0.33386698,0.0059911446,0.6601418
16829,0.7691602,0.007033939,0.22380589
16830,0.11563489,0.7539391,0.13042605
16831,0.7734785,0.10614837,0.12037308
16832,0.15839522,0.096341684,0.7452631
16833,0.060788315,0.028227454,0.9109842
16834,0.78238726,0.0044322396,0.2131805
16835,0.98411995,0.0015365388,0.014343475
16836,0.865683,0.0036163623,0.13070065
16837,0.91014135,0.0033569993,0.086501665
16838,0.4748813,0.0062545137,0.5188642
16839,0.9395295,0.0020307628,0.058439724
16840,0.9628326,0.013625306,0.023542097
16841,0.93185776,0.0038200277,0.06432224
16842,0.8992766,0.00423699,0.096486375
16843,0.0014388302,0.00021447035,0.9983467
16844,0.9416928,0.00018433966,0.05812281
16845,0.94326556,0.0034644553,0.053269975
16846,0.96943295,0.018323174,0.012243874
16847,0.7656171,0.06237863,0.17200433
16848,0.9494866,0.017716512,0.03279683
16849,0.9834818,0.0055521377,0.010966019
16850,0.9834451,0.000434187,0.016120633
16851,0.3093682,0.0023172707,0.6883145
16852,0.8704878,0.016588926,0.11292331
16853,0.98833317,0.0003407618,0.011326152
16854,0.9734176,0.016625576,0.0099568395
16855,0.033871688,0.029151447,0.9369769
16856,0.23388492,0.06017007,0.70594496
16857,0.024001352,0.0004607479,0.97553784
16858,0.16886818,0.029077731,0.8020541
16859,0.9643703,0.0025483412,0.03308133
16860,0.3600244,0.0007072284,0.63926834
16861,0.4130585,0.010021275,0.5769203
16862,0.9579166,0.00082227355,0.04126115
16863,0.010663043,0.0050603654,0.98427653
16864,0.30240798,0.0034011283,0.69419086
16865,0.819111,0.065871835,0.115017176
16866,0.93044055,0.01611181,0.053447623
16867,0.9861265,0.006485426,0.0073881615
16868,0.5322447,0.017731259,0.45002404
16869,0.19165559,0.02097134,0.78737307
16870,0.8293814,0.0026993444,0.16791925
16871,0.97354525,0.00023394838,0.026220761
16872,0.96391046,0.017562417,0.018527167
16873,0.9667353,0.013040898,0.02022372
16874,0.9096961,0.0011978713,0.08910602
16875,0.30214548,0.0063666613,0.69148785
16876,0.47291473,0.36040395,0.1666813
16877,0.4284966,0.030425735,0.5410776
16878,0.9899155,0.0014009423,0.00868363
16879,0.865348,0.018602919,0.116049126
16880,0.85432035,0.010621217,0.1350585
16881,0.9926231,0.0038981263,0.0034788265
16882,0.99602556,7.336628e-05,0.0039010276
16883,0.95732695,0.0022058934,0.04046719
16884,0.024135448,0.004458898,0.9714057
16885,0.6497563,0.0068340306,0.34340963
16886,0.60179037,0.002197809,0.3960118
16887,0.93460894,0.0036142892,0.06177672
16888,0.77644074,0.08259735,0.1409619
16889,0.9887734,0.0010475247,0.010179106
16890,0.94991475,0.00047025396,0.04961499
16891,0.9113895,0.0034199979,0.085190415
16892,0.5307193,0.005171292,0.4641094
16893,0.7561694,0.07732055,0.16651005
16894,0.84087557,0.013094654,0.14602976
16895,0.88800013,0.00097332464,0.11102648
16896,0.93203884,0.011286935,0.05667425
16897,0.8920061,0.081373364,0.026620554
16898,0.96489954,0.0056726737,0.029427757
16899,0.9631605,0.00047869,0.036360748
16900,0.9600888,0.0021121379,0.03779905
16901,0.98363817,0.0017036652,0.014658115
16902,0.9894967,0.0033248016,0.0071784076
16903,0.95641404,0.0015580878,0.04202792
16904,0.85350037,0.03193574,0.114563845
16905,0.5476875,0.013183278,0.43912926
16906,0.7514718,0.0004083303,0.24811982
16907,0.9640577,0.016058948,0.019883366
16908,0.24902828,0.014691688,0.73627996
16909,0.97183526,0.007891901,0.020272834
16910,0.9857164,0.0033893762,0.010894197
16911,0.59392107,0.033866562,0.37221235
16912,0.9239481,0.004199918,0.07185199
16913,0.090015024,0.02529416,0.88469076
16914,0.69197977,0.14127736,0.16674283
16915,0.7845561,0.010319386,0.20512453
16916,0.7286935,0.004809237,0.26649725
16917,0.35104445,0.0043010297,0.6446545
16918,0.8524498,0.0013416526,0.14620857
16919,0.98011476,0.0050966456,0.014788596
16920,0.02892299,0.019477084,0.9515999
16921,0.36729333,0.009322816,0.6233839
16922,0.09295933,0.0025398587,0.9045008
16923,0.97711027,0.003741676,0.019148024
16924,0.92398554,0.010024078,0.06599036
16925,0.21620473,0.29816023,0.4856351
16926,0.01959882,0.00240161,0.9779995
16927,0.0036099313,0.0049734716,0.99141663
16928,0.9654669,0.009870892,0.02466219
16929,0.9036792,0.012262768,0.084058106
16930,0.004387362,0.00011293577,0.9954997
16931,0.8940376,0.013889605,0.09207279
16932,0.8905765,0.0010638823,0.108359635
16933,0.7763754,0.14331642,0.080308214
16934,0.9693894,0.0015608884,0.02904979
16935,0.90405464,0.018468278,0.07747707
16936,0.9857056,0.0040632505,0.010231093
16937,0.769865,0.008018899,0.22211617
16938,0.9755161,0.0019563904,0.022527497
16939,0.0058162115,0.0041663065,0.9900175
16940,0.12514374,0.0006335705,0.8742227
16941,0.94858485,0.002892132,0.04852306
16942,0.98523706,0.0026609036,0.0121019855
16943,0.8849244,0.012708189,0.10236746
16944,0.34458026,0.0068417885,0.6485779
16945,0.9928007,0.0008668156,0.006332479
16946,0.97122,0.0025756129,0.026204353
16947,0.9647748,0.007193829,0.02803132
16948,0.9376019,0.00292234,0.059475794
16949,0.013298086,0.00017876731,0.9865232
16950,0.9902401,0.0006129398,0.009147028
16951,0.9596656,0.019879727,0.020454666
16952,0.96775055,0.0012715091,0.030977905
16953,0.922085,0.015833976,0.062081043
16954,0.087846905,0.00055536424,0.9115977
16955,0.9871738,0.00027593237,0.012550333
16956,0.8521726,0.005017685,0.14280976
16957,0.98377305,0.004566184,0.011660832
16958,0.14251113,0.31488812,0.54260075
16959,0.014273945,0.00054376374,0.9851822
16960,0.95056415,0.028947884,0.020487979
16961,0.9775187,0.010999072,0.011482253
16962,0.779802,0.011524166,0.20867379
16963,0.97727144,0.0016481566,0.02108041
16964,0.05389913,0.007562162,0.9385387
16965,0.9112285,0.0075070495,0.081264496
16966,0.98908675,0.00078818336,0.010125041
16967,0.57367885,0.0076891487,0.41863203
16968,0.19119515,0.0035585235,0.80524635
16969,0.95251966,0.01218914,0.035291187
16970,0.8844042,0.0162556,0.099340215
16971,0.9167599,0.028676491,0.05456359
16972,0.98648596,0.00289427,0.010619776
16973,0.8482196,0.030673461,0.121106975
16974,0.014161453,0.0007287616,0.9851098
16975,0.25041866,0.017001392,0.73257995
16976,0.041260246,0.00895012,0.9497897
16977,0.9487799,0.0059203897,0.04529974
16978,0.9840464,0.0006422188,0.015311385
16979,0.8022075,0.03385204,0.16394044
16980,0.7720497,0.016827956,0.21112235
16981,0.57192004,0.0068864655,0.42119348
16982,0.972201,0.010917133,0.016881863
16983,0.9219714,0.0085294265,0.0694992
16984,0.59524405,0.025524413,0.3792316
16985,0.95629597,0.004246655,0.03945739
16986,0.038417608,0.018952055,0.94263035
16987,0.008321769,0.00014951103,0.99152875
16988,0.925083,0.006741437,0.068175636
16989,0.97032815,0.00093498547,0.028736845
16990,0.85972434,0.0016960122,0.13857965
16991,0.7841224,0.0053703906,0.21050718
16992,0.22563674,0.019847905,0.75451535
16993,0.93126917,0.0029747013,0.065756194
16994,0.63312393,0.006293245,0.3605828
16995,0.8926371,0.006389594,0.100973256
16996,0.94705033,0.011765836,0.041183796
16997,0.13868415,0.004310448,0.8570054
16998,0.031179352,0.0036084063,0.96521217
16999,0.8905332,0.007889405,0.10157742
17000,0.41235825,0.016972378,0.57066935
17001,0.04529829,0.0012007173,0.953501
17002,0.7706833,0.00025523896,0.22906145
17003,0.6351993,0.026326008,0.33847463
17004,0.73304707,0.014771394,0.25218153
17005,0.9553446,0.004098671,0.040556643
17006,0.98261285,0.0074023036,0.009984836
17007,0.8482872,0.0048630177,0.14684972
17008,0.9911651,0.0006073237,0.00822755
17009,0.9617357,0.022536166,0.015728109
17010,0.99283653,0.00021561871,0.006947859
17011,0.8053457,0.15529041,0.039363857
17012,0.7366374,0.004001065,0.25936157
17013,0.27516368,0.0013205366,0.72351575
17014,0.65689355,0.066597044,0.2765094
17015,0.7508599,0.0006084274,0.2485316
17016,0.58022827,0.008769552,0.4110022
17017,0.8647392,0.003940507,0.13132034
17018,0.9882151,0.00044080307,0.011344137
17019,0.1918908,0.0110068275,0.79710233
17020,0.98495877,0.00040523923,0.014636021
17021,0.8857996,0.02891207,0.0852883
17022,0.024391351,0.00050100806,0.9751076
17023,0.31246826,0.006624712,0.6809071
17024,0.96687686,0.0029350321,0.030188128
17025,0.09734562,0.0040311096,0.8986233
17026,0.9117913,0.00094801845,0.08726069
17027,0.96212333,0.002317227,0.0355595
17028,0.9798298,0.0013290336,0.018841205
17029,0.8773767,0.0012182673,0.12140507
17030,0.0013176757,3.0298865e-05,0.99865204
17031,0.9409059,0.010509259,0.0485848
17032,0.1746729,0.0019759259,0.82335114
17033,0.8187874,0.007511194,0.17370135
17034,0.9817915,0.00063423044,0.017574312
17035,0.6796572,0.046566054,0.2737767
17036,0.64146465,0.28034645,0.07818888
17037,0.9515471,0.00467842,0.0437745
17038,0.96638817,0.0051202364,0.02849158
17039,0.8095871,0.0087991925,0.1816137
17040,0.92847115,0.0098732645,0.061655585
17041,0.97666454,0.0005471555,0.022788247
17042,0.8702281,0.026107807,0.10366412
17043,0.9414171,0.0023361358,0.056246754
17044,0.46461272,0.2798493,0.25553802
17045,0.9836421,0.0004834612,0.015874436
17046,0.9872617,0.0010948107,0.011643502
17047,0.8851627,0.0031890753,0.111648284
17048,0.609991,0.004488095,0.38552088
17049,0.9697656,0.0074770274,0.02275743
17050,0.10591451,0.0011673033,0.89291817
17051,0.9866051,0.0013515464,0.01204333
17052,0.79714835,0.0073780855,0.19547357
17053,0.97805905,0.010153298,0.011787667
17054,0.93348604,0.0015051812,0.0650088
17055,0.95822287,0.021005776,0.020771306
17056,0.8695528,0.020504285,0.109942965
17057,0.9689681,0.0039214846,0.02711037
17058,0.24455713,0.25241986,0.50302297
17059,0.95453876,0.02293871,0.02252253
17060,0.9360141,0.02408322,0.039902695
17061,0.89664656,0.012376583,0.0909769
17062,0.8310454,0.0008457275,0.16810887
17063,0.99103504,0.0025293573,0.0064355726
17064,0.9641675,0.017080842,0.018751688
17065,0.92148685,0.027452802,0.051060356
17066,0.9280179,0.059862632,0.012119505
17067,0.76525587,0.027387662,0.20735647
17068,0.9806897,0.000433408,0.01887685
17069,0.35204053,0.03215576,0.6158038
17070,0.99353373,0.00025028412,0.006215946
17071,0.97524726,0.002956663,0.021796066
17072,0.96360874,0.014584287,0.02180699
17073,0.9066654,0.0061580697,0.087176554
17074,0.11596358,0.0072565526,0.87677985
17075,0.9785862,0.0012674744,0.02014638
17076,0.9706699,0.00056781946,0.028762225
17077,0.09080352,0.0028756226,0.90632087
17078,0.92846346,0.04023955,0.031297002
17079,0.98904955,0.003287361,0.0076631084
17080,0.010838266,0.000102236954,0.98905945
17081,0.2661878,0.0001845842,0.7336276
17082,0.0043361546,0.0002249951,0.9954389
17083,0.9907449,0.0019589649,0.007296215
17084,0.9581024,0.0035261845,0.038371455
17085,0.9836258,0.0005776865,0.01579646
17086,0.9260405,0.039120153,0.034839332
17087,0.94486547,0.009681226,0.04545329
17088,0.11018538,0.009550191,0.88026446
17089,0.9976769,0.0007016953,0.001621382
17090,0.77426255,0.0050280895,0.22070937
17091,0.23013403,0.00524729,0.7646187
17092,0.1179796,0.0014430762,0.8805774
17093,0.98423356,0.0025902095,0.013176216
17094,0.00015541949,6.9722237e-06,0.99983764
17095,0.94804966,0.0026689286,0.04928145
17096,0.12578964,0.040261257,0.8339491
17097,0.75927997,0.01858792,0.2221321
17098,0.88214874,0.013920086,0.103931166
17099,0.9313249,0.016894015,0.05178109
17100,0.4522556,0.020936085,0.5268083
17101,0.94626456,0.011437698,0.04229776
17102,0.17136343,0.018082837,0.8105537
17103,0.7616975,0.013575489,0.22472703
17104,0.7353542,0.03191407,0.23273174
17105,0.71252567,0.041381616,0.2460927
17106,0.8154082,0.0083154375,0.1762764
17107,0.05883268,0.0020341882,0.93913317
17108,0.01117222,3.151227e-05,0.98879623
17109,0.78992265,0.0007424313,0.20933491
17110,0.3020322,0.217433,0.48053482
17111,0.9672869,0.002820486,0.029892636
17112,0.56115156,0.032763686,0.40608472
17113,0.92944837,0.0031449744,0.06740664
17114,0.6518651,0.20997766,0.1381572
17115,0.98956674,0.00065819314,0.009774989
17116,0.893846,0.0132903205,0.092863694
17117,0.030148154,0.23456143,0.7352904
17118,0.43925324,0.008008477,0.5527383
17119,0.72106975,0.009426135,0.26950413
17120,0.8822938,0.0032992437,0.114406876
17121,0.88451254,0.0029540418,0.11253342
17122,0.98525596,0.008369317,0.0063747056
17123,0.7848183,0.06218742,0.15299432
17124,0.80588156,0.008994361,0.18512404
17125,0.863908,0.025212249,0.11087975
17126,0.969764,0.0016555381,0.028580407
17127,0.9842307,0.0009047748,0.014864586
17128,0.33440256,0.020505326,0.6450921
17129,0.86405075,0.021934241,0.11401505
17130,0.0075871143,0.00022073285,0.9921922
17131,0.4675045,0.008267083,0.52422845
17132,0.89185673,0.0053565213,0.10278674
17133,0.97860503,0.004282076,0.017112955
17134,0.9233986,0.00014386827,0.07645751
17135,0.25218973,0.0013606704,0.74644965
17136,0.010088352,0.0011880433,0.98872364
17137,0.81156206,0.0029114985,0.18552642
17138,0.98173136,0.00029813053,0.017970469
17139,0.9351028,0.009800054,0.055097178
17140,0.9780936,0.00072438695,0.021182073
17141,0.93216,0.009127824,0.05871218
17142,0.03362709,0.0101080425,0.95626485
17143,0.9844803,0.002052153,0.013467554
17144,0.8823916,0.0036458108,0.113962635
17145,0.9443371,0.004804778,0.050858058
17146,0.9485033,0.0048578302,0.046638794
17147,0.9421206,0.00024244912,0.057636965
17148,0.97047734,0.0013240275,0.028198645
17149,0.98441756,0.0055931984,0.0099892
17150,0.8443854,0.045947198,0.10966746
17151,0.9888271,0.0012303129,0.009942596
17152,0.10613911,0.011509074,0.8823518
17153,0.95711637,0.0010886414,0.041794978
17154,0.86278605,0.023364939,0.11384899
17155,0.045422662,5.4576813e-05,0.9545228
17156,0.046305813,0.0060578766,0.94763625
17157,0.16337544,0.0005205304,0.836104
17158,0.95512164,0.0032057404,0.041672666
17159,0.9812856,0.006487411,0.012227043
17160,0.9937688,0.003212463,0.003018754
17161,0.9062552,0.0018836558,0.09186115
17162,0.7740932,0.0062482418,0.21965854
17163,0.98074776,0.0043454967,0.014906724
17164,0.9475408,0.0062105423,0.046248667
17165,0.12931748,0.0071932967,0.8634892
17166,0.31826982,0.40356228,0.27816787
17167,0.9970522,0.00013183801,0.00281597
17168,0.94648814,0.0035265624,0.049985286
17169,0.9822334,0.0020137853,0.015752826
17170,0.8971158,0.0049778395,0.09790636
17171,0.9944031,0.00048272876,0.0051141544
17172,0.9399014,0.0035864331,0.056512177
17173,0.9401952,0.0067785173,0.05302623
17174,0.8563348,0.019979326,0.1236859
17175,0.9566501,0.008087581,0.035262328
17176,0.89123136,0.0063122106,0.102456495
17177,0.48303038,0.10192986,0.41503975
17178,0.014944655,0.00055522524,0.98450017
17179,0.36438045,0.0015327408,0.63408685
17180,0.9502338,0.0029480273,0.046818133
17181,0.92562205,0.0060194046,0.06835857
17182,0.9011861,0.0028705245,0.09594334
17183,0.25964215,0.0076714163,0.7326864
17184,0.9614532,0.025256893,0.013289916
17185,0.93806934,0.00086116436,0.0610695
17186,0.9567938,0.008305007,0.0349012
17187,0.8241962,0.015839484,0.15996434
17188,0.9096237,0.010046397,0.080329895
17189,0.964749,0.0012721777,0.033978898
17190,0.48689696,0.0072362553,0.5058668
17191,0.0005623278,2.0681922e-05,0.99941707
17192,0.009598591,0.15702185,0.83337957
17193,0.085729375,0.1064136,0.80785704
17194,0.004136433,9.6865995e-05,0.99576676
17195,0.0035736242,0.010702291,0.98572415
17196,0.043107223,0.18308565,0.77380717
17197,0.14510228,0.0007144006,0.8541833
17198,0.8766301,0.0170849,0.106284924
17199,0.9604509,0.002371757,0.037177347
17200,0.9538948,0.0025629888,0.043542232
17201,0.8660507,0.026600635,0.1073486
17202,0.9890581,0.0010690447,0.00987284
17203,0.80179745,0.006385985,0.19181655
17204,0.00038005834,3.0224812e-06,0.99961686
17205,0.51591295,0.063868575,0.42021844
17206,0.8375277,0.0046547865,0.15781751
17207,0.66608393,0.30801475,0.025901258
17208,0.9627089,0.007863881,0.029427271
17209,0.8760833,0.0032142894,0.12070242
17210,0.9961676,0.0016337379,0.0021986088
17211,0.9899144,0.00052632624,0.009559261
17212,0.82130754,0.007891337,0.1708011
17213,0.8527201,0.025847,0.1214329
17214,0.9881216,0.005833699,0.006044674
17215,0.98231757,0.0011561859,0.016526263
17216,0.13297373,0.022125911,0.8449004
17217,0.87617993,0.020119328,0.103700735
17218,0.044802763,0.0016539452,0.95354325
17219,0.22575639,0.00017274283,0.77407086
17220,0.8908946,0.016228497,0.092876956
17221,0.77123487,0.0009349923,0.22783019
17222,0.24888302,0.02760334,0.7235136
17223,0.97320235,0.003256628,0.023540998
17224,0.6485327,0.058920752,0.2925466
17225,0.9671718,0.0029397965,0.02988841
17226,0.9718227,0.005215444,0.022961928
17227,0.967046,0.011092906,0.021860998
17228,0.039224125,0.0021410862,0.95863485
17229,0.6498021,0.005970111,0.34422782
17230,0.39035714,0.02956308,0.58007973
17231,0.9743178,0.0128642265,0.012818009
17232,0.9767378,0.014044341,0.009217907
17233,0.5428208,0.005835506,0.4513437
17234,0.09433233,0.0058598476,0.8998079
17235,0.88981575,0.0010837305,0.10910051
17236,0.833549,0.11992466,0.046526346
17237,0.02172649,0.0013316261,0.9769419
17238,0.3441877,0.010621329,0.64519095
17239,0.036933936,0.03589896,0.92716706
17240,0.97436553,0.008916875,0.016717555
17241,0.19685704,0.0013890596,0.80175394
17242,0.9173534,0.0054156533,0.077230886
17243,0.07316241,0.019863,0.9069746
17244,0.026046438,4.398068e-05,0.9739096
17245,0.0061869537,0.00040309606,0.99340993
17246,0.9774711,0.001292558,0.021236304
17247,0.23309718,0.01248815,0.7544146
17248,0.9494087,0.007894795,0.04269649
17249,0.42583948,0.0034367677,0.5707237
17250,0.31280586,0.013496604,0.6736976
17251,0.90393907,0.004198342,0.09186255
17252,0.8045884,0.058394667,0.13701695
17253,0.9899844,0.00024581573,0.009769738
17254,0.13439968,0.0022424967,0.8633578
17255,0.9921187,0.00430306,0.0035781525
17256,0.95845413,0.0035132123,0.03803272
17257,0.9908851,0.004166309,0.0049486263
17258,0.9156455,0.001330903,0.08302364
17259,0.926535,0.0216136,0.051851384
17260,0.9173939,0.005005367,0.077600725
17261,0.9729524,0.010589462,0.016458146
17262,0.3509675,0.024938911,0.6240936
17263,0.9807889,0.00024130082,0.018969795
17264,0.84207475,0.085113615,0.07281163
17265,0.9726591,0.00019792121,0.02714292
17266,0.011698131,0.010897568,0.97740436
17267,0.9823669,0.003636701,0.013996357
17268,0.12730692,0.04003257,0.8326605
17269,0.9876908,0.0012645636,0.011044656
17270,0.99404126,0.0007666447,0.00519208
17271,0.5508129,0.022675967,0.42651114
17272,0.56907505,0.0050925566,0.4258324
17273,0.0776593,0.04721084,0.8751299
17274,0.96376127,0.0007220324,0.035516642
17275,0.9609385,0.02125897,0.017802542
17276,0.23540993,0.0026134436,0.76197666
17277,0.96600026,0.0047149723,0.029284768
17278,0.9322589,0.0011754476,0.06656571
17279,0.059485894,0.0027872594,0.93772686
17280,0.98048234,0.002246071,0.017271528
17281,0.9651851,0.0021866367,0.03262827
17282,0.9805886,0.00063473085,0.01877669
17283,0.9376011,0.0023891353,0.06000981
17284,0.7917946,0.027167838,0.18103755
17285,0.7315551,0.24307689,0.025368
17286,0.013174143,0.0011048887,0.985721
17287,0.10069308,0.0015048345,0.8978021
17288,0.24285358,0.033437002,0.72370946
17289,0.024346197,0.00035135305,0.9753025
17290,0.5161129,0.021633863,0.46225318
17291,0.36723197,0.11745969,0.5153083
17292,0.9930956,9.19023e-05,0.0068125306
17293,0.16039498,0.0013841358,0.8382209
17294,0.05630708,0.0019635179,0.94172937
17295,0.9889342,0.0018098372,0.009255931
17296,0.3261817,0.010415725,0.6634025
17297,0.9929766,0.00026691405,0.006756456
17298,0.07613611,0.0063562803,0.91750765
17299,0.81601346,0.03413308,0.14985345
17300,0.20871182,0.18995622,0.60133195
17301,0.915129,0.0028124854,0.08205851
17302,0.94016385,0.0036266285,0.05620959
17303,0.03773556,0.0011836763,0.9610808
17304,0.93992186,0.003163362,0.056914754
17305,0.014565507,0.0012546818,0.98417974
17306,0.98587286,0.0028554462,0.011271617
17307,0.96034634,0.009439926,0.030213682
17308,0.39288405,0.5188722,0.08824379
17309,0.9126925,0.004888311,0.082419164
17310,0.8500818,0.0023255215,0.14759272
17311,0.9903685,0.008209017,0.0014225775
17312,0.79690504,0.0086916145,0.19440338
17313,0.92003393,0.0006009595,0.079365075
17314,0.023200937,0.0049843863,0.9718147
17315,0.8667471,0.0028962784,0.13035668
17316,0.5083199,0.0062814667,0.48539865
17317,0.97668886,0.0012122449,0.022098811
17318,0.3767239,0.015460142,0.60781604
17319,0.0074874805,3.7900525e-05,0.9924746
17320,0.07923269,0.015249881,0.9055174
17321,0.92442685,0.002239082,0.07333408
17322,0.01943265,0.0029861974,0.97758114
17323,0.11375249,0.27361718,0.6126303
17324,0.42349824,0.081861325,0.4946405
17325,0.8946231,0.011877096,0.09349983
17326,0.9420959,0.016706286,0.04119781
17327,0.23909399,0.011385717,0.7495203
17328,0.59554327,0.0021885517,0.4022682
17329,0.7900926,0.009868648,0.20003875
17330,0.94817525,0.01245723,0.03936756
17331,0.8663719,0.06760125,0.06602683
17332,0.047518823,0.0030307472,0.94945043
17333,0.9776152,0.002191655,0.020193132
17334,0.8011428,0.14320792,0.05564927
17335,0.93768376,0.0038435808,0.058472645
17336,0.007181311,1.598834e-05,0.9928027
17337,0.17922881,0.01345182,0.8073194
17338,0.9624884,0.00508268,0.03242893
17339,0.96115035,0.0031101024,0.03573959
17340,0.57235277,0.121147834,0.30649936
17341,0.02594387,0.00406001,0.96999615
17342,0.9838141,0.0050716014,0.011114284
17343,0.9609402,0.010238113,0.028821738
17344,0.8950896,0.0023746844,0.1025357
17345,0.21225044,0.015374106,0.77237546
17346,0.015508402,7.7796474e-05,0.98441374
17347,0.3115794,0.012652646,0.67576796
17348,0.7446676,0.1778889,0.07744352
17349,0.54647243,0.22503327,0.22849429
17350,0.09397532,0.003921183,0.9021035
17351,0.94917077,0.0060427687,0.04478642
17352,0.00180473,0.00046393127,0.9977314
17353,0.21080646,0.005733987,0.78345954
17354,0.9737716,0.005897617,0.020330805
17355,0.9131056,0.006866934,0.08002749
17356,0.07161996,0.002893204,0.9254868
17357,0.9553085,0.015569073,0.029122429
17358,0.009402663,0.0003574143,0.99024
17359,0.988796,0.0011594666,0.010044549
17360,0.9780517,0.0043879887,0.017560227
17361,0.96871895,8.3036895e-05,0.031198038
17362,0.504708,0.028614528,0.4666775
17363,0.00823575,0.016043909,0.9757203
17364,0.87379557,0.003069308,0.12313512
17365,0.9725285,0.00043823253,0.027033204
17366,0.9182566,0.0015435719,0.08019989
17367,0.00338447,3.32039e-05,0.9965823
17368,0.7759791,0.015001672,0.20901921
17369,0.09646287,0.06088763,0.8426495
17370,0.9573819,0.02468207,0.017936036
17371,0.9709682,0.002494761,0.026536971
17372,0.0138764605,6.3722655e-06,0.9861172
17373,0.93355614,0.012485286,0.05395853
17374,0.9854715,6.0998438e-05,0.014467585
17375,0.019075163,0.00048580975,0.98043907
17376,0.8255337,0.050997447,0.123468794
17377,0.23849894,0.047039475,0.71446157
17378,0.94339097,0.03139855,0.025210517
17379,0.97657305,0.0008698872,0.02255712
17380,0.70873576,0.0011885111,0.29007575
17381,0.08990931,0.015447306,0.8946433
17382,0.8946588,0.008627443,0.096713744
17383,0.04905068,0.034337483,0.91661185
17384,0.813749,0.0014003948,0.1848506
17385,0.9804991,0.0017627224,0.01773816
17386,0.97334903,0.0009337214,0.025717245
17387,0.9376427,0.0032262434,0.059131123
17388,0.9445116,0.0059721814,0.049516212
17389,0.077592865,0.002741961,0.91966516
17390,0.9466206,0.0018366834,0.05154273
17391,0.0077989786,0.0014547937,0.99074626
17392,0.98416615,0.00083182397,0.015002004
17393,0.96761984,0.017059132,0.0153210405
17394,0.98969567,0.0013426206,0.008961754
17395,0.8425324,0.017032968,0.14043464
17396,0.6811598,0.0071106115,0.31172964
17397,0.059348498,0.008919839,0.93173164
17398,0.004728254,0.0035645235,0.99170715
17399,0.9255286,0.0005099649,0.0739615
17400,0.92676705,0.003400997,0.069831945
17401,0.02164626,0.005963102,0.97239065
17402,0.8727081,0.031000677,0.096291274
17403,0.014734902,0.0001989262,0.9850662
17404,0.56591374,0.032551713,0.40153453
17405,0.17056222,0.0052295863,0.8242082
17406,0.90427196,0.009025539,0.08670256
17407,0.032495894,0.00050262216,0.96700144
17408,0.8705064,0.018325634,0.11116792
17409,0.9794403,0.002173982,0.018385764
17410,0.0018674528,0.00033759375,0.997795
17411,0.49690542,0.017368406,0.48572618
17412,0.16351822,0.018148607,0.81833315
17413,0.74137336,0.0072134514,0.25141314
17414,0.99508804,0.00033868707,0.004573316
17415,0.56293666,0.016971422,0.4200919
17416,0.89925003,0.006638417,0.09411157
17417,0.9736993,0.0021595135,0.024141267
17418,0.22574364,0.6184076,0.15584877
17419,0.021123083,0.055085383,0.9237915
17420,0.9703718,0.0011196238,0.028508635
17421,0.8974659,0.0074851,0.095049
17422,0.7600235,0.011531799,0.22844476
17423,0.85549515,0.016502287,0.12800254
17424,0.97462827,0.0112822,0.014089502
17425,0.08464475,0.026872814,0.88848245
17426,0.98600185,0.0005453157,0.013452879
17427,0.8997498,0.005176322,0.09507388
17428,0.010344949,0.011513493,0.9781416
17429,0.43129578,0.005764126,0.56294006
17430,0.887533,0.0070775044,0.10538943
17431,0.00049915706,6.107274e-05,0.9994398
17432,0.8699493,0.01650961,0.11354107
17433,0.13989638,0.00057296053,0.8595306
17434,0.9302766,0.0043081255,0.06541533
17435,0.9536907,0.011143257,0.03516605
17436,0.0032598088,4.3138603e-05,0.99669707
17437,0.76991946,0.17550808,0.054572478
17438,0.9794663,0.0046287165,0.015904913
17439,0.9355404,0.0006452932,0.0638143
17440,0.8072113,0.0063109132,0.18647785
17441,0.9448625,0.008297248,0.046840314
17442,0.72565717,0.015068012,0.25927478
17443,0.21038398,0.105364285,0.6842518
17444,0.7444217,0.000512235,0.25506607
17445,0.011417357,0.002678729,0.9859039
17446,0.9166238,0.02114108,0.06223511
17447,0.96862733,0.008533338,0.022839399
17448,0.95495313,0.024769561,0.02027734
17449,0.0014414582,9.933714e-06,0.99854857
17450,0.9419822,0.02829973,0.029717986
17451,0.76184267,0.011593029,0.2265643
17452,0.9644509,0.000873048,0.034676015
17453,0.97296214,0.0016688533,0.02536906
17454,0.80515015,0.048726197,0.14612368
17455,0.97352093,0.0010959883,0.025383122
17456,0.9527191,0.031565838,0.015715009
17457,0.95709866,0.0029644724,0.039936844
17458,0.94769025,0.0018191625,0.050490577
17459,0.9660048,0.0040119267,0.029983228
17460,0.6144714,0.056660634,0.32886797
17461,0.8622133,0.008039911,0.12974678
17462,0.98064214,6.739558e-05,0.01929041
17463,0.52674913,0.0049208244,0.46833006
17464,0.9613536,0.007532582,0.031113816
17465,0.89579606,0.0076474687,0.09655642
17466,0.0630543,0.00077921705,0.9361665
17467,0.89105695,0.012053516,0.09688954
17468,0.29478306,0.012278291,0.6929387
17469,0.49288893,0.3841966,0.12291441
17470,0.9303196,0.00086550607,0.06881489
17471,0.9199071,0.010998166,0.06909476
17472,0.9984546,0.00029024956,0.0012551266
17473,0.09896414,0.021550821,0.879485
17474,0.9350302,0.0027324203,0.062237363
17475,0.0063745123,0.0002686743,0.99335676
17476,0.18853061,0.008255958,0.8032135
17477,0.95194954,0.0052994583,0.042750943
17478,0.96256435,0.016622739,0.020812845
17479,0.0029238788,8.392554e-05,0.99699223
17480,0.8900701,0.02042554,0.08950437
17481,0.98384285,0.0053005693,0.010856632
17482,0.95791847,0.0071464935,0.034935046
17483,0.91990924,0.011443837,0.068647
17484,0.9617194,0.021161115,0.017119464
17485,0.85726804,0.0007117755,0.14202018
17486,0.8991698,0.009378687,0.09145152
17487,0.9788302,0.00017023658,0.02099954
17488,0.031879324,0.0012933741,0.9668273
17489,0.31103605,0.039148998,0.64981496
17490,0.98045987,0.003713861,0.015826195
17491,0.96720314,0.0006511195,0.032145787
17492,0.9780272,0.0029688233,0.019003956
17493,0.19029042,0.0011067283,0.80860287
17494,0.992667,0.0011978799,0.0061350963
17495,0.7306086,0.12415601,0.14523542
17496,0.0002709998,6.763505e-05,0.9996613
17497,0.97761214,0.0037314487,0.018656434
17498,0.952587,0.00094107917,0.046471916
17499,0.9626464,0.023972398,0.0133812055
17500,0.9915086,0.002236969,0.006254475
17501,0.8355303,0.012495026,0.15197472
17502,0.46743044,0.010039324,0.5225302
17503,0.9922691,0.0018921709,0.005838778
17504,0.75353986,0.0003703025,0.24608982
17505,0.9924199,0.00043595466,0.007144145
17506,0.0012801021,7.158742e-05,0.99864835
17507,0.9463722,0.026545446,0.027082333
17508,0.996518,0.0009982905,0.0024836303
17509,0.7506982,0.059953507,0.18934828
17510,0.8233954,0.0036288057,0.17297584
17511,0.9964684,0.00012656338,0.00340497
17512,0.9704093,0.020223213,0.009367542
17513,0.9875437,0.00023400772,0.012222245
17514,0.7620637,0.0047009955,0.23323534
17515,0.9868286,0.0017873144,0.011384089
17516,0.73520607,0.01476756,0.2500264
17517,0.9920637,0.0012700448,0.006666202
17518,0.9753205,0.001392078,0.023287348
17519,0.73236036,0.16460921,0.103030436
17520,0.83690846,0.0024998733,0.16059166
17521,0.91331106,0.0021738436,0.0845151
17522,0.09434156,0.022241443,0.883417
17523,0.9140391,0.00221092,0.08375006
17524,0.834727,0.0067306235,0.15854244
17525,0.91389865,0.0031944786,0.08290693
17526,0.9733995,0.015253554,0.011346999
17527,0.9448781,0.0064317393,0.048690155
17528,0.38387558,0.0094845835,0.6066398
17529,0.8803365,0.012605422,0.10705809
17530,0.9198696,0.0017351714,0.078395225
17531,0.14072385,0.06374646,0.7955297
17532,0.37557694,0.07210654,0.5523165
17533,0.59442365,0.0049900967,0.4005862
17534,0.06664461,0.008060569,0.9252948
17535,0.92837477,0.004869072,0.06675614
17536,0.07177272,0.01113881,0.91708845
17537,0.983481,0.00023159648,0.016287407
17538,0.7174124,0.062620685,0.21996689
17539,0.5423712,0.017761411,0.43986738
17540,0.97769743,0.0016153536,0.020687193
17541,0.8615219,0.014964219,0.12351385
17542,0.92685646,0.011942776,0.06120077
17543,0.9794891,0.0040535806,0.016457358
17544,0.93326545,0.057250444,0.009484053
17545,0.90295345,0.0048490986,0.09219745
17546,0.98564804,0.0037131917,0.010638787
17547,0.89825463,0.011089193,0.0906562
17548,0.96588135,0.017290458,0.016828224
17549,0.22979894,0.016903559,0.7532975
17550,0.9051963,0.0012135948,0.09359007
17551,0.3450593,0.0047828094,0.65015787
17552,0.4017254,0.0240263,0.57424825
17553,0.87775916,0.0034843162,0.11875653
17554,0.6138591,0.22492099,0.16121988
17555,0.98578435,0.0021242753,0.012091376
17556,0.9181346,0.001140327,0.080724984
17557,0.025757937,0.02891066,0.9453314
17558,0.7642794,0.009513348,0.22620721
17559,0.5972491,0.02979141,0.37295952
17560,0.37540838,0.49994957,0.12464208
17561,0.07719085,0.001935773,0.9208734
17562,0.02035891,0.009434679,0.9702064
17563,0.7818069,0.0136162285,0.20457694
17564,0.019629102,0.00012429766,0.98024654
17565,0.9911671,0.004843853,0.0039890544
17566,0.4611931,0.004003836,0.53480303
17567,0.71978056,0.172925,0.10729439
17568,0.40876475,0.00017616202,0.591059
17569,0.9567812,0.006023232,0.03719552
17570,0.9364836,0.0014812143,0.062035155
17571,0.28056553,0.02215957,0.69727486
17572,0.87796575,0.0024737865,0.11956046
17573,0.66884714,0.006011667,0.3251412
17574,0.5322054,0.0018883774,0.4659062
17575,0.6998244,0.02229651,0.27787912
17576,0.96871614,0.027835127,0.0034487147
17577,0.07967779,0.06468606,0.8556361
17578,0.98659164,0.008079595,0.0053287786
17579,0.8544046,0.02025234,0.12534305
17580,0.7923345,0.0018725336,0.20579293
17581,0.95907074,0.002316153,0.03861317
17582,0.9805664,0.011828429,0.007605235
17583,0.0003884151,1.0956179e-05,0.9996006
17584,0.4637158,0.004657338,0.5316269
17585,0.97574335,0.015652113,0.008604486
17586,0.67587054,0.19450551,0.12962395
17587,0.95099384,0.00035485293,0.048651356
17588,0.08626415,0.0077989358,0.9059369
17589,0.91728026,0.012144551,0.07057519
17590,0.00095195306,0.00043358433,0.99861443
17591,0.757406,0.018493405,0.22410059
17592,0.8910599,0.024346435,0.08459367
17593,0.020938898,0.059169997,0.91989106
17594,0.67020756,0.25067863,0.07911378
17595,0.9872414,0.0032865233,0.009472064
17596,0.014461522,0.0021038733,0.9834346
17597,0.8507572,0.059079375,0.090163395
17598,0.9126524,0.00555404,0.0817936
17599,0.97623444,0.0014411444,0.022324426
17600,0.5609546,0.0016039163,0.43744153
17601,0.98422986,0.00016479351,0.015605329
17602,0.9956856,0.0003258251,0.003988582
17603,0.14428023,0.012814257,0.84290546
17604,0.7461272,0.00012991644,0.25374293
17605,0.89659476,0.0035805604,0.099824615
17606,0.5903221,0.009060033,0.4006179
17607,0.9848199,0.00081047975,0.014369625
17608,0.99144226,0.00071470486,0.007843047
17609,0.81648946,0.0002513751,0.18325911
17610,0.19006513,0.00066117605,0.80927366
17611,0.012767583,7.575277e-05,0.9871567
17612,0.9318347,0.0026620196,0.06550323
17613,0.6660588,0.006415432,0.32752582
17614,0.7226118,0.05410316,0.22328503
17615,0.954943,0.011704446,0.03335251
17616,0.8410888,0.09040497,0.068506286
17617,0.89720666,0.016813764,0.0859795
17618,0.90683293,0.0017471635,0.09141994
17619,0.91805077,0.006552977,0.075396225
17620,0.010404659,0.0001742523,0.9894211
17621,0.9596915,0.0005208619,0.03978765
17622,0.6564737,0.028252674,0.31527364
17623,0.8723078,0.012547607,0.115144655
17624,0.9602448,0.0069135143,0.032841668
17625,0.94284904,0.0047121793,0.05243875
17626,0.9458375,0.0038903716,0.0502722
17627,0.9574669,0.011495757,0.03103727
17628,0.7552343,0.032997314,0.2117684
17629,0.7860233,0.07237785,0.14159884
17630,0.98952496,0.0040374193,0.0064376136
17631,0.95481765,0.009122101,0.03606022
17632,0.92166966,0.0013680563,0.07696224
17633,0.9333351,0.037218347,0.029446576
17634,0.15866901,0.0043319077,0.83699906
17635,0.02161343,0.0034959118,0.9748907
17636,0.95803136,0.0046953904,0.037273213
17637,0.8363315,0.02067963,0.14298886
17638,0.9902081,0.0063655633,0.0034263926
17639,0.8992541,0.0027642855,0.097981624
17640,0.9529518,0.02285985,0.024188329
17641,0.91469663,0.04970112,0.03560224
17642,0.685403,0.16050714,0.1540899
17643,0.93811834,0.0014948907,0.06038682
17644,0.69572335,0.0313387,0.27293792
17645,0.68673176,0.038782105,0.27448615
17646,0.7290306,0.0033077651,0.26766166
17647,0.7378526,0.010136585,0.25201088
17648,0.13968538,0.00020776219,0.8601068
17649,0.9163431,0.007904469,0.07575243
17650,0.87060237,0.019269358,0.11012831
17651,0.9623541,0.002460129,0.035185717
17652,0.9492432,0.006080662,0.044676207
17653,0.9476805,0.0030179166,0.049301576
17654,0.23620217,0.46589887,0.297899
17655,0.49845833,0.05770953,0.44383213
17656,0.81879586,0.034702267,0.14650187
17657,0.24134146,0.006293434,0.75236505
17658,0.9379204,0.0050276252,0.05705196
17659,0.7255338,0.09558644,0.17887978
17660,0.9729959,0.009586292,0.017417857
17661,0.9370406,0.0022318761,0.06072751
17662,0.96127295,0.0076677147,0.0310593
17663,0.8377349,0.00935245,0.15291266
17664,0.9132197,0.043077968,0.043702308
17665,0.14685926,0.009592858,0.8435479
17666,0.94424653,0.0029750455,0.05277843
17667,0.9728829,0.0050598043,0.02205729
17668,0.9332967,0.027818631,0.038884636
17669,0.86203057,0.023409221,0.11456026
17670,0.57959265,0.0039084367,0.41649893
17671,0.9189954,0.0011688763,0.07983572
17672,0.004844524,0.0003241079,0.9948314
17673,0.9794998,0.0015066208,0.018993564
17674,0.17353283,0.050742555,0.77572465
17675,0.96423995,0.018406896,0.01735319
17676,0.9806075,0.0042525223,0.0151399765
17677,0.8834124,0.03811562,0.078471944
17678,0.89660573,0.004320104,0.09907422
17679,0.9437858,0.0056637106,0.050550465
17680,0.96961737,0.017653868,0.012728689
17681,0.939181,0.022011625,0.03880739
17682,0.017478287,0.0002756154,0.98224616
17683,0.9469892,0.0011249076,0.051885936
17684,0.8830271,0.055564363,0.061408553
17685,0.80584866,0.0068811825,0.18727021
17686,0.9250025,0.013424083,0.06157344
17687,0.5256372,0.024255466,0.45010734
17688,0.9337487,0.009048062,0.057203256
17689,0.9161896,0.0009624278,0.082848005
17690,0.00893014,0.008033659,0.9830362
17691,0.55696684,0.048010267,0.39502287
17692,0.97154963,0.0070039313,0.021446433
17693,0.9632912,0.0022726117,0.034436114
17694,0.64091676,0.07705607,0.28202716
17695,0.81084085,0.0024738587,0.18668534
17696,0.9290006,0.0058247303,0.06517469
17697,0.82494414,0.011998272,0.1630576
17698,0.6605786,0.014328431,0.3250929
17699,0.4849031,0.011216364,0.50388056
17700,0.8870346,0.038414612,0.074550845
17701,0.85371625,0.061883554,0.08440023
17702,0.5320006,0.022719735,0.44527972
17703,0.946122,0.0013856711,0.052492287
17704,0.966205,0.01164464,0.02215035
17705,0.97649616,0.0013792324,0.022124546
17706,0.7834569,0.00089806254,0.21564506
17707,0.0022607963,2.9670979e-05,0.9977095
17708,0.97199744,0.0028168613,0.025185691
17709,0.9630527,0.002108038,0.034839205
17710,0.006845769,0.004642806,0.98851144
17711,0.99068016,0.0007928203,0.00852698
17712,0.871097,0.010927453,0.11797553
17713,0.9079448,0.002259036,0.08979616
17714,0.5678465,0.0011774492,0.43097603
17715,0.88472766,0.0034904697,0.11178183
17716,0.8624509,0.09336828,0.0441808
17717,0.6321099,0.0052527105,0.36263743
17718,0.0279196,0.0023895195,0.9696909
17719,0.3808216,0.010008091,0.6091703
17720,0.21636014,0.0025671422,0.78107274
17721,0.9036429,0.06848497,0.027872175
17722,0.8920474,0.022701198,0.085251324
17723,0.9608234,0.0026568617,0.03651971
17724,0.28318784,0.011575942,0.70523626
17725,0.99442285,0.0030834686,0.002493734
17726,0.8664883,0.02108293,0.11242884
17727,0.9602517,0.003306445,0.036441855
17728,0.4035703,0.006444305,0.58998543
17729,0.91500527,0.010197346,0.074797355
17730,0.6625742,0.1647763,0.17264953
17731,0.9094932,0.011560389,0.07894636
17732,0.7901779,0.008610229,0.20121187
17733,0.0089353565,3.3185515e-05,0.9910315
17734,0.91210455,0.00498218,0.08291333
17735,0.79994446,0.019057672,0.1809979
17736,0.2736408,0.032110285,0.6942489
17737,0.45890078,0.37427443,0.16682483
17738,0.6515925,0.23458153,0.113825925
17739,0.9653959,0.0016773809,0.032926723
17740,0.9375645,0.0010348461,0.061400678
17741,0.8464807,0.012330165,0.14118911
17742,0.91462404,0.0032931394,0.082082845
17743,0.97722447,0.00017890963,0.022596635
17744,0.9355526,0.0073642014,0.057083186
17745,0.09133387,0.013409442,0.8952567
17746,0.99164855,0.0031537372,0.00519771
17747,0.9072487,0.07592904,0.016822288
17748,0.8602905,0.021788932,0.11792054
17749,0.96925193,0.0014875403,0.029260522
17750,0.7383805,0.012977736,0.24864173
17751,0.90131545,0.022046953,0.07663759
17752,0.9854313,0.0005676102,0.014001074
17753,0.87268704,0.04076486,0.08654808
17754,0.16465631,0.008081133,0.8272626
17755,0.9879842,0.00030657396,0.011709312
17756,0.36514145,0.4751758,0.15968277
17757,0.94169706,0.0006434122,0.05765952
17758,0.8915666,0.057210505,0.0512229
17759,0.99705064,0.0011677169,0.0017816377
17760,0.9256159,0.013749899,0.060634144
17761,0.8782696,0.013897112,0.10783325
17762,0.9827679,0.00207813,0.015153968
17763,0.89473706,0.03894101,0.06632194
17764,0.9030522,0.039247356,0.0577005
17765,0.7809488,0.012338888,0.20671229
17766,0.6076021,0.3082337,0.08416413
17767,0.061963312,0.004023891,0.9340128
17768,0.98680836,0.0054572765,0.007734346
17769,0.029155213,0.002231438,0.9686133
17770,0.010006423,0.0006576105,0.98933595
17771,0.9909773,0.0008119765,0.008210735
17772,0.9142522,0.0006280481,0.08511968
17773,0.8530664,0.08783367,0.05909987
17774,0.93198276,0.007929653,0.06008761
17775,0.4379425,0.006464535,0.55559295
17776,0.15377395,0.0018037684,0.8444222
17777,0.98838717,0.0073131025,0.0042997557
17778,0.06272302,0.006133134,0.9311439
17779,0.9497638,0.016605368,0.033630855
17780,0.9520737,0.0013948387,0.04653142
17781,0.8663967,0.017267223,0.11633611
17782,0.4232535,0.017724767,0.5590217
17783,0.9836795,0.003579519,0.012741016
17784,0.98712814,0.00048442217,0.012387483
17785,0.98118603,0.0027007742,0.016113125
17786,0.038876284,0.02176319,0.93936056
17787,0.26549366,0.0035229847,0.7309833
17788,0.992415,0.0016151617,0.0059698103
17789,0.07743044,0.002866664,0.9197029
17790,0.67668873,0.0179115,0.30539975
17791,0.9691658,0.0021474902,0.02868668
17792,0.00479101,3.7302354e-05,0.9951717
17793,0.48148876,0.006200681,0.51231056
17794,0.873644,0.010138159,0.11621789
17795,0.8176317,0.11204645,0.070321865
17796,0.03604927,9.426509e-05,0.9638565
17797,0.998283,0.00051978556,0.0011971851
17798,0.8918043,0.008788083,0.0994076
17799,0.57112175,0.028336043,0.40054226
17800,0.95875955,0.0057774787,0.03546296
17801,0.00087453757,0.00044010993,0.9986853
17802,0.9406894,0.0029827112,0.05632786
17803,0.8339505,0.009586662,0.15646288
17804,0.101984374,0.00487563,0.89314
17805,0.9445906,0.0031190936,0.052290317
17806,0.84468794,0.020129064,0.13518295
17807,0.0715644,8.538752e-05,0.9283502
17808,0.95939976,0.008388656,0.032211516
17809,0.016879423,0.0005814014,0.9825392
17810,0.16971873,0.017464595,0.8128167
17811,0.8922948,0.033805158,0.07390006
17812,0.9517029,0.0024599948,0.045837093
17813,0.92286676,0.004670447,0.072462745
17814,0.089325815,0.00027460055,0.91039956
17815,0.110757895,0.007638081,0.8816041
17816,0.9153724,0.0016672943,0.08296036
17817,0.9158016,0.024222257,0.059976194
17818,0.9552618,0.003956502,0.04078164
17819,0.974515,0.012318166,0.013166797
17820,0.9707089,0.010502684,0.01878842
17821,0.23843183,0.016865263,0.7447029
17822,0.9310869,0.011717559,0.05719553
17823,0.7256074,0.000588404,0.2738042
17824,0.4733407,0.015780032,0.5108793
17825,0.010566375,0.0021546432,0.98727894
17826,0.8903419,0.067255564,0.042402595
17827,0.9419968,0.0037078862,0.054295275
17828,0.96904695,0.00050670083,0.030446349
17829,0.95612484,0.011628199,0.032247018
17830,0.90067697,0.0024753525,0.09684773
17831,0.93558,0.04096611,0.023453886
17832,0.9676862,0.0008824063,0.031431407
17833,0.7615417,0.021688666,0.21676959
17834,0.97402847,0.007910952,0.018060608
17835,0.33670232,0.07988446,0.5834132
17836,0.25061312,0.1803987,0.56898814
17837,0.010135553,0.0030703691,0.98679405
17838,0.89889,0.00076527713,0.10034465
17839,0.97447306,0.0010361016,0.024490878
17840,0.89854425,0.006569199,0.0948865
17841,0.98928905,0.00088750396,0.009823431
17842,0.8794902,0.0036848485,0.11682502
17843,0.49142176,0.009032522,0.4995457
17844,0.02430634,0.0041676285,0.9715261
17845,0.49049476,0.0070628375,0.5024424
17846,0.9529727,0.00015779676,0.046869487
17847,0.13066366,0.010632807,0.85870355
17848,0.6222931,0.011309235,0.36639765
17849,0.12767898,0.013061226,0.8592598
17850,0.8881841,0.004332921,0.10748306
17851,0.27931064,0.0943241,0.62636524
17852,0.8929768,0.010702505,0.09632069
17853,0.9835175,0.007303502,0.009178987
17854,0.9740946,0.015112834,0.010792538
17855,0.8376617,0.09061382,0.07172449
17856,0.9290621,0.0012296827,0.06970815
17857,0.8048974,0.015782543,0.17932001
17858,0.024066003,0.09873294,0.8772011
17859,0.12350601,0.0021228343,0.8743712
17860,0.9112832,0.00024295507,0.08847381
17861,0.016813999,0.005210821,0.97797525
17862,0.9856038,0.0032402354,0.011155973
17863,0.96489775,0.0037446932,0.031357534
17864,0.96024454,0.0029960203,0.03675939
17865,0.83120644,0.03943269,0.12936081
17866,0.16892737,0.0029946067,0.828078
17867,0.9913272,0.0035728097,0.0050999303
17868,0.99109495,0.0010646629,0.007840397
17869,0.9908084,0.0023101666,0.0068814177
17870,0.5705142,0.008541039,0.42094478
17871,0.9564343,0.005726712,0.037839003
17872,0.96517485,0.002311494,0.032513674
17873,0.8056688,0.0057069478,0.1886243
17874,0.73281765,0.02135017,0.24583219
17875,0.5936565,0.011233462,0.39511004
17876,0.94810617,0.003797808,0.04809609
17877,0.8096847,0.027783997,0.16253133
17878,0.057945613,0.000120528486,0.9419339
17879,0.012175766,0.005155691,0.9826685
17880,0.97071093,0.00884778,0.020441253
17881,0.74460727,0.005428754,0.24996398
17882,0.23153025,0.0061009624,0.76236874
17883,0.9961994,0.00039105615,0.0034094523
17884,0.90306854,0.0013476273,0.095583804
17885,0.91284996,0.008568385,0.0785817
17886,0.062254865,0.0055013136,0.9322438
17887,0.99082655,0.00050325325,0.008670247
17888,0.82761383,0.009498929,0.16288717
17889,0.69115263,0.20705217,0.10179522
17890,0.65000737,0.109311394,0.24068123
17891,0.05635869,0.00067856157,0.94296277
17892,0.93369985,0.002381368,0.06391875
17893,0.4519334,0.0045480584,0.5435185
17894,0.033201925,0.0018468616,0.96495116
17895,0.9675304,0.0022036836,0.030265892
17896,0.10895539,0.003403916,0.8876407
17897,0.8331096,0.015969295,0.15092108
17898,0.96486145,0.0013081001,0.033830438
17899,0.8590103,0.0060848524,0.13490489
17900,0.96558875,0.010281598,0.02412967
17901,0.6939766,0.038204774,0.2678186
17902,0.5616081,0.00075660204,0.43763533
17903,0.8862802,0.002866971,0.11085282
17904,0.7996397,0.001483035,0.19887733
17905,0.75899225,0.027343297,0.21366441
17906,0.7503974,0.00074306055,0.24885958
17907,0.077223904,0.014058978,0.90871716
17908,0.22309577,0.19308119,0.583823
17909,0.85004896,0.02961605,0.120334975
17910,0.04251551,0.007264257,0.9502202
17911,0.0015490053,8.989593e-06,0.998442
17912,0.7933297,0.009245031,0.19742525
17913,0.0034376667,0.00056944124,0.9959929
17914,0.948257,0.02321298,0.02852993
17915,0.6553289,0.005011452,0.33965963
17916,0.25452703,0.018541731,0.7269313
17917,0.8988794,0.0031758982,0.09794468
17918,0.9620466,0.012307838,0.025645524
17919,0.9507969,0.01840934,0.030793812
17920,0.7251381,0.01462411,0.26023778
17921,0.27431652,0.0066762012,0.71900725
17922,0.98689073,0.0004785702,0.012630677
17923,0.7907382,0.09068322,0.11857859
17924,0.16232307,0.0056897146,0.83198726
17925,0.9012483,0.011575054,0.08717663
17926,0.93707716,0.0020327857,0.060889997
17927,0.30341005,0.025094269,0.6714957
17928,0.022200149,0.00012631323,0.97767353
17929,0.52508277,0.009705564,0.46521166
17930,0.9844344,0.0013472283,0.014218307
17931,0.51563555,0.0011242738,0.48324013
17932,0.19020596,0.0071550403,0.802639
17933,0.7326435,0.0038134812,0.26354304
17934,0.72540224,0.026032342,0.2485654
17935,0.05421746,0.01703963,0.9287429
17936,0.16476339,0.0019957046,0.8332409
17937,0.7244638,0.060793485,0.21474268
17938,0.92956126,0.0150075015,0.05543128
17939,0.8108201,0.0776849,0.11149497
17940,0.98957497,0.0010877738,0.009337289
17941,0.96213615,0.0066114757,0.031252343
17942,0.9847703,0.006679586,0.008550188
17943,0.9787662,0.0059389747,0.015294834
17944,0.8611195,0.0036147442,0.13526572
17945,0.9117491,0.021377716,0.06687316
17946,0.89985424,0.007991503,0.09215419
17947,0.87348676,0.07722429,0.04928894
17948,0.2748726,0.0016754759,0.7234519
17949,0.98154885,0.004860108,0.013590998
17950,0.98891187,0.0018370284,0.009251155
17951,0.9019999,0.0026288684,0.09537119
17952,0.09040774,0.0002109728,0.90938133
17953,0.7304004,0.005717717,0.2638819
17954,0.9507955,0.006371673,0.04283286
17955,0.03702174,0.0021719036,0.96080637
17956,0.9329499,0.007245906,0.059804227
17957,0.6560327,0.012146123,0.33182123
17958,0.0029120415,0.00010399034,0.99698395
17959,0.9215388,0.0063482285,0.07211299
17960,0.59354424,0.008591854,0.39786392
17961,0.0026797452,6.5189975e-05,0.997255
17962,0.9596844,0.0035294108,0.0367862
17963,0.94840384,0.0067371363,0.04485902
17964,0.9426253,0.006678256,0.05069649
17965,0.8139539,0.037434317,0.14861178
17966,0.894501,0.013133218,0.09236582
17967,0.8597063,0.02546311,0.11483064
17968,0.97206104,0.0035038842,0.024435049
17969,0.35412773,0.0056079035,0.6402644
17970,0.8389955,0.003659022,0.15734541
17971,0.9386522,0.0057362732,0.05561154
17972,0.79098547,0.005776794,0.20323774
17973,0.73424953,0.18609348,0.07965701
17974,0.986935,0.001117478,0.011947529
17975,0.83824354,0.0037936892,0.15796275
17976,0.98924595,0.0011780699,0.009575993
17977,0.029868789,0.016171291,0.9539599
17978,0.94235957,0.009499108,0.048141323
17979,0.9343961,0.006703941,0.058899947
17980,0.91308534,0.0013148985,0.08559973
17981,0.9242724,0.019983632,0.05574387
17982,0.7081997,0.019150538,0.27264982
17983,0.16779599,0.003036446,0.8291676
17984,0.7307409,0.05534646,0.21391268
17985,0.5323585,0.0019619032,0.46567956
17986,0.019105218,0.005635295,0.97525954
17987,0.012470699,7.592715e-05,0.9874534
17988,0.5602462,0.0018611754,0.4378926
17989,0.42081338,0.0040535303,0.5751331
17990,0.841718,0.023886533,0.13439544
17991,0.9354009,0.0026861425,0.061912943
17992,0.9657549,0.001368396,0.03287672
17993,0.96025205,0.009656435,0.030091489
17994,0.85727894,0.017536394,0.12518466
17995,0.81438977,0.07513501,0.110475205
17996,0.94188935,0.016209934,0.041900698
17997,0.95401996,0.025917275,0.020062778
17998,0.17955114,0.083302215,0.7371467
17999,0.91628116,0.01782186,0.06589703
18000,0.9500949,0.021591447,0.028313674
18001,0.96736753,0.0038998611,0.028732626
18002,0.6040295,0.011197551,0.384773
18003,0.9074882,0.013388918,0.07912279
18004,0.9578909,0.02062304,0.021486053
18005,0.9818357,0.007236482,0.010927856
18006,0.47607684,0.116773196,0.40714997
18007,0.7562926,0.0076170606,0.23609038
18008,0.8497437,0.09628807,0.0539682
18009,0.9512136,0.0020642863,0.046722185
18010,0.8212931,0.0056799534,0.17302692
18011,0.92768073,0.009939548,0.06237968
18012,0.7047689,0.022332221,0.2728989
18013,0.8720112,0.09715175,0.030837122
18014,0.88984764,0.0021526427,0.10799976
18015,0.89120567,0.008804423,0.099989936
18016,0.95513004,0.003851827,0.04101813
18017,0.81686866,0.006626199,0.17650512
18018,0.026503088,0.00067358353,0.9728233
18019,0.11708473,0.0005669817,0.8823483
18020,0.6293445,0.007359779,0.36329573
18021,0.9046488,0.008407625,0.08694358
18022,0.8921529,0.0265894,0.081257656
18023,0.98777336,6.4019914e-05,0.0121626705
18024,0.6317673,0.006733528,0.3614992
18025,0.9656975,0.004361403,0.029941102
18026,0.07189329,0.010579653,0.9175271
18027,0.92450583,0.022431666,0.053062517
18028,0.9853484,0.00324554,0.011406029
18029,0.9555662,0.0011666768,0.04326716
18030,0.79416615,0.00028580477,0.20554805
18031,0.9257255,0.010417719,0.0638568
18032,0.50527436,0.40376547,0.09096019
18033,0.940255,0.0015122271,0.058232814
18034,0.00051962654,7.087442e-05,0.99940956
18035,0.9748244,0.0019194807,0.023256052
18036,0.9593458,0.0032391262,0.037415035
18037,0.84938794,0.008521425,0.14209068
18038,0.96132636,0.0010871444,0.03758652
18039,0.876201,0.03966162,0.084137395
18040,0.71116674,0.011493729,0.27733955
18041,0.5245955,0.15443088,0.3209736
18042,0.012385089,0.00046019806,0.9871547
18043,0.9061304,0.015996851,0.07787274
18044,0.9897497,0.0023423284,0.007907942
18045,0.9677302,0.0037349265,0.0285348
18046,0.20958835,0.0052522565,0.78515935
18047,0.40186122,0.009027874,0.5891109
18048,0.66889846,0.0017528682,0.32934865
18049,0.93610644,0.00039695587,0.06349659
18050,0.9466505,0.020483434,0.032866113
18051,0.8856112,0.006160235,0.10822862
18052,0.9705748,0.010359176,0.019066067
18053,0.031734657,0.006638802,0.9616266
18054,0.13951595,0.03365295,0.82683104
18055,0.929021,0.018978179,0.052000806
18056,0.96063054,0.006328179,0.033041332
18057,0.95831585,0.0043559186,0.037328217
18058,0.7635776,0.10139407,0.13502833
18059,0.9053101,0.048639387,0.04605052
18060,0.31544387,0.13980713,0.54474896
18061,0.02770012,0.018058175,0.9542417
18062,0.9848856,0.0002712474,0.014843187
18063,0.8484075,0.012417355,0.1391751
18064,0.86550546,0.008582587,0.12591195
18065,0.822354,0.04102407,0.13662188
18066,0.67389244,0.014662936,0.31144458
18067,0.9745953,0.00064991694,0.024754776
18068,0.8834298,0.017423624,0.09914654
18069,0.9117402,0.019252079,0.069007754
18070,0.77551883,0.03688792,0.18759328
18071,0.2157198,0.005466604,0.7788136
18072,0.0051424233,2.2245838e-05,0.9948354
18073,0.99661463,0.0014671508,0.0019181827
18074,0.80904794,0.18015164,0.010800384
18075,0.97057086,0.0025545382,0.02687465
18076,0.9867779,0.00060095236,0.012621093
18077,0.94773126,0.004092196,0.04817653
18078,0.12965722,0.00047100804,0.86987174
18079,0.8854204,0.009192977,0.10538662
18080,0.97021735,0.013894514,0.015888067
18081,0.99662197,0.002023412,0.0013546722
18082,0.9507605,0.0006655064,0.04857408
18083,0.008187492,0.00010062766,0.99171185
18084,0.4557144,0.007448176,0.5368374
18085,0.9160302,0.010748389,0.07322143
18086,0.9030299,0.006759351,0.090210736
18087,0.9574962,0.0013903633,0.04111344
18088,0.54835993,0.06724721,0.38439286
18089,0.21784022,0.015901653,0.7662581
18090,0.9424873,0.019535458,0.03797722
18091,0.9577507,0.029494643,0.0127546545
18092,0.85197395,0.015481699,0.13254438
18093,0.8410597,0.0715203,0.08742007
18094,0.7493184,0.008898584,0.241783
18095,0.9906934,0.004753718,0.0045529273
18096,0.9852058,0.0012200716,0.013574094
18097,0.9611966,0.0041918405,0.034611523
18098,0.20657869,0.0017632669,0.79165804
18099,0.991422,0.0019180663,0.0066599688
18100,0.8391556,0.0040425216,0.15680192
18101,0.82049835,0.12688708,0.052614525
18102,0.18323784,0.37660068,0.44016147
18103,0.97707975,0.016654959,0.0062653054
18104,0.019697493,0.033407323,0.9468952
18105,0.9693254,0.0027267372,0.027947897
18106,0.9916978,0.00057177513,0.00773042
18107,0.8079551,0.016932823,0.1751121
18108,0.0080955615,0.0057261284,0.9861783
18109,0.85673755,0.05962978,0.08363269
18110,0.37683198,0.0105562955,0.6126117
18111,0.9702735,0.00012000454,0.029606473
18112,0.9895097,0.004187812,0.0063024415
18113,0.61025006,0.0010739663,0.388676
18114,0.1541641,0.29020348,0.5556324
18115,0.94209033,0.0048557147,0.05305397
18116,0.0024193188,4.212294e-05,0.99753857
18117,0.9403409,0.0028063713,0.05685277
18118,0.9111651,0.012868949,0.07596593
18119,0.9646997,0.00235431,0.032945987
18120,0.3136109,0.13890184,0.54748726
18121,0.9440722,0.0050872173,0.050840575
18122,0.36161166,0.043475393,0.59491295
18123,0.8293536,0.021463806,0.14918265
18124,0.8286735,0.0032116743,0.16811483
18125,0.5246509,0.2140363,0.26131287
18126,0.93353987,0.023416253,0.043043867
18127,0.28782094,0.048024163,0.6641549
18128,0.018199895,0.0009502435,0.9808499
18129,0.63574904,0.005724931,0.35852605
18130,0.9823301,0.006560791,0.011109051
18131,0.61589456,0.020094255,0.3640112
18132,0.52320784,0.0066198222,0.47017232
18133,0.9793307,0.0027227001,0.017946625
18134,0.010657514,0.0006992112,0.98864335
18135,0.9230633,0.011076721,0.06586005
18136,0.8360932,0.023954676,0.13995212
18137,0.10930593,0.09607949,0.7946146
18138,0.2867941,0.0058113793,0.70739454
18139,0.94292164,0.003896894,0.053181466
18140,0.9635247,0.009641902,0.026833363
18141,0.93931437,0.014757913,0.04592773
18142,0.8411152,0.039374743,0.119510114
18143,0.95256007,0.0025877552,0.044852186
18144,0.76473004,0.0022228386,0.23304711
18145,0.9618771,0.011461965,0.026660977
18146,0.6823029,0.043994993,0.2737021
18147,0.92778164,0.002714094,0.06950427
18148,0.95731145,0.005399105,0.03728951
18149,0.9882769,0.0043401425,0.007382937
18150,0.9554396,0.009715834,0.034844484
18151,0.8534319,0.014634281,0.13193384
18152,0.9754554,0.0011719693,0.02337261
18153,0.7408477,0.00065157673,0.25850073
18154,0.9111297,0.003162141,0.08570816
18155,0.63313633,0.09019283,0.2766708
18156,0.37298316,0.0039353603,0.6230815
18157,0.790903,0.04022976,0.16886732
18158,0.95110446,0.0006020252,0.04829358
18159,0.97340506,0.0047506997,0.021844264
18160,0.9409627,0.008410645,0.050626654
18161,0.45115924,0.08685946,0.46198133
18162,0.9598928,0.0011361175,0.03897101
18163,0.98831475,0.005901485,0.005783768
18164,0.70993423,0.013413433,0.27665228
18165,0.9727525,0.00060958834,0.026637929
18166,0.95027107,0.0069871107,0.04274185
18167,0.945143,0.0074434783,0.047413543
18168,0.9123274,0.003373819,0.084298715
18169,0.9584642,0.021942783,0.019593
18170,0.98581785,0.00092565874,0.013256433
18171,0.06312545,0.0050477255,0.93182683
18172,0.987588,0.0016021017,0.010809918
18173,0.97950095,0.0004242422,0.02007473
18174,0.75405437,0.004570165,0.24137552
18175,0.05292654,0.00071940763,0.94635403
18176,0.727929,0.012026503,0.26004452
18177,0.99519956,0.0010311402,0.0037692187
18178,0.2612281,0.006712827,0.73205906
18179,0.20651016,0.020859862,0.77263004
18180,0.64697975,0.07649319,0.27652708
18181,0.033957638,0.04573756,0.92030483
18182,0.9817784,0.00044775914,0.01777392
18183,0.81309056,0.017737092,0.16917239
18184,0.91807455,0.004611412,0.077314
18185,0.36413473,0.002399219,0.63346606
18186,0.97527164,0.0010152662,0.023713078
18187,0.8865738,0.04018652,0.07323968
18188,0.986566,0.0004726249,0.012961328
18189,0.9501048,0.0062645855,0.043630626
18190,0.93539894,0.040665776,0.023935342
18191,0.9570288,0.0026373717,0.04033385
18192,0.9734128,0.0032705104,0.023316706
18193,0.13561767,0.1033703,0.761012
18194,0.006934814,0.0032988575,0.9897663
18195,0.65275806,0.005615404,0.34162652
18196,0.95769846,0.010189796,0.03211174
18197,0.056740336,0.0009217266,0.9423379
18198,0.433091,0.005999538,0.56090945
18199,0.037455384,0.0023178349,0.9602267
18200,0.9436789,0.0066051553,0.04971598
18201,0.017099718,0.0016541922,0.98124605
18202,0.6071906,0.016022358,0.37678707
18203,0.9414339,0.0024288883,0.05613723
18204,0.98145974,0.0011157898,0.017424466
18205,0.00094839523,6.301347e-05,0.99898857
18206,0.99104214,0.00076024793,0.008197541
18207,0.93112856,0.0013831704,0.06748824
18208,0.901666,0.0026688345,0.09566517
18209,0.7789203,0.019356076,0.2017236
18210,0.9241406,0.012787361,0.06307203
18211,0.9336653,0.0071662003,0.059168555
18212,0.5701754,0.13646555,0.293359
18213,0.98363435,0.00965804,0.0067076366
18214,0.7624444,0.05166837,0.18588723
18215,0.37251744,0.026997546,0.600485
18216,0.9795663,0.003046728,0.017387021
18217,0.06947702,0.011840016,0.91868293
18218,0.8627667,0.047614235,0.08961907
18219,0.96694773,0.004260268,0.02879206
18220,0.26109695,0.010471778,0.7284313
18221,0.98818773,0.002398021,0.009414293
18222,0.0036617045,0.00029534157,0.99604297
18223,0.9065325,0.037255637,0.056211777
18224,0.40812662,0.045076665,0.5467967
18225,0.02550216,0.0062988745,0.9681989
18226,0.97479737,0.00102062,0.024182066
18227,0.004383533,0.0012445227,0.9943719
18228,0.36796856,0.10471316,0.52731824
18229,0.7154371,0.017557044,0.26700583
18230,0.91432077,0.004510307,0.08116887
18231,0.9152717,0.05912619,0.025602153
18232,0.97134024,0.0036170965,0.025042707
18233,0.9287253,0.0040168916,0.06725781
18234,0.68798923,0.008274516,0.30373624
18235,0.31033215,0.0012900371,0.6883778
18236,0.8304968,0.00045795,0.1690453
18237,0.8542136,0.0026277173,0.1431587
18238,0.927466,0.009820551,0.062713414
18239,0.044190284,0.2392495,0.71656024
18240,0.62918293,0.09349503,0.27732205
18241,0.7431147,0.058323566,0.19856171
18242,0.0032965126,0.00017894247,0.9965245
18243,0.9971343,0.001042465,0.0018231741
18244,0.893189,0.010691499,0.09611949
18245,0.60184216,0.01710419,0.38105366
18246,0.97756255,0.015018817,0.0074186698
18247,0.98602504,0.0013086991,0.012666312
18248,0.9240265,0.019357752,0.05661583
18249,0.08711243,0.0065429765,0.9063446
18250,0.87379867,0.10710401,0.01909731
18251,0.9505394,0.005329978,0.044130612
18252,0.78202677,0.009598305,0.20837492
18253,0.97309047,0.003595401,0.023314126
18254,0.9385014,0.032282375,0.029216237
18255,0.7723683,0.02870828,0.1989234
18256,0.20787252,0.016430503,0.77569693
18257,0.45686707,0.011235247,0.53189766
18258,0.88349205,0.028735135,0.087772734
18259,0.9618276,0.001920189,0.03625221
18260,0.30610713,0.01059668,0.68329614
18261,0.9881715,0.0014560123,0.010372494
18262,0.08978401,0.06082535,0.8493906
18263,0.9680562,0.006764434,0.02517932
18264,0.9846534,0.009909503,0.0054370463
18265,0.5124832,0.19016181,0.29735503
18266,0.8521087,0.00399049,0.14390083
18267,0.6231758,0.0026734294,0.37415078
18268,0.8546153,0.010225903,0.13515882
18269,0.75333506,0.0058047096,0.24086024
18270,0.031331915,0.035901077,0.93276703
18271,0.99207884,0.0013966098,0.0065245726
18272,0.9791642,0.003622764,0.017213093
18273,0.9630412,0.0034115075,0.033547267
18274,0.99058014,0.0007191035,0.008700801
18275,0.90517646,0.036262304,0.05856122
18276,0.05953174,0.0034591164,0.93700916
18277,0.88784444,0.0044017676,0.10775383
18278,0.9868623,0.00047796234,0.012659755
18279,0.9243411,0.034500975,0.041157942
18280,0.8668529,0.01944931,0.113697834
18281,0.7953185,0.012123585,0.19255793
18282,0.021879297,0.001065184,0.97705555
18283,0.9174394,0.0019403936,0.0806202
18284,0.8850749,0.008481308,0.1064438
18285,0.44556868,0.020344067,0.53408724
18286,0.94469506,0.006666372,0.048638497
18287,0.16990675,0.0039022996,0.8261909
18288,0.56165916,0.009180011,0.42916086
18289,0.009828069,0.00014686155,0.99002504
18290,0.9830671,0.0020048944,0.014928018
18291,0.9596533,0.00021102135,0.04013564
18292,0.20839064,0.0047706296,0.7868387
18293,0.9555731,0.0025332083,0.04189371
18294,0.18520045,0.0046865004,0.8101131
18295,0.9462651,0.0030242486,0.050710615
18296,0.9837661,0.0007890133,0.015444877
18297,0.9781666,0.004264215,0.0175692
18298,0.4237746,0.012211268,0.56401414
18299,0.90256673,0.003797285,0.09363594
18300,0.9502139,0.00398689,0.045799226
18301,0.98416835,0.0007579507,0.0150737725
18302,0.6766951,0.0025028288,0.3208021
18303,0.9828469,0.002566873,0.014586288
18304,0.9664658,0.008740159,0.024794007
18305,0.9043151,0.0016361114,0.09404878
18306,0.92882276,0.0016386543,0.06953854
18307,0.5619992,0.005947777,0.43205303
18308,0.88034254,0.08817282,0.0314846
18309,0.26286227,0.0049727308,0.73216504
18310,0.6283894,0.0006942339,0.37091634
18311,0.9265354,0.0045733782,0.0688912
18312,0.467755,0.016464166,0.5157808
18313,0.96839887,0.00077325123,0.030827835
18314,0.96038944,0.010024183,0.029586427
18315,0.51563424,0.00312691,0.48123884
18316,0.77151465,0.08193132,0.14655401
18317,0.8175066,0.009946555,0.17254682
18318,0.01812424,0.13531432,0.84656143
18319,0.97476137,0.015738962,0.009499742
18320,0.62810004,0.009048113,0.36285186
18321,0.8412955,0.0027591106,0.15594533
18322,0.0026046098,3.1825239e-06,0.9973922
18323,0.45185864,0.0031056853,0.54503566
18324,0.034840185,0.0032487153,0.9619111
18325,0.7375158,0.013525794,0.24895842
18326,0.98224455,0.008920226,0.008835265
18327,0.7016376,0.026547542,0.27181488
18328,0.97597176,0.0077933487,0.016234944
18329,0.85644186,0.0050830115,0.13847515
18330,0.8809433,0.026264064,0.092792645
18331,0.98220116,0.008299392,0.009499423
18332,0.36396068,0.04910534,0.586934
18333,0.6897914,0.13659754,0.17361107
18334,0.7399611,0.022492496,0.23754646
18335,0.8869962,0.001643028,0.111360736
18336,0.88988435,0.004570338,0.10554535
18337,0.973346,0.0020906425,0.024563344
18338,0.37258488,0.08037662,0.5470385
18339,0.9564091,0.017002746,0.02658818
18340,0.3909009,0.15197556,0.45712358
18341,0.98398376,0.0063474863,0.00966877
18342,0.7414412,0.010947893,0.24761093
18343,0.8680736,0.007219955,0.12470647
18344,0.9913156,0.0026279225,0.0060564457
18345,0.60743356,0.00955958,0.38300684
18346,0.59790295,0.0027000378,0.39939705
18347,0.9712848,0.0057469085,0.022968283
18348,0.97208774,0.0056251776,0.022287063
18349,0.85578233,0.00025324672,0.14396438
18350,0.24253508,0.086236894,0.671228
18351,0.9863434,0.009203657,0.0044529247
18352,0.88650155,0.10891328,0.004585187
18353,0.019992597,0.002722418,0.977285
18354,0.9744751,0.0017979277,0.023726994
18355,0.99421895,0.0027390723,0.003041989
18356,0.7710612,0.14639558,0.08254323
18357,0.80462605,0.0035030795,0.19187085
18358,0.22545558,0.22623192,0.5483125
18359,0.9757435,0.01794363,0.0063128574
18360,0.9297406,0.0026684362,0.067591
18361,0.95004106,0.014924578,0.035034303
18362,0.95543987,0.003255959,0.041304205
18363,0.1594492,0.17988892,0.6606619
18364,0.9711198,0.0062726852,0.022607481
18365,0.77622813,0.07726792,0.146504
18366,0.6679537,0.011890166,0.3201561
18367,0.9256918,0.0028843766,0.07142387
18368,0.9932341,0.00054366246,0.0062222667
18369,0.8044851,0.062868625,0.13264629
18370,0.0025106687,0.008657608,0.98883176
18371,0.45740518,0.057317518,0.4852773
18372,0.9327071,0.004786498,0.0625064
18373,0.99147016,0.00088191126,0.007647909
18374,0.9516463,0.007841833,0.040511902
18375,0.2270381,0.06803487,0.704927
18376,0.0045011463,0.00022156938,0.9952773
18377,0.98622835,0.0015895984,0.012181988
18378,0.96731156,0.015181272,0.017507147
18379,0.95588666,0.0026163133,0.04149708
18380,0.85794705,0.004708224,0.13734475
18381,0.003568283,0.00059641147,0.9958353
18382,0.98106396,0.008899391,0.010036622
18383,0.8424473,0.041162197,0.116390534
18384,0.9767188,0.005159982,0.01812126
18385,0.98017335,0.0008279797,0.018998664
18386,0.032741763,0.0002816238,0.9669766
18387,0.9708515,0.0014624879,0.02768603
18388,0.95631754,0.0036982435,0.03998419
18389,0.8368676,0.016941525,0.14619097
18390,0.7493464,0.059964832,0.19068883
18391,0.94344807,0.0037301334,0.05282184
18392,0.87389237,0.025069362,0.10103827
18393,0.80698806,0.010747887,0.18226406
18394,0.0018621916,0.00020470633,0.99793315
18395,0.96580094,0.004387907,0.029811164
18396,0.9910556,0.00079774857,0.008146679
18397,0.95050246,0.0111075295,0.038390018
18398,0.05616522,0.023042511,0.9207922
18399,0.8928199,0.012497371,0.09468277
18400,0.90152985,0.0016502389,0.096819885
18401,0.19877692,0.0098218145,0.79140127
18402,0.93054414,0.042172946,0.027282877
18403,0.8993133,0.04387156,0.056815162
18404,0.86382484,0.015608236,0.120566934
18405,0.97897744,0.004056025,0.01696649
18406,0.8597159,0.006180864,0.1341033
18407,0.98481673,0.0010030062,0.014180251
18408,0.716156,0.0050947336,0.2787493
18409,0.060856655,0.0011444472,0.93799895
18410,0.98148227,0.003370457,0.015147276
18411,0.93814707,0.0009763221,0.06087662
18412,0.15179601,0.02374383,0.8244602
18413,0.9708666,0.0024151492,0.026718253
18414,0.70151186,0.09121869,0.20726947
18415,0.99151057,0.0018743736,0.0066150236
18416,0.1906507,0.0016767099,0.8076726
18417,0.3304493,0.0037895488,0.6657612
18418,0.5866405,0.01244423,0.40091527
18419,0.5634644,0.008793281,0.42774236
18420,0.9310832,0.0032836322,0.06563323
18421,0.9355198,0.005063064,0.059417132
18422,0.56578743,0.0067602866,0.42745233
18423,0.008022772,0.00027197442,0.9917053
18424,0.19249034,0.12618797,0.6813217
18425,0.9521863,0.0030368974,0.044776805
18426,0.8705625,0.011679671,0.11775778
18427,0.991097,0.0025019394,0.0064011384
18428,0.011991972,0.0013565301,0.98665154
18429,0.049301565,0.009962139,0.94073635
18430,0.24650504,0.0025214,0.7509735
18431,0.9541009,0.00463439,0.04126469
18432,0.9903464,0.003322646,0.0063309697
18433,0.6878885,0.014534504,0.297577
18434,0.86644375,0.0010421791,0.13251403
18435,0.92575586,0.0017134774,0.07253066
18436,0.24880055,0.010727875,0.74047154
18437,0.029983433,0.0011581762,0.96885836
18438,0.61977094,0.013843042,0.36638603
18439,0.052815456,0.00390746,0.94327706
18440,0.96969527,0.0045143273,0.02579038
18441,0.9755204,0.0011208244,0.023358746
18442,0.7985244,0.00900079,0.19247478
18443,0.9899524,0.002083375,0.007964228
18444,0.0926365,0.048924588,0.85843897
18445,0.008739078,6.1984674e-06,0.9912547
18446,0.9729898,0.003874869,0.023135323
18447,0.99637187,0.001243424,0.0023847357
18448,0.0013025263,0.00018187084,0.99851555
18449,0.98781836,0.0019234291,0.010258175
18450,0.116395086,0.0006471181,0.8829578
18451,0.9416094,0.005627751,0.052762873
18452,0.78168815,0.008690854,0.20962101
18453,0.020244004,0.00036761697,0.97938836
18454,0.38320205,0.0052032787,0.61159474
18455,0.9021364,0.0015456018,0.09631801
18456,0.9362152,0.006261621,0.05752314
18457,0.9914233,0.00095581217,0.007620944
18458,0.8111891,0.027122771,0.16168809
18459,0.8545486,0.009157059,0.13629432
18460,0.9078097,0.007102724,0.08508755
18461,0.18182902,0.01034936,0.80782163
18462,0.95850897,0.007281937,0.034209102
18463,0.8141017,0.030314956,0.15558334
18464,0.0022915998,1.4220306e-05,0.9976942
18465,0.94562733,0.0039427504,0.050429944
18466,0.12890665,0.0015302631,0.86956304
18467,0.8472336,0.09278076,0.059985638
18468,0.93970484,0.0029736932,0.05732146
18469,0.9539886,0.0011591408,0.044852257
18470,0.85178477,0.0019680765,0.14624716
18471,0.59996814,0.0013198907,0.398712
18472,0.99374455,0.0007225216,0.005532999
18473,0.8195007,0.0062675504,0.17423178
18474,0.9720757,0.016861016,0.011063256
18475,0.7420865,0.0043777153,0.2535357
18476,0.9940906,0.0009403073,0.004969031
18477,0.89927614,0.004922819,0.09580098
18478,0.2415492,0.0034355663,0.75501525
18479,0.98253745,0.0014445883,0.016017906
18480,0.14716297,0.00029372322,0.85254335
18481,0.52032954,0.004143666,0.47552678
18482,0.07840935,0.000891544,0.92069906
18483,0.9617796,0.0032017108,0.0350187
18484,0.90292,0.0051012156,0.09197879
18485,0.020148395,2.6263438e-05,0.9798253
18486,0.2235737,0.00015067708,0.7762756
18487,0.03137632,0.009385068,0.95923865
18488,0.010346851,0.0018607705,0.9877923
18489,0.01283169,0.0061654085,0.9810029
18490,0.024761744,0.0019196947,0.9733185
18491,0.6335586,0.009199981,0.35724145
18492,0.8723933,0.015867777,0.111738876
18493,0.34206855,0.006539939,0.6513915
18494,0.9443371,0.004804778,0.050858058
18495,0.34596866,0.010450062,0.64358133
18496,0.0032645536,0.0012200793,0.9955154
18497,0.42403623,0.042449877,0.5335139
18498,0.967935,0.0147731025,0.017291853
18499,0.6646087,0.06430658,0.27108473
18500,0.82538986,0.04956991,0.12504019
18501,0.97600675,0.0039506583,0.020042593
18502,0.78181434,0.028750097,0.18943563
18503,0.6386101,0.007218514,0.35417134
18504,0.7810875,0.0012955122,0.21761702
18505,0.87758285,0.00918286,0.11323435
18506,0.95069104,0.0034155408,0.045893423
18507,0.006491834,0.0006671361,0.992841
18508,0.22968924,0.006613173,0.7636976
18509,0.030568093,0.000119725,0.9693122
18510,0.9797055,0.00040603013,0.01988846
18511,0.71357185,0.0018269997,0.28460115
18512,0.7212365,0.010707707,0.26805583
18513,0.85114026,0.006177399,0.14268227
18514,0.9138513,0.0063462323,0.07980245
18515,0.0074667376,0.0028727546,0.9896605
18516,0.93080467,0.0036683925,0.065526925
18517,0.22158992,0.20644005,0.57197005
18518,0.7523508,0.0055299187,0.24211925
18519,0.81314105,0.019331021,0.16752787
18520,0.95493656,0.014214774,0.03084861
18521,0.86309904,0.008352958,0.12854798
18522,0.863704,0.015368259,0.12092766
18523,0.34302595,0.018140629,0.6388334
18524,0.5570982,0.048289962,0.39461184
18525,0.9718137,0.012681392,0.015504942
18526,0.29880026,0.004690836,0.69650894
18527,0.8006512,0.027340665,0.17200819
18528,0.98927563,0.0036867454,0.007037656
18529,0.91181076,0.04311075,0.045078475
18530,0.9044646,0.018681455,0.07685396
18531,0.6245657,0.027821058,0.34761325
18532,0.9535775,0.022704879,0.023717651
18533,0.8182174,0.0020301659,0.17975238
18534,0.89849615,0.0033111575,0.098192714
18535,0.97040266,0.0072425934,0.022354707
18536,0.3336122,0.014707516,0.65168023
18537,0.895892,0.003243861,0.10086415
18538,0.8603785,0.12861212,0.01100941
18539,0.9708985,0.0040791226,0.02502232
18540,0.28276443,0.0077813333,0.70945424
18541,0.9835397,0.004426182,0.012034156
18542,0.39968908,0.0070254575,0.59328544
18543,0.078474104,0.00014814602,0.9213777
18544,0.89818794,0.011902325,0.08990972
18545,0.7699676,0.008398909,0.22163343
18546,0.9863668,0.002589195,0.011044024
18547,0.016389312,0.0003888343,0.9832218
18548,0.8334118,0.006165845,0.16042233
18549,0.9721552,0.005557089,0.02228769
18550,0.9839352,0.0034116404,0.012653191
18551,0.96076363,0.00054871547,0.03868763
18552,0.9755427,0.008893037,0.0155642675
18553,0.9756537,0.0012898904,0.023056442
18554,0.97710574,0.0013222578,0.021571968
18555,0.7211543,0.061460387,0.21738535
18556,0.98807317,0.002596414,0.009330346
18557,0.9810766,0.00024521333,0.01867815
18558,0.9186832,0.0055081444,0.075808726
18559,0.43495196,0.2440838,0.32096425
18560,0.98483986,0.0004542255,0.014705886
18561,0.967599,0.002175628,0.030225402
18562,0.89427376,0.009421419,0.096304856
18563,0.0055536777,0.00055443664,0.99389195
18564,0.18021534,0.47113726,0.3486474
18565,0.9891585,0.00021982324,0.01062174
18566,0.8787866,0.0030862994,0.118127026
18567,0.9185895,0.00873062,0.072679885
18568,0.996009,0.00049328525,0.0034977593
18569,0.8348909,0.072051845,0.0930573
18570,0.7002148,0.011636866,0.28814837
18571,0.9244751,0.013665135,0.061859787
18572,0.9657569,0.0046042516,0.029638808
18573,0.90569746,0.0367247,0.057577867
18574,0.7808275,0.02303087,0.1961416
18575,0.93551606,0.0055967905,0.05888709
18576,0.9508043,0.0065322425,0.04266347
18577,0.1566666,0.0085041225,0.8348293
18578,0.15447196,0.012240406,0.8332876
18579,0.12305978,0.0017181162,0.8752221
18580,0.045231137,0.008656115,0.9461127
18581,0.9925171,0.0010006626,0.00648225
18582,0.917285,0.011073008,0.07164197
18583,0.008231172,0.002060224,0.9897086
18584,0.94126695,0.0042443527,0.054488666
18585,0.90646523,0.056724384,0.03681034
18586,0.96901715,0.0046995436,0.026283354
18587,0.91642237,0.004091311,0.079486325
18588,0.896897,0.032574117,0.07052889
18589,0.9723088,0.0019434439,0.025747782
18590,0.9731006,0.0045502232,0.022349115
18591,0.761849,0.038940776,0.19921021
18592,0.015336164,0.0028609473,0.9818029
18593,0.5136831,0.0020701378,0.48424676
18594,0.013828173,0.00019070061,0.9859811
18595,0.96624637,0.0138068525,0.019946782
18596,0.15989928,0.009009305,0.8310914
18597,0.9773325,0.015156028,0.007511498
18598,0.6205898,0.0029129332,0.37649727
18599,0.9826052,0.00042497492,0.016969776
18600,0.9825372,0.008489688,0.00897304
18601,0.011793793,0.000389133,0.9878171
18602,0.9680586,0.0010234828,0.030917957
18603,0.6825683,0.002224287,0.3152074
18604,0.5689829,0.051451974,0.37956518
18605,0.8405471,0.0066320295,0.1528209
18606,0.5273025,0.04771397,0.42498353
18607,0.35122755,0.086665645,0.56210685
18608,0.75535274,0.007539,0.23710828
18609,0.7265063,0.016007084,0.25748664
18610,0.9648175,0.0029532383,0.032229174
18611,0.7219534,0.0063302014,0.27171645
18612,0.98833346,0.00177479,0.009891684
18613,0.63527876,0.0042069247,0.36051428
18614,0.89855,0.0025709046,0.09887915
18615,0.9640639,0.0137006985,0.022235438
18616,0.78922147,0.0027498645,0.20802872
18617,0.8297547,0.00903475,0.16121048
18618,0.9628594,0.01597876,0.021161877
18619,0.97623664,0.008150888,0.015612531
18620,0.9591209,0.0038734307,0.037005626
18621,0.9801158,0.011434692,0.008449509
18622,0.0087270485,2.713644e-05,0.9912458
18623,0.9023388,0.064102516,0.033558637
18624,0.9849132,0.005582891,0.009503875
18625,0.448318,0.052956905,0.4987251
18626,0.095727496,0.0004519236,0.9038206
18627,0.88792974,0.012790785,0.0992795
18628,0.8230277,0.008721298,0.16825107
18629,0.9808437,0.0042515816,0.014904671
18630,0.9678004,0.0019733119,0.030226339
18631,0.903491,0.07801979,0.018489145
18632,0.9301141,0.040576007,0.029309921
18633,0.054464586,0.00088108284,0.94465435
18634,0.7029365,0.020870494,0.2761931
18635,0.042699877,0.0047352468,0.95256484
18636,0.91419554,0.02617566,0.05962881
18637,0.5697746,0.0028560627,0.42736933
18638,0.9728327,0.014205431,0.012961871
18639,0.48669776,0.028731385,0.4845708
18640,0.46475723,0.24182676,0.29341602
18641,0.98187375,0.002147015,0.01597922
18642,0.9655797,0.0012566292,0.033163622
18643,0.99346715,0.0005893138,0.00594358
18644,0.88784486,0.01686059,0.09529453
18645,0.9260885,0.0035051603,0.07040633
18646,0.72431445,0.004621894,0.27106366
18647,0.98248476,0.0029506392,0.014564604
18648,0.96677154,0.0015633926,0.031665105
18649,0.020484546,0.0013171353,0.9781983
18650,0.9357465,0.0041728416,0.06008068
18651,0.53106076,0.03631474,0.4326245
18652,0.9273978,0.0075436532,0.06505857
18653,0.9761252,0.0028622888,0.021012586
18654,0.25119355,0.0116267335,0.73717976
18655,0.03412475,0.0326005,0.9332748
18656,0.00279537,0.00057643926,0.9966282
18657,0.8796251,0.00595234,0.11442261
18658,0.9963163,0.0029517736,0.00073183805
18659,0.2800676,0.044792525,0.6751399
18660,0.14390218,0.0042931945,0.8518047
18661,0.96497226,0.0150185,0.020009214
18662,0.9942624,0.0040071923,0.0017303381
18663,0.0024762142,0.00043560716,0.99708825
18664,0.28285086,0.16932108,0.5478281
18665,0.8982833,0.0055571054,0.09615956
18666,0.98197526,0.005695977,0.012328739
18667,0.7356374,0.012462414,0.2519002
18668,0.007875113,0.0001556036,0.9919693
18669,0.28080663,0.02354844,0.695645
18670,0.5679339,0.0026624694,0.4294036
18671,0.98178285,0.000707303,0.017509842
18672,0.009385397,0.0028965313,0.9877181
18673,0.91793966,0.05799903,0.024061361
18674,0.31618774,0.061173424,0.6226389
18675,0.23124918,0.00053347833,0.7682173
18676,0.19885625,0.00035305863,0.8007907
18677,0.96550035,0.0006068999,0.033892717
18678,0.88966125,0.0065248418,0.10381389
18679,0.93591654,0.0012107842,0.0628726
18680,0.94409937,0.013791084,0.042109575
18681,0.86352444,0.001224157,0.13525142
18682,0.99259573,0.00014507599,0.0072592637
18683,0.93677634,0.016476566,0.0467471
18684,0.83587706,0.12238861,0.041734308
18685,0.007826605,0.00048673252,0.99168664
18686,0.9627612,0.0022086066,0.035030205
18687,0.9864146,0.0028612688,0.010724127
18688,0.7458849,0.013933186,0.24018192
18689,0.045612454,0.001635712,0.9527518
18690,0.67034876,0.012488346,0.31716293
18691,0.1233372,0.010058121,0.8666046
18692,0.54619366,0.024954682,0.4288516
18693,0.8940777,0.0075195027,0.09840275
18694,0.92025983,0.005294262,0.074445985
18695,0.8210954,0.0065316693,0.17237288
18696,0.953797,0.014984946,0.031218145
18697,0.9608532,0.0041094297,0.03503735
18698,0.962806,0.0015172357,0.035676725
18699,0.9348205,0.004972285,0.060207173
18700,0.2091129,0.00017620654,0.7907109
18701,0.20651135,0.012121871,0.78136677
18702,0.75455844,0.018077971,0.22736363
18703,0.0032675155,8.2005216e-05,0.9966505
18704,0.43201303,0.009765108,0.5582219
18705,0.6637051,0.24198951,0.09430536
18706,0.6087231,0.022995837,0.3682811
18707,0.9522247,0.014559626,0.033215657
18708,0.80059314,0.009717369,0.1896895
18709,0.13341272,0.26729518,0.5992921
18710,0.20873186,0.69518137,0.09608682
18711,0.011448928,0.0010908105,0.98746026
18712,0.79218435,0.016644936,0.19117069
18713,0.8950299,0.003483879,0.101486206
18714,0.94519687,0.006944587,0.04785859
18715,0.8461528,0.0036481672,0.15019904
18716,0.014128518,0.00071883056,0.9851526
18717,0.9388416,0.014624679,0.04653372
18718,0.96586186,0.0019129545,0.032225214
18719,0.98931646,0.00024363316,0.01043989
18720,0.967104,0.010574793,0.022321241
18721,0.0011558903,2.1415502e-05,0.9988226
18722,0.94318086,0.008396507,0.04842269
18723,0.9661175,0.007543673,0.026338829
18724,0.7336623,0.00030001593,0.2660377
18725,0.9815701,0.0008337197,0.017596155
18726,0.8768236,0.01339796,0.109778434
18727,0.90770173,0.0035131094,0.08878514
18728,0.9006925,0.018094804,0.08121267
18729,0.98829544,0.00039900327,0.011305524
18730,0.008327517,2.3070294e-05,0.9916494
18731,0.78537303,0.017269006,0.19735794
18732,0.9648729,0.0010094384,0.034117687
18733,0.94100714,0.003154556,0.05583831
18734,0.7807836,0.0061596767,0.21305667
18735,0.7589036,0.18859981,0.05249654
18736,0.3174013,0.013079951,0.66951877
18737,0.23371743,0.08048839,0.68579423
18738,0.7827961,0.018337162,0.19886674
18739,0.37202874,0.052024044,0.5759472
18740,0.9873245,0.0036731071,0.009002418
18741,0.9877988,0.002673599,0.009527571
18742,0.9556677,0.0075519904,0.036780372
18743,0.010710267,1.0241257e-05,0.98927945
18744,0.6233922,0.0146842385,0.36192358
18745,0.008710859,0.00047995563,0.9908092
18746,0.987147,0.006253143,0.006599907
18747,0.96287596,0.023634395,0.013489602
18748,0.828891,0.0048904656,0.16621856
18749,0.90864813,0.00740868,0.083943136
18750,0.14132231,0.017581861,0.84109586
18751,0.9016236,0.032308158,0.06606819
18752,0.9663376,0.006931388,0.026730916
18753,0.056065354,0.0004986886,0.94343597
18754,0.98033285,0.0024737432,0.017193468
18755,0.1314677,0.0018854616,0.86664677
18756,0.025363907,0.0016238055,0.9730122
18757,0.96848565,0.0058960672,0.025618257
18758,0.09984288,0.0013454538,0.89881164
18759,0.44688764,0.03422047,0.5188919
18760,0.74074715,0.0031309437,0.2561219
18761,0.93624276,0.059291225,0.0044659614
18762,0.010840298,0.010271324,0.97888833
18763,0.934595,0.0028824527,0.06252256
18764,0.94629395,0.004262816,0.04944329
18765,0.056387693,0.0013705444,0.9422418
18766,0.98401916,0.00028381468,0.015697066
18767,0.81246823,0.009997696,0.17753409
18768,0.9139141,0.0077158725,0.07837001
18769,0.7820669,0.010511823,0.20742133
18770,0.07302356,0.0056126714,0.9213638
18771,0.9600167,0.004849205,0.0351341
18772,0.7129052,0.05212474,0.23497005
18773,0.98126745,0.00040314108,0.018329376
18774,0.88236463,0.009684726,0.10795063
18775,0.3519805,0.00070663774,0.6473129
18776,0.8824412,0.002242764,0.115315996
18777,0.9509851,0.018053394,0.030961521
18778,0.5092097,0.013522096,0.47726825
18779,0.6162781,0.017497042,0.36622488
18780,0.72064,0.09924589,0.18011409
18781,0.37967202,0.3257009,0.2946271
18782,0.8156454,0.000451826,0.18390273
18783,0.77051526,0.027023636,0.20246115
18784,0.31609428,0.07536561,0.6085401
18785,0.9253627,0.053289387,0.021347903
18786,0.8619728,0.015303367,0.12272382
18787,0.97874886,0.0029429325,0.018308202
18788,0.4328731,0.0056356466,0.56149125
18789,0.6430376,0.010480385,0.34648195
18790,0.7153752,0.015439096,0.26918572
18791,0.94418234,0.0016126612,0.054204967
18792,0.8799256,0.02095247,0.09912195
18793,0.12648575,0.010012766,0.8635015
18794,0.5098526,0.0065839216,0.4835635
18795,0.9606558,0.008333267,0.031010866
18796,0.86932695,0.010432838,0.12024017
18797,0.05013107,0.16718464,0.78268427
18798,0.3685899,0.03296183,0.5984483
18799,0.92722833,0.00574947,0.0670222
18800,0.9957378,0.0006974933,0.0035647263
18801,0.9758413,0.0045156665,0.019642998
18802,0.9546736,0.0024675017,0.042858876
18803,0.5434121,0.0035677825,0.4530201
18804,0.96654963,0.0123219965,0.021128394
18805,0.018883588,0.0009374984,0.9801789
18806,0.49747142,0.007599486,0.49492913
18807,0.97271717,0.0036012752,0.023681499
18808,0.93180066,0.01835631,0.0498431
18809,0.09054522,0.27513367,0.63432103
18810,0.9911829,0.0005344943,0.008282642
18811,0.9516218,0.0050833765,0.04329478
18812,0.9588615,0.003539781,0.03759876
18813,0.07849591,0.0040387246,0.9174654
18814,0.95587444,0.007836854,0.036288723
18815,0.96608716,0.0027938278,0.03111899
18816,0.79472643,0.035008345,0.1702652
18817,0.7643039,0.18717268,0.048523344
18818,0.99164164,0.004000924,0.004357466
18819,0.77728117,0.007979091,0.21473975
18820,0.9245417,0.0022772825,0.07318105
18821,0.36990157,0.011197756,0.61890066
18822,0.97770655,0.006524801,0.015768664
18823,0.54552567,0.010087509,0.4443868
18824,0.96594363,0.0012846788,0.03277169
18825,0.7312879,0.006843354,0.26186872
18826,0.94628775,0.005045212,0.048667092
18827,0.924962,0.006869821,0.06816816
18828,0.7523786,0.0033897725,0.24423167
18829,0.89871436,0.009031512,0.09225409
18830,0.93581426,0.0027391068,0.06144663
18831,0.8052841,0.00520504,0.18951087
18832,0.92172873,0.0010308046,0.07724043
18833,0.30106288,0.15748797,0.54144907
18834,0.87339777,0.08949921,0.037103083
18835,0.4054929,0.074046835,0.52046025
18836,0.055020593,0.006629853,0.9383496
18837,0.9806292,0.0007360988,0.018634738
18838,0.97856504,0.0077126934,0.0137223
18839,0.98295915,0.0034101715,0.01363068
18840,0.89687365,0.0410148,0.06211153
18841,0.96192837,0.030933008,0.007138573
18842,0.94746727,0.021695994,0.03083677
18843,0.96918607,0.012188786,0.018625123
18844,0.9155188,0.012446448,0.07203471
18845,0.048682645,0.0076003475,0.943717
18846,0.9360337,0.0036206138,0.060345672
18847,0.96342653,0.0036742734,0.032899134
18848,0.16584256,0.006460572,0.8276968
18849,0.98971504,0.0009173239,0.009367681
18850,0.9588815,0.015409775,0.025708739
18851,0.06948029,0.00029835515,0.9302214
18852,0.8348913,0.13186935,0.033239365
18853,0.9742552,0.0020973426,0.023647463
18854,0.91755056,0.0049810386,0.07746835
18855,0.9667458,0.011146569,0.022107672
18856,0.85765153,0.00483468,0.13751379
18857,0.9050039,0.0040771067,0.090919
18858,0.43053216,9.8513854e-05,0.5693694
18859,0.3971239,0.10435404,0.498522
18860,0.17300871,0.0018673418,0.82512397
18861,0.9924798,0.003958879,0.0035613605
18862,0.9452701,0.004415182,0.050314642
18863,0.79143816,0.012208357,0.19635345
18864,0.10284879,0.0013695619,0.89578164
18865,0.10035925,0.019173058,0.88046765
18866,0.9599284,0.0010999017,0.038971692
18867,0.24203387,0.004641972,0.75332415
18868,0.95334536,0.002645063,0.04400953
18869,0.95928854,0.0019149812,0.03879651
18870,0.89488614,0.02615077,0.07896305
18871,0.04889371,0.8606783,0.09042802
18872,0.9942226,0.00018176179,0.0055957
18873,0.040516585,0.00040648752,0.959077
18874,0.98569876,0.0053122705,0.008988997
18875,0.9613226,0.0036175956,0.035059765
18876,0.79649025,0.020885399,0.18262434
18877,0.08783833,0.0017004698,0.9104612
18878,0.99003255,0.0035406647,0.0064268247
18879,0.6416106,4.280052e-05,0.35834652
18880,0.02613007,0.008144559,0.96572536
18881,0.9531065,0.0024518499,0.044441618
18882,0.8972972,0.0063563604,0.09634646
18883,0.97541106,0.0021690584,0.022419946
18884,0.95948374,0.011758138,0.028758101
18885,0.9116658,0.003437509,0.08489674
18886,0.52716213,0.039470714,0.4333671
18887,0.9854477,0.0020320606,0.012520171
18888,0.18892832,0.017312856,0.7937588
18889,0.9858673,0.007269378,0.006863268
18890,0.9735825,0.0016298414,0.024787666
18891,0.0005353107,0.000120886696,0.9993438
18892,0.97488695,0.009619925,0.015493056
18893,0.06758101,3.3550987e-05,0.9323854
18894,0.007454427,0.0002723187,0.9922733
18895,0.012933423,7.238323e-05,0.9869942
18896,0.18885171,0.05565405,0.7554942
18897,0.97640014,0.0018350581,0.02176483
18898,0.11081854,0.00012763326,0.8890538
18899,0.8341023,0.0063657775,0.15953195
18900,0.9524555,0.00049340853,0.047051113
18901,0.31656694,0.008192114,0.675241
18902,0.35239577,0.346973,0.30063123
18903,0.9032371,0.005044272,0.09171864
18904,0.5829662,0.029379599,0.38765416
18905,0.08861641,0.7337078,0.17767577
18906,0.9923767,0.0040853596,0.0035379555
18907,0.94185656,0.020620229,0.03752317
18908,0.74459296,0.013195373,0.24221167
18909,0.5611959,0.23149201,0.20731208
18910,0.9746337,0.011211607,0.014154671
18911,0.047956027,0.0030995645,0.94894445
18912,0.21193999,0.004651009,0.783409
18913,0.95842695,0.007510431,0.034062665
18914,0.21075812,0.0016136009,0.78762823
18915,0.045258395,0.029480262,0.9252613
18916,0.9213532,0.06867147,0.009975242
18917,0.5115766,0.106161825,0.38226157
18918,0.87035114,0.017277837,0.112371035
18919,0.95897114,0.023424244,0.017604548
18920,0.9076644,0.067608625,0.024727
18921,0.9111193,0.021057371,0.06782335
18922,0.87831277,0.014145101,0.107542105
18923,0.4207083,0.010394842,0.5688969
18924,0.95837384,0.004479449,0.03714665
18925,0.6990318,0.059680484,0.24128771
18926,0.9917779,0.00068775855,0.0075343302
18927,0.9885135,0.0009366294,0.010549831
18928,0.29648897,0.4515661,0.2519449
18929,0.9837932,0.002332975,0.013873827
18930,0.013038994,5.9694494e-06,0.9869551
18931,0.9240957,0.0085970685,0.067307286
18932,0.71374893,0.003920813,0.28233024
18933,0.99696106,0.00078264566,0.0022563133
18934,0.9874714,0.0021953038,0.010333265
18935,0.3760966,0.0076154545,0.61628795
18936,0.899701,0.0070799664,0.09321899
18937,0.9649557,0.00048294576,0.034561366
18938,0.9259508,0.0030369689,0.07101221
18939,0.76618314,0.008189678,0.2256272
18940,0.9008635,0.020411277,0.07872521
18941,0.8967837,0.023555333,0.079660945
18942,0.10685992,0.021371169,0.87176883
18943,0.928813,0.00015066218,0.07103637
18944,0.9115374,0.0052169114,0.083245724
18945,0.91196126,0.006717852,0.08132087
18946,0.7927229,0.0055292808,0.20174783
18947,0.06856277,0.0018586058,0.92957866
18948,0.9739334,0.0058588115,0.020207854
18949,0.79390806,0.057055704,0.14903627
18950,0.53812087,0.07311178,0.38876736
18951,0.9855885,0.0073806606,0.0070307776
18952,0.9653571,0.010626253,0.02401658
18953,0.53931755,0.007803851,0.45287856
18954,0.9893379,0.00049620966,0.010165859
18955,0.16061127,0.16285537,0.67653334
18956,0.9629636,0.006687138,0.03034926
18957,0.8727063,0.013353652,0.11394011
18958,0.9024985,0.0024992153,0.09500225
18959,0.19353269,0.004749522,0.80171776
18960,0.123389885,0.0016437041,0.8749664
18961,0.92387474,0.029400107,0.046725105
18962,0.83339036,0.02685693,0.13975275
18963,0.06413059,0.007281679,0.92858773
18964,0.8883734,0.004747507,0.10687907
18965,0.89718616,0.0036945718,0.09911922
18966,0.94297886,0.0024161458,0.054604933
18967,0.86845046,0.00537948,0.12617
18968,0.9704443,0.0060086166,0.023547098
18969,0.1336138,0.01049545,0.8558907
18970,0.9666571,0.007434259,0.025908576
18971,0.002668705,2.2469287e-05,0.99730885
18972,0.06869086,0.0048207,0.92648846
18973,0.6184034,0.0012673871,0.38032922
18974,0.64416957,0.0023767916,0.35345367
18975,0.59392595,0.0077011934,0.3983728
18976,0.7646444,0.08817297,0.14718258
18977,0.95561266,0.020732393,0.023654968
18978,0.33402058,0.0048316955,0.6611477
18979,0.96048355,0.0026564714,0.036860008
18980,0.2290847,0.00040960152,0.77050567
18981,0.9541329,0.0010026447,0.044864397
18982,0.93709075,0.004749973,0.05815923
18983,0.09204581,0.0035164768,0.90443766
18984,0.047231697,0.004436046,0.9483323
18985,0.9910616,0.0008350602,0.008103285
18986,0.5490304,0.021241318,0.4297282
18987,0.74879587,0.010299439,0.24090466
18988,0.9711642,0.0028233435,0.026012396
18989,0.9774728,0.0016554138,0.020871751
18990,0.97192514,0.0040266197,0.02404822
18991,0.9563942,0.006199083,0.03740668
18992,0.01979214,0.000810308,0.9793976
18993,0.011007027,0.0007624632,0.9882306
18994,0.8576348,0.004125448,0.13823977
18995,0.02199312,0.024003614,0.9540033
18996,0.55480695,0.2577526,0.18744044
18997,0.2189551,0.0013554618,0.7796895
18998,0.609949,0.09534248,0.29470855
18999,0.8323631,0.10872027,0.058916617
19000,0.90284646,0.0021781726,0.09497543
19001,0.1126808,0.006003981,0.88131523
19002,0.8429682,0.072665356,0.08436635
19003,0.9280331,0.010991181,0.060975738
19004,0.86369663,0.006005471,0.1302979
19005,0.93432856,0.0073611657,0.05831035
19006,0.103321806,0.013848174,0.88282996
19007,0.9639191,0.004234896,0.03184599
19008,0.879045,0.01767458,0.10328038
19009,0.4076546,0.0025905273,0.5897548
19010,0.15268509,0.0077729947,0.8395419
19011,0.8699367,0.0059406334,0.12412266
19012,0.98889226,0.0018020902,0.009305645
19013,0.6234451,0.001410998,0.3751439
19014,0.36330906,0.030534297,0.60615665
19015,0.028941864,0.00014322477,0.97091496
19016,0.9845894,0.009168454,0.0062421574
19017,0.6657674,0.0033597976,0.3308728
19018,0.9689604,0.00181989,0.029219663
19019,0.84019834,0.0147874765,0.14501424
19020,0.9626808,0.0130101405,0.024309019
19021,0.027649667,0.0011455108,0.9712048
19022,0.97138524,0.0016088707,0.027005931
19023,0.8649478,0.009952297,0.12509994
19024,0.9874691,0.00031496774,0.01221591
19025,0.5771297,0.0033819792,0.41948825
19026,0.96622354,0.0006083353,0.03316806
19027,0.004352772,6.553688e-05,0.9955817
19028,0.7393003,0.007578243,0.2531214
19029,0.7552462,0.00043848073,0.24431531
19030,0.1905928,0.080010414,0.7293968
19031,0.34130082,0.092448734,0.56625044
19032,0.024194054,0.015942171,0.95986384
19033,0.9486992,0.0047109374,0.04658987
19034,0.94865704,0.002717765,0.048625253
19035,0.89527494,0.0061073406,0.09861769
19036,0.9498261,0.0035265388,0.046647284
19037,0.9671486,0.0028339121,0.030017523
19038,0.8883252,0.00958874,0.10208604
19039,0.9521044,0.009605245,0.03829041
19040,0.55999035,0.0013989788,0.4386107
19041,0.016006315,2.1007245e-05,0.98397267
19042,0.9859059,0.002728035,0.011366032
19043,0.9060928,0.0038008643,0.09010634
19044,0.8992327,0.023117831,0.07764951
19045,0.9914336,0.001345836,0.0072205095
19046,0.66591024,0.039542876,0.29454687
19047,0.9900883,0.0009952356,0.008916468
19048,0.12104535,0.0004315039,0.8785231
19049,0.9838833,0.010235618,0.005881022
19050,0.6036225,0.0052729333,0.39110458
19051,0.9491519,0.009303711,0.04154439
19052,0.9894699,0.0006027527,0.009927303
19053,0.65024704,0.0015349722,0.34821796
19054,0.038674347,0.0017340202,0.9595916
19055,0.22657463,0.0021804338,0.7712449
19056,0.928435,0.018790023,0.052774996
19057,0.9643841,0.005934076,0.029681863
19058,0.97337455,0.0055873916,0.021038117
19059,0.9324908,0.02150018,0.046009023
19060,0.9117716,0.005997929,0.08223046
19061,0.94463915,0.0006157723,0.054745108
19062,0.9451431,0.009244096,0.045612857
19063,0.1903203,0.017442502,0.79223716
19064,0.9371523,0.007299454,0.055548217
19065,0.025389584,0.010030086,0.96458036
19066,0.9724715,0.0016594937,0.02586904
19067,0.5005631,0.17194009,0.32749683
19068,0.8138391,0.023402184,0.16275871
19069,0.0006079064,0.0003363671,0.9990557
19070,0.050462153,0.008453814,0.9410841
19071,0.9770032,0.0026860414,0.020310778
19072,0.83643883,0.0041270256,0.15943414
19073,0.03995243,0.00155759,0.95848995
19074,0.46448824,0.000954826,0.5345569
19075,0.95451903,0.0056183073,0.039862704
19076,0.59578115,0.030219428,0.37399945
19077,0.3571803,0.3569918,0.2858279
19078,0.996842,0.00030718013,0.0028508296
19079,0.9583409,0.005770929,0.035888147
19080,0.3280892,0.046121616,0.62578917
19081,0.9087706,0.0022002421,0.08902916
19082,0.023638459,0.0017704834,0.974591
19083,0.7380027,0.2170144,0.044982918
19084,0.8775518,0.062153872,0.06029429
19085,0.9251141,0.009432519,0.06545335
19086,0.13695142,0.005720287,0.85732824
19087,0.93298656,0.05678617,0.010227239
19088,0.97550464,0.012433229,0.012062203
19089,0.9884679,0.002299323,0.009232744
19090,0.9926494,0.0019094669,0.005441153
19091,0.63028383,0.12985225,0.23986395
19092,0.98920584,0.0008508644,0.009943255
19093,0.0732662,0.0055774646,0.92115635
19094,0.83699447,0.009034606,0.15397094
19095,0.9539383,0.0190833,0.02697836
19096,0.73617667,0.03133038,0.23249294
19097,0.4981758,0.00575473,0.49606946
19098,0.59999144,0.031139638,0.36886892
19099,0.16563654,0.27298647,0.561377
19100,0.96157366,0.004444876,0.033981502
19101,0.99871683,0.00040049222,0.0008826787
19102,0.9422879,0.0017624623,0.055949647
19103,0.9759797,0.00058590114,0.023434374
19104,0.0787111,0.002693607,0.9185953
19105,0.0035798196,0.014965202,0.981455
19106,0.9346921,0.003852488,0.061455455
19107,0.15883155,0.35702205,0.48414633
19108,0.9759194,0.0010889124,0.022991702
19109,0.98328894,0.010682807,0.0060282703
19110,0.9282962,0.036044735,0.035659075
19111,0.7706748,0.011575207,0.21775
19112,0.9766358,0.00020032423,0.023163883
19113,0.09123276,0.008721298,0.90004593
19114,0.6377905,0.030550841,0.33165863
19115,0.10356639,0.0022900312,0.8941435
19116,0.44790503,0.008087743,0.54400724
19117,0.5861473,0.3355239,0.07832875
19118,0.9828796,0.0030577432,0.014062634
19119,0.97821575,0.0032754594,0.018508747
19120,0.9708589,0.0017031848,0.027437914
19121,0.9407225,0.0034560182,0.05582142
19122,0.88934577,0.0050572082,0.10559701
19123,0.045229457,0.0012030145,0.95356756
19124,0.9879995,0.0018372337,0.010163217
19125,0.8032034,0.018500881,0.17829573
19126,0.20756756,0.01764472,0.7747877
19127,0.045411445,0.0038237898,0.9507648
19128,0.017122265,0.0020244718,0.98085326
19129,0.994497,0.0021548206,0.0033482413
19130,0.8549153,0.008256244,0.13682838
19131,0.00615167,0.0005843339,0.99326396
19132,0.76321137,0.019727303,0.21706136
19133,0.012601209,0.0015938171,0.985805
19134,0.02354464,0.0075308504,0.96892446
19135,0.026171468,0.00013894645,0.97368956
19136,0.2759969,0.015226843,0.70877624
19137,0.9022867,0.00041917607,0.09729418
19138,0.60735756,0.20912537,0.18351701
19139,0.59935135,0.0062117875,0.3944368
19140,0.8734734,0.011187727,0.11533888
19141,0.91000134,0.036702003,0.05329669
19142,0.8857809,0.007413218,0.10680585
19143,0.9571573,0.005465636,0.037377093
19144,0.09290206,0.07657176,0.8305261
19145,0.9921267,0.00019921799,0.007674088
19146,0.023953363,0.00040231412,0.9756443
19147,0.9222624,0.0002607546,0.07747693
19148,0.9758253,0.00040318776,0.023771536
19149,0.09846515,0.0005197848,0.90101504
19150,0.0006234315,3.531702e-06,0.999373
19151,0.26472807,0.027029272,0.70824265
19152,0.22322176,0.05523475,0.7215435
19153,0.96609914,0.0069197775,0.02698105
19154,0.031141033,0.0052828724,0.9635761
19155,0.38075355,0.012089155,0.6071573
19156,0.9826775,0.0021945399,0.0151279345
19157,0.58732146,0.018098181,0.39458036
19158,0.9316154,0.025201626,0.04318292
19159,0.8764683,0.015021068,0.10851065
19160,0.9272591,0.0026501345,0.07009081
19161,0.9489871,0.0014308541,0.04958202
19162,0.6841269,0.008594095,0.30727905
19163,0.59640795,0.014539484,0.3890525
19164,0.94696444,0.0137154665,0.03932008
19165,0.8635373,0.11104721,0.025415482
19166,0.9189748,0.012320002,0.06870521
19167,0.96733356,0.00031989644,0.032346595
19168,0.4568144,0.028107386,0.5150782
19169,0.8260818,0.117122605,0.05679562
19170,0.88375187,0.04148145,0.074766695
19171,0.9713476,0.0016553815,0.026997088
19172,0.9802248,0.0021856986,0.017589536
19173,0.9743602,0.0018782777,0.023761502
19174,0.8492347,0.060464922,0.09030035
19175,0.8206525,0.015367678,0.16397984
19176,0.9944106,0.0017256393,0.0038637337
19177,0.8981568,0.0012408193,0.100602366
19178,0.13171835,0.006589225,0.8616925
19179,0.9592619,0.004126206,0.03661187
19180,0.08483173,0.0018399378,0.9133283
19181,0.022119066,0.00066254864,0.9772184
19182,0.7933845,0.010271555,0.19634396
19183,0.9688298,0.0037292985,0.027440935
19184,0.78413594,0.003414579,0.21244945
19185,0.27663124,0.23551755,0.48785117
19186,0.9745691,0.0005555986,0.024875345
19187,0.19834062,0.0022703223,0.79938906
19188,0.7181142,0.013997794,0.26788798
19189,0.9710814,0.0013313447,0.027587282
19190,0.98056465,0.0036671786,0.015768135
19191,0.022188498,0.007477455,0.97033405
19192,0.15371928,0.7025211,0.14375965
19193,0.99136084,0.0012041973,0.007434926
19194,0.91143906,0.0143435765,0.07421738
19195,0.3478844,0.007503589,0.644612
19196,0.017999133,0.002995563,0.97900534
19197,0.99386805,0.002347745,0.00378417
19198,0.059077233,0.011314123,0.92960864
19199,0.97263217,0.004194212,0.023173671
19200,0.007845494,0.017065933,0.9750886
19201,0.9789099,0.009104148,0.0119859595
19202,0.16527848,0.0038759916,0.83084553
19203,0.013917943,0.0039166696,0.9821654
19204,0.9227257,0.0028844334,0.074389905
19205,0.07068709,0.0027077408,0.9266052
19206,0.9503445,0.029091613,0.020563958
19207,0.04125079,0.008614219,0.950135
19208,0.6643535,0.005144503,0.33050206
19209,0.049478546,0.003111012,0.94741046
19210,0.90815544,0.014807596,0.07703695
19211,0.8225599,0.11744493,0.0599952
19212,0.16863792,0.003099774,0.8282623
19213,0.9889655,0.008792166,0.0022422983
19214,0.9414471,0.03017261,0.028380308
19215,0.8605031,0.0041999663,0.13529697
19216,0.9898039,0.0045527327,0.0056432993
19217,0.95895076,0.023869239,0.017179975
19218,0.32845896,0.018448336,0.6530926
19219,0.71332324,0.136871,0.14980577
19220,0.95076895,0.010437683,0.03879339
19221,0.8076063,0.022463549,0.1699302
19222,0.7579572,0.077803046,0.1642398
19223,0.55162024,0.0061469963,0.4422328
19224,0.99278426,0.0032844702,0.0039312434
19225,0.19405605,0.0020650486,0.8038789
19226,0.8971531,0.013734591,0.08911231
19227,0.9869676,0.0063706674,0.006661682
19228,0.6304709,0.003721382,0.36580774
19229,0.4067921,0.4072179,0.18599
19230,0.0002467539,7.520504e-05,0.999678
19231,0.92967695,0.0026242665,0.06769874
19232,0.9661962,0.012648029,0.021155799
19233,0.47337487,0.28344262,0.24318253
19234,0.865325,0.01986236,0.114812694
19235,0.96317565,0.003310397,0.03351393
19236,0.15909633,0.07753471,0.76336896
19237,0.9428879,0.010807562,0.04630455
19238,0.34328887,0.39936727,0.2573439
19239,0.47442815,0.2808369,0.24473493
19240,0.96761227,0.003216179,0.029171567
19241,0.99187875,0.00047769697,0.0076435925
19242,0.9897488,0.000124052,0.0101271905
19243,0.9618238,0.0057810917,0.03239504
19244,0.34153482,0.0068658935,0.6515993
19245,0.08758921,0.20148122,0.7109295
19246,0.32696092,0.017934965,0.65510416
19247,0.9529113,0.0008269997,0.046261676
19248,0.79274756,0.013387123,0.19386531
19249,0.021251213,0.023629168,0.95511955
19250,0.82335496,0.052331768,0.12431322
19251,0.8243534,0.0003864455,0.17526019
19252,0.9387728,0.001047461,0.060179774
19253,0.9887981,0.0050940285,0.006107881
19254,0.36620727,0.11303248,0.52076024
19255,0.99291503,0.0016609565,0.005424033
19256,0.581881,0.009719696,0.40839934
19257,0.5134576,0.049298037,0.4372444
19258,0.3266032,0.06383155,0.6095652
19259,0.98892003,0.005476549,0.0056034387
19260,0.9718015,0.007787701,0.020410795
19261,0.87165165,0.002341613,0.12600675
19262,0.7105147,0.008284472,0.28120083
19263,0.814075,0.03198404,0.153941
19264,0.9696102,0.0017309749,0.02865878
19265,0.4905002,0.0019827841,0.507517
19266,0.2961126,0.013035743,0.6908516
19267,0.9842009,0.00724606,0.008553038
19268,0.94933695,0.0045478325,0.04611521
19269,0.9911696,0.0011811128,0.007649346
19270,0.9822832,0.006709877,0.011006952
19271,0.9417129,0.026552213,0.031734895
19272,0.9200885,0.03961671,0.040294733
19273,0.96993756,0.001005871,0.02905651
19274,0.38810056,0.0040929317,0.6078065
19275,0.87355727,0.012477154,0.11396554
19276,0.057176135,0.007210087,0.93561375
19277,0.9850096,0.0005851989,0.014405149
19278,0.092445225,0.048659552,0.85889524
19279,0.65423876,8.865687e-05,0.34567258
19280,0.5172167,0.002445016,0.48033828
19281,0.95668244,0.026102526,0.017215021
19282,0.9739923,0.0012793787,0.024728343
19283,0.9367006,0.011458387,0.05184103
19284,0.92889845,0.014077682,0.057023827
19285,0.0069166888,4.3578202e-05,0.9930397
19286,0.9596309,0.02601555,0.014353517
19287,0.99453235,0.001988526,0.003479115
19288,0.9613604,0.003992256,0.03464733
19289,0.9137088,0.021322759,0.064968415
19290,0.98462325,0.0023695927,0.01300717
19291,0.2701482,0.005122187,0.7247296
19292,0.12352148,0.023638356,0.8528401
19293,0.318209,0.020046374,0.6617446
19294,0.80111593,0.055168927,0.14371517
19295,0.37373504,0.003934079,0.62233084
19296,0.6631003,0.0055454667,0.33135423
19297,0.9024427,0.0034617772,0.094095506
19298,0.93776834,0.009909017,0.0523226
19299,0.9790603,0.007140726,0.01379905
19300,0.9921744,0.0021902423,0.005635357
19301,0.80280846,0.076016806,0.12117474
19302,0.15902498,0.010186381,0.8307886
19303,0.9617645,0.004173694,0.03406181
19304,0.9171618,0.0039789323,0.07885928
19305,0.89366215,0.0532803,0.05305753
19306,0.8454044,0.077756844,0.07683871
19307,0.3077409,0.014659962,0.67759913
19308,0.8750568,0.0046243994,0.12031876
19309,0.98114854,0.0004582645,0.018393263
19310,0.9132249,0.0023413773,0.08443374
19311,0.81932044,0.05184023,0.12883933
19312,0.9857007,0.0009276289,0.01337159
19313,0.7760742,0.0150062,0.20891967
19314,0.58128655,0.00954755,0.40916592
19315,0.88747877,0.013810686,0.098710574
19316,0.88743764,9.986924e-05,0.11246247
19317,0.021147093,0.0055164695,0.97333646
19318,0.1590106,0.0008983679,0.84009105
19319,0.24105619,0.0016735027,0.7572703
19320,0.64227855,0.033863943,0.32385755
19321,0.7352451,0.18117927,0.08357556
19322,0.6809086,0.047636442,0.27145496
19323,0.945899,0.003897157,0.050203845
19324,0.89040154,0.043044124,0.06655433
19325,0.8476087,0.018294986,0.13409628
19326,0.88743615,0.0049522184,0.107611634
19327,0.5816943,0.01259092,0.40571475
19328,0.96154314,0.0037554333,0.03470143
19329,0.9633846,0.0007010212,0.035914395
19330,0.9534407,0.018717395,0.027841924
19331,0.0074492325,0.06662338,0.9259274
19332,0.8671859,0.0051352927,0.12767881
19333,0.7963226,0.02987228,0.17380507
19334,0.9586643,0.02272949,0.018606171
19335,0.78428847,0.012619853,0.2030917
19336,0.15184829,0.015482267,0.8326695
19337,0.99004316,0.000754469,0.009202348
19338,0.9343692,0.0027486754,0.0628821
19339,0.96346575,0.003193318,0.033340923
19340,0.23904559,0.006505167,0.75444925
19341,0.9601316,0.002546508,0.03732193
19342,0.9081409,0.0065807244,0.08527842
19343,0.04757849,0.0012962809,0.95112526
19344,0.9886828,0.006833811,0.004483345
19345,0.9893444,0.0008472631,0.009808293
19346,0.6858163,0.007059926,0.30712378
19347,0.92173916,0.0042512496,0.07400954
19348,0.9031946,0.055309884,0.041495442
19349,0.04703312,0.00200278,0.95096403
19350,0.9259268,0.017300293,0.056772884
19351,0.7793669,0.00026009287,0.220373
19352,0.34559488,0.0049245832,0.6494805
19353,0.99302447,0.0006653565,0.0063101873
19354,0.997045,0.00096859824,0.001986483
19355,0.9704114,0.0026333786,0.026955217
19356,0.5593104,0.34176123,0.0989284
19357,0.9531223,0.0009059083,0.04597172
19358,0.9784735,0.0016213837,0.019905113
19359,0.9228346,0.0075464756,0.069618925
19360,0.24398364,0.12142574,0.6345906
19361,0.9849695,0.00035448567,0.014676051
19362,0.9409343,0.015556369,0.0435093
19363,0.8038632,0.007130485,0.18900631
19364,0.43868843,0.0015744116,0.55973715
19365,0.5422476,0.35030904,0.10744336
19366,0.7501865,0.03288745,0.21692608
19367,0.8637147,0.0036016281,0.13268363
19368,0.9911869,0.00046199077,0.008351093
19369,0.91233796,0.005808748,0.08185326
19370,0.817408,0.0019895262,0.18060249
19371,0.90175945,0.006835831,0.091404796
19372,0.9768414,0.007642866,0.015515782
19373,0.9890693,0.000901985,0.010028748
19374,0.7252293,0.0138585735,0.2609121
19375,0.9278124,0.005403926,0.06678363
19376,0.90057546,0.0014038618,0.09802068
19377,0.0026592407,5.0327726e-06,0.99733573
19378,0.98847485,0.0004015356,0.011123614
19379,0.056499813,0.003578291,0.93992186
19380,0.94219023,0.007994038,0.04981572
19381,0.98060554,0.0009662076,0.018428192
19382,0.12404379,0.09222122,0.783735
19383,0.9554515,0.0015977691,0.042950775
19384,0.9048384,0.012982383,0.08217926
19385,0.78069395,0.00054859073,0.21875745
19386,0.43222454,0.0006935642,0.56708187
19387,0.906934,0.0046208524,0.08844512
19388,0.933811,0.0018789492,0.06431007
19389,0.7113652,0.017611222,0.2710235
19390,0.034310725,0.00070197723,0.96498734
19391,0.9801927,0.003371669,0.016435588
19392,0.8917527,0.015819278,0.09242802
19393,0.18665701,0.00045145414,0.81289154
19394,0.8758532,0.01556701,0.10857981
19395,0.9614964,0.003249223,0.035254363
19396,0.94011074,0.0018672287,0.05802199
19397,0.9797974,0.004319337,0.015883204
19398,0.0036198779,0.00027400008,0.9961061
19399,0.6126155,0.013547896,0.37383658
19400,0.91040623,0.00047217176,0.08912162
19401,0.43706965,0.017775109,0.5451552
19402,0.92123675,0.008327647,0.07043554
19403,0.93963283,0.0006350707,0.05973211
19404,0.8583353,0.026821367,0.11484333
19405,0.9752178,0.0024483872,0.022333864
19406,0.077771805,0.0008555935,0.9213726
19407,0.96695465,0.0007219268,0.032323472
19408,0.8585501,0.0038883053,0.13756163
19409,0.41737962,0.01819182,0.56442857
19410,0.989655,0.0026848032,0.0076602018
19411,0.97251815,0.019155497,0.008326372
19412,0.87307733,0.01359638,0.113326326
19413,0.0012685221,8.004304e-06,0.99872345
19414,0.35677463,0.0135773225,0.62964803
19415,0.98712885,0.0012021441,0.011668989
19416,0.5008951,0.004174613,0.49493027
19417,0.14972955,0.20442891,0.64584154
19418,0.9015681,0.0011304816,0.09730141
19419,0.6480145,0.008391323,0.34359416
19420,0.9351161,0.011350695,0.05353321
19421,0.86994946,0.0057040243,0.12434653
19422,0.9322053,0.0034401782,0.06435453
19423,0.9840645,0.0001881866,0.015747285
19424,0.9656991,0.0014864658,0.03281438
19425,0.8915957,0.039628744,0.06877555
19426,0.6196955,0.020959575,0.3593449
19427,0.90691745,0.013788831,0.07929377
19428,0.03203128,0.0004318824,0.9675368
19429,0.99380636,0.0012137883,0.0049799234
19430,0.6402694,0.004535747,0.35519484
19431,0.87635934,0.07233741,0.05130324
19432,0.12457705,0.013513134,0.8619098
19433,0.88840735,0.037840437,0.07375215
19434,0.96321934,0.007121236,0.029659454
19435,0.9959253,0.00047762075,0.0035970677
19436,0.15885909,0.05523395,0.7859069
19437,0.9950429,0.00023293821,0.004724072
19438,0.441775,0.008314494,0.54991055
19439,0.59455055,0.02260337,0.38284606
19440,0.8928198,0.0048008505,0.102379374
19441,0.10128148,0.0023000576,0.8964185
19442,0.93073714,0.002438917,0.066823974
19443,0.012097973,0.0013728306,0.98652923
19444,0.88919246,0.0028419294,0.10796561
19445,0.95319307,0.00080227293,0.046004716
19446,0.9837171,0.0029207594,0.013362191
19447,0.8995578,0.012085085,0.08835711
19448,0.9567786,0.013289396,0.029932018
19449,0.000547553,4.691594e-05,0.9994055
19450,0.12409354,0.0004837944,0.87542266
19451,0.8037477,0.02628766,0.16996463
19452,0.17425086,0.009392639,0.8163565
19453,0.97486997,0.009668421,0.01546162
19454,0.8233133,0.0047511226,0.17193563
19455,0.98521984,0.0004999696,0.014280209
19456,0.4555216,0.007568288,0.53691006
19457,0.02273537,0.002553582,0.97471106
19458,0.9107992,0.001417637,0.08778316
19459,0.8618898,0.0023305349,0.1357797
19460,0.615897,0.0008316786,0.38327128
19461,0.896696,0.01767608,0.08562789
19462,0.69657594,0.008595882,0.29482815
19463,0.92184854,0.011698917,0.066452496
19464,0.7158654,0.061647423,0.22248715
19465,0.9696305,0.0070628445,0.023306683
19466,0.98036045,0.0025670456,0.01707255
19467,0.7627806,0.006183362,0.23103607
19468,0.9351908,0.0007943558,0.06401481
19469,0.038574364,0.003368371,0.9580573
19470,0.89731866,0.018096738,0.08458454
19471,0.84698576,0.042031545,0.110982694
19472,0.12591192,0.0014071399,0.87268096
19473,0.9334477,0.010355575,0.056196768
19474,0.49787286,0.012064546,0.49006262
19475,0.9610167,0.0011923766,0.037790943
19476,0.10239053,0.02780535,0.86980414
19477,0.98123324,0.0023631149,0.01640366
19478,0.094449446,0.004421413,0.90112907
19479,0.86852753,0.008786171,0.122686304
19480,0.23325327,0.012307019,0.7544398
19481,0.028200045,0.00054795115,0.97125196
19482,0.7878374,0.005328461,0.20683414
19483,0.97568583,0.01578599,0.008528253
19484,0.71136427,0.001432413,0.28720337
19485,0.055335082,0.0026884372,0.94197655
19486,0.7665888,0.005752918,0.22765827
19487,0.89066356,0.058464866,0.050871585
19488,0.8638556,0.011209905,0.12493448
19489,0.96949345,0.00029097826,0.030215582
19490,0.98295087,0.0040489496,0.013000163
19491,0.94513273,0.007931001,0.046936262
19492,0.9613441,0.012281058,0.026374863
19493,0.042823948,0.0004895523,0.9566865
19494,0.17185272,0.42833745,0.3998098
19495,0.9189231,0.04470323,0.036373712
19496,0.914297,0.036207594,0.04949546
19497,0.939783,0.0051964177,0.05502066
19498,0.5729492,0.0032162732,0.42383456
19499,0.9736496,0.009048872,0.017301511
19500,0.9692411,0.010043255,0.020715678
19501,0.9512829,0.010363162,0.038353927
19502,0.29237863,0.065851,0.6417704
19503,0.022143872,0.011305233,0.9665509
19504,0.8469513,0.0033518071,0.14969684
19505,0.99450487,0.0011415251,0.004353606
19506,0.8787368,0.07287138,0.04839182
19507,0.67921,0.08219517,0.23859483
19508,0.87023413,0.009360087,0.12040574
19509,0.77003855,0.00092754024,0.22903392
19510,0.810525,0.017035864,0.17243916
19511,0.96551746,0.0011111961,0.033371363
19512,0.89433575,0.005585114,0.10007914
19513,0.096488364,0.0028751676,0.90063643
19514,0.41516697,0.30001822,0.28481475
19515,0.82135904,0.05494312,0.123697884
19516,0.29548082,0.34664422,0.35787493
19517,0.028177416,0.022343623,0.949479
19518,0.9156368,0.0018797243,0.08248349
19519,0.9733391,0.0008504057,0.025810527
19520,0.96543527,0.0084145265,0.026150262
19521,0.40380546,0.00065103587,0.5955435
19522,0.45962587,0.003048623,0.5373255
19523,0.16389976,0.012010852,0.8240894
19524,0.9433744,0.01663001,0.03999556
19525,0.7387802,0.18706603,0.07415381
19526,0.9904507,0.002248683,0.0073006423
19527,0.32788673,0.011733469,0.66037977
19528,0.9749028,0.0027071454,0.022390006
19529,0.9773466,0.009165853,0.013487536
19530,0.94290245,0.010672823,0.04642475
19531,0.92626184,0.0036023585,0.07013581
19532,0.53449327,0.008525869,0.45698088
19533,0.59288675,0.0025217684,0.4045915
19534,0.9277409,0.0015598688,0.07069929
19535,0.43621838,0.0052554756,0.55852616
19536,0.72788244,0.021618212,0.25049934
19537,0.75885296,0.059569027,0.18157804
19538,0.9809785,0.012593922,0.0064275786
19539,0.91612566,0.0099551575,0.07391924
19540,0.12719333,0.037205305,0.8356014
19541,0.98054147,0.0059034624,0.013555004
19542,0.007190668,3.1001135e-05,0.99277836
19543,0.9142635,0.009944965,0.075791545
19544,0.90651256,0.007241157,0.08624633
19545,0.9760578,0.010841901,0.013100254
19546,0.88860804,0.000449671,0.11094232
19547,0.9185384,0.006485977,0.0749756
19548,0.8323469,0.0044676685,0.16318543
19549,0.05413822,0.00060185336,0.9452599
19550,0.85108244,0.0031170766,0.14580052
19551,0.90332806,0.02291922,0.073752746
19552,0.02678517,0.00029699196,0.9729179
19553,0.39495063,0.0017021622,0.60334724
19554,0.9853749,0.004340912,0.010284212
19555,0.6474112,0.015204039,0.33738473
19556,0.9432847,0.0033831259,0.053332154
19557,0.95731014,0.0015696844,0.041120242
19558,0.9594969,0.005527453,0.034975696
19559,0.006692,3.278949e-05,0.99327517
19560,0.9322595,0.003516628,0.06422384
19561,0.9162022,0.010331799,0.073465966
19562,0.8695865,0.00074072735,0.12967274
19563,0.9750031,0.0015936719,0.023403186
19564,0.86984295,0.0063931933,0.12376383
19565,0.96620977,0.0017410053,0.032049194
19566,0.9494542,0.007888099,0.0426577
19567,0.9173227,0.0019587744,0.08071855
19568,0.0026984292,5.4531967e-05,0.99724704
19569,0.8741433,0.0032621168,0.12259456
19570,0.9641418,0.007034846,0.028823333
19571,0.96840537,0.0022513284,0.02934332
19572,0.6254102,0.007895859,0.36669394
19573,0.72655976,0.0033288286,0.2701114
19574,0.042602483,0.0004559897,0.95694155
19575,0.05300767,0.0033055265,0.94368684
19576,0.9355055,0.0031954932,0.061298948
19577,0.9267725,0.0008184262,0.07240913
19578,0.67599154,0.004292182,0.31971627
19579,0.94511676,0.014505671,0.040377565
19580,0.8427085,0.0071615567,0.15012996
19581,0.08707005,0.00444074,0.9084892
19582,0.7704514,0.004784489,0.22476411
19583,0.929206,0.0075002783,0.06329373
19584,0.0028480103,0.00014126579,0.9970107
19585,0.047502585,8.159988e-05,0.9524158
19586,0.032957472,0.003247679,0.9637948
19587,0.7274833,0.0025032123,0.2700135
19588,0.56114197,0.00038876187,0.4384693
19589,0.96773696,0.0012394782,0.031023568
19590,0.98232424,0.001587263,0.016088536
19591,0.62649024,0.038184255,0.33532554
19592,0.6408943,0.028390164,0.3307156
19593,0.9491294,0.004400028,0.0464706
19594,0.3683703,0.038035814,0.5935939
19595,0.9573266,0.013931822,0.028741552
19596,0.011898009,0.0001138452,0.9879881
19597,0.96678436,0.0044680233,0.0287476
19598,0.9697159,0.016497066,0.01378699
19599,0.24784651,0.021725176,0.73042834
19600,0.44944045,0.01653028,0.5340293
19601,0.7916574,0.005480299,0.20286238
19602,0.54222614,0.086699955,0.3710739
19603,0.7996584,0.16983543,0.030506136
19604,0.80216503,0.0023339568,0.19550104
19605,0.90358984,0.0015714725,0.09483869
19606,0.14394799,0.00148634,0.8545657
19607,0.4658715,0.011128346,0.5230001
19608,0.8831596,0.008259818,0.10858058
19609,0.03129158,0.18080632,0.78790206
19610,0.81578106,0.006789124,0.17742981
19611,0.02634622,0.0002244226,0.9734293
19612,0.95406544,0.0022551024,0.043679498
19613,0.9678366,0.0014618838,0.030701471
19614,0.24436483,0.0076022726,0.7480329
19615,0.6561944,0.0036092377,0.34019634
19616,0.001245646,5.958588e-06,0.9987484
19617,0.85531884,0.0025119649,0.14216915
19618,0.9438776,0.000931237,0.05519123
19619,0.9622126,0.0019145965,0.035872757
19620,0.9866455,0.0060853204,0.0072691822
19621,0.84464604,0.045001026,0.1103529
19622,0.95392454,0.0017285625,0.044346962
19623,0.79953223,0.032176815,0.16829096
19624,0.935451,0.008557778,0.05599122
19625,0.9787442,0.015101512,0.0061543463
19626,0.6210563,0.015168178,0.36377546
19627,0.93018013,0.0064136074,0.0634063
19628,0.9434032,0.014614034,0.041982744
19629,0.6749519,0.019700985,0.30534708
19630,0.49389014,0.009736534,0.4963734
19631,0.9699257,0.0026527003,0.027421573
19632,0.96294063,0.0054774317,0.031582005
19633,0.83427775,0.0132844765,0.15243775
19634,0.6221874,0.011640955,0.3661716
19635,0.94206506,0.0072868755,0.050648045
19636,0.99469215,0.0032251622,0.002082632
19637,0.8910651,0.08090827,0.02802659
19638,0.8332673,0.019026889,0.14770591
19639,0.8682935,0.034222864,0.09748359
19640,0.9110782,0.0042917836,0.084630005
19641,0.54048616,0.004685268,0.45482862
19642,0.8653886,0.0037599995,0.13085137
19643,0.48953173,0.0072699627,0.5031983
19644,0.008123641,0.0037745147,0.98810184
19645,0.8557502,0.0038572494,0.14039251
19646,0.58274835,0.0044433638,0.4128083
19647,0.012626529,6.46669e-05,0.9873088
19648,0.95899355,0.025157759,0.015848735
19649,0.97498274,0.0014100528,0.023607204
19650,0.23957767,0.004963683,0.7554586
19651,0.6770495,0.0207721,0.30217838
19652,0.933731,0.0044046408,0.061864346
19653,0.7613758,0.0046088197,0.2340154
19654,0.96774966,0.0017009181,0.03054943
19655,0.8330411,0.02551399,0.14144497
19656,0.44716084,0.023603112,0.529236
19657,0.5672062,0.0053541837,0.42743957
19658,0.9880661,0.0013261304,0.0106078135
19659,0.99484694,0.00072489865,0.004428222
19660,0.008970371,2.3717635e-05,0.9910059
19661,0.65272534,0.006046701,0.34122798
19662,0.853726,0.0610869,0.08518705
19663,0.8425108,0.015910165,0.14157903
19664,0.35037968,7.389019e-05,0.6495464
19665,0.9852475,0.0014164073,0.013336126
19666,0.85669357,0.0052072606,0.13809916
19667,0.016456239,0.002918947,0.98062485
19668,0.81014574,0.018763302,0.17109096
19669,0.9871525,0.0017830372,0.011064475
19670,0.99249774,0.0010752208,0.006427062
19671,0.88588995,0.02892623,0.08518387
19672,0.92862976,0.015025736,0.056344442
19673,0.75355726,0.006382063,0.24006067
19674,0.97909606,0.019549603,0.0013543523
19675,0.99149793,0.00079670805,0.007705297
19676,0.7609334,0.015856275,0.22321032
19677,0.3213002,0.04715332,0.63154644
19678,0.7249917,0.006153402,0.26885495
19679,0.9050097,0.0082471715,0.08674312
19680,0.8878442,0.027376119,0.084779665
19681,0.9908942,0.0008828248,0.008223043
19682,0.97819144,0.00060793123,0.021200579
19683,0.53773576,0.024120497,0.43814376
19684,0.9872067,0.0004871158,0.012306189
19685,0.9795435,0.0016413812,0.018815082
19686,0.7726346,0.015952453,0.2114129
19687,0.92983955,0.0032293347,0.06693113
19688,0.8093827,0.04882011,0.14179717
19689,0.95451313,7.6858436e-05,0.045410022
19690,0.82398725,0.0031033284,0.17290941
19691,0.46374953,0.004902037,0.5313484
19692,0.9925903,0.003060897,0.0043487963
19693,0.77405757,0.024776213,0.20116623
19694,0.89627635,0.029109579,0.074614055
19695,0.68354315,0.0007182025,0.3157387
19696,0.003741225,0.00066642504,0.9955923
19697,0.7927861,0.015630191,0.19158371
19698,0.94952905,0.007933979,0.042536985
19699,0.5851762,0.00076106976,0.41406274
19700,0.90866876,0.0024649452,0.088866316
19701,0.12588088,0.00069006364,0.873429
19702,0.7136339,0.045494612,0.24087147
19703,0.09383982,0.030481603,0.8756786
19704,0.9006627,0.002156663,0.09718057
19705,0.7442119,0.036568914,0.21921921
19706,0.02962435,7.095569e-05,0.97030467
19707,0.5270842,0.075427145,0.39748868
19708,0.32620353,0.0040254346,0.6697711
19709,0.8785789,0.012935128,0.10848603
19710,0.8661394,0.0016099286,0.13225064
19711,0.39315236,0.0048909523,0.6019567
19712,0.9443168,0.024777604,0.030905595
19713,0.030538281,0.0030855425,0.9663762
19714,0.87643707,0.0058442955,0.11771861
19715,0.8891266,0.0074737202,0.10339967
19716,0.027889617,0.013463214,0.95864725
19717,0.85050946,0.017962035,0.13152851
19718,0.0031913647,0.0005218414,0.99628675
19719,0.038887203,0.003216614,0.9578962
19720,0.9589417,0.0028688055,0.03818947
19721,0.86122835,0.017232625,0.12153901
19722,0.5385821,0.016035872,0.44538203
19723,0.86687803,0.033715744,0.09940618
19724,0.92125154,0.006382929,0.07236557
19725,0.979688,0.0010442418,0.019267712
19726,0.91647613,0.006764925,0.07675897
19727,0.8819383,0.07270898,0.04535277
19728,0.75062066,0.008994829,0.24038446
19729,0.8857099,0.018454647,0.0958354
19730,0.8940964,0.014618448,0.09128521
19731,0.83682185,0.011254656,0.15192343
19732,0.93867624,0.0059014754,0.05542232
19733,0.054407172,0.029680168,0.9159127
19734,0.88891083,0.0094300285,0.10165909
19735,0.97971135,0.0026181415,0.01767046
19736,0.9318392,0.022808714,0.04535202
19737,0.91083646,0.017029012,0.07213453
19738,0.5115839,0.027984818,0.46043125
19739,0.98910195,0.006369608,0.0045285076
19740,0.8931008,0.0030692522,0.10382999
19741,0.9617935,0.027519157,0.010687384
19742,0.57975215,0.15018682,0.27006108
19743,0.9403605,0.0019443466,0.0576952
19744,0.62400115,0.01658337,0.3594155
19745,0.9641116,0.007414191,0.028474186
19746,0.95064056,0.0006727801,0.04868667
19747,0.5834018,0.039580632,0.3770176
19748,0.9561722,0.0030872636,0.040740475
19749,0.9712787,0.0005622426,0.02815902
19750,0.86743695,0.00854545,0.12401765
19751,0.9828456,0.0007726588,0.016381683
19752,0.95497584,0.0051742834,0.03984993
19753,0.42535162,0.0013380935,0.5733103
19754,0.8014331,0.07825214,0.12031484
19755,0.9382281,0.0028496855,0.058922216
19756,0.9109632,0.033883333,0.055153444
19757,0.65221035,0.011082501,0.33670712
19758,0.97733194,0.0033988818,0.019269222
19759,0.7445461,0.19550906,0.05994481
19760,0.7311836,0.008925862,0.2598906
19761,0.9506501,0.025616555,0.023733286
19762,0.869994,0.021312667,0.10869336
19763,0.94843525,0.0019184871,0.04964629
19764,0.8883143,0.038344648,0.07334105
19765,0.6870533,0.013460567,0.29948607
19766,0.9604905,0.019710427,0.019799078
19767,0.9845105,0.0016129862,0.013876522
19768,0.9543852,0.0016380672,0.043976758
19769,0.7895246,0.0012266472,0.20924877
19770,0.7183714,0.0003506223,0.28127798
19771,0.8709681,0.016688941,0.11234299
19772,0.8610036,0.00608697,0.13290946
19773,0.7519174,0.0007963817,0.24728617
19774,0.050024558,0.0040582945,0.9459171
19775,0.52481306,0.048895497,0.4262914
19776,0.84070605,0.0053683682,0.15392558
19777,0.7387784,0.008559475,0.25266206
19778,0.91059995,0.0019929726,0.08740707
19779,0.9816804,0.00022709586,0.018092498
19780,0.8702891,0.011756131,0.11795474
19781,0.9355231,0.01518209,0.049294863
19782,0.9923964,0.00067646673,0.0069270986
19783,0.923933,0.014808333,0.061258618
19784,0.9265045,0.018211797,0.055283736
19785,0.018434666,0.0012621293,0.98030317
19786,0.0105815595,0.00015630777,0.98926216
19787,0.9628537,0.010339808,0.026806418
19788,0.629156,0.003391919,0.36745209
19789,0.050977685,0.0025659413,0.9464563
19790,0.95957386,0.0012929575,0.039133165
19791,0.9853119,0.0018244463,0.012863605
19792,0.86454326,0.014303488,0.12115321
19793,0.16224115,0.0011379404,0.8366209
19794,0.9830784,0.011640809,0.0052807503
19795,0.9734167,0.0018483805,0.024734892
19796,0.9774965,0.0021473893,0.020356132
19797,0.94921017,0.0032822161,0.047507603
19798,0.6024561,0.11355126,0.28399265
19799,0.0015283871,0.000313161,0.9981584
19800,0.046484098,0.0034020501,0.95011383
19801,0.07724499,0.030811982,0.891943
19802,0.836924,0.06646166,0.09661436
19803,0.9781884,0.0025608586,0.019250736
19804,0.06273899,0.00026155086,0.9369995
19805,0.97915864,0.0062336945,0.014607582
19806,0.010086091,0.00552429,0.9843896
19807,0.68278104,0.0039659757,0.31325302
19808,0.5868967,0.017392382,0.3957109
19809,0.5850142,0.11616772,0.29881808
19810,0.9905318,0.001929535,0.007538659
19811,0.36636084,0.032464337,0.6011748
19812,0.7983628,0.0057405997,0.19589657
19813,0.35866535,0.00573799,0.6355967
19814,0.98592967,0.0023127138,0.011757622
19815,0.9588414,0.0020120712,0.039146494
19816,0.96391875,0.012127971,0.02395323
19817,0.8556468,0.0037977132,0.14055555
19818,0.99240077,0.0011557679,0.0064434335
19819,0.15130378,0.0033681921,0.8453281
19820,0.69142544,0.15838937,0.15018517
19821,0.59392124,0.006695133,0.39938363
19822,0.96318614,0.00441637,0.03239748
19823,0.84968805,0.0068141907,0.14349778
19824,0.85243237,0.046371054,0.10119661
19825,0.8997088,0.0027300117,0.09756112
19826,0.052115098,0.021109952,0.926775
19827,0.9814803,0.002264291,0.016255429
19828,0.0018380494,9.230617e-05,0.9980697
19829,0.9551927,0.0009771656,0.043830223
19830,0.9477563,0.003786815,0.048456836
19831,0.9928496,0.0002456274,0.006904774
19832,0.99291456,0.005014624,0.002070745
19833,0.7068209,0.00522839,0.2879507
19834,0.22078167,0.010318438,0.7688999
19835,0.52800936,0.015264163,0.45672646
19836,0.14943178,0.0033017374,0.84726644
19837,0.9915364,0.0022154318,0.0062482054
19838,0.80052364,0.031675532,0.16780081
19839,0.04299194,0.011531087,0.94547695
19840,0.15484649,0.01445124,0.8307023
19841,0.6148783,0.001214177,0.38390756
19842,0.1678941,0.001974066,0.8301319
19843,0.9161829,0.0021486063,0.081668474
19844,0.060371142,0.00024263514,0.9393862
19845,0.9375079,0.04283716,0.019654902
19846,0.9049803,0.031823847,0.06319587
19847,0.35190317,0.0074997307,0.6405971
19848,0.9805063,0.0007321213,0.018761577
19849,0.027164785,0.0028823563,0.9699528
19850,0.81291276,0.010391107,0.17669608
19851,0.98095614,0.0018718089,0.017172033
19852,0.88120395,0.006108941,0.112687044
19853,0.839412,0.05087698,0.10971105
19854,0.24355917,0.20196144,0.5544794
19855,0.94512796,0.003268161,0.051603857
19856,0.83401686,0.0073699635,0.15861316
19857,0.00037976794,0.00013823518,0.999482
19858,0.037301585,0.009418473,0.9532799
19859,0.63652855,0.017561402,0.34591007
19860,0.29909545,0.0010492927,0.6998552
19861,0.96753156,0.010677198,0.02179129
19862,0.5497586,0.017888589,0.4323528
19863,0.97330827,0.00089342485,0.025798377
19864,0.84376985,0.022451196,0.13377896
19865,0.6912627,0.004810018,0.30392724
19866,0.6791525,0.0012047819,0.31964272
19867,0.93334115,0.0050502713,0.06160855
19868,0.8375036,0.0064326283,0.15606374
19869,0.5368048,0.030431066,0.43276414
19870,0.42165902,0.05189746,0.52644354
19871,0.296929,0.008609409,0.6944616
19872,0.8306956,0.060997028,0.10830732
19873,0.79045856,0.01703469,0.1925067
19874,0.8955617,0.0029742732,0.10146405
19875,0.00077852735,3.7294953e-06,0.99921775
19876,0.9553355,0.0024019203,0.04226253
19877,0.97946733,0.0017520249,0.018780578
19878,0.5542138,0.006182572,0.4396036
19879,0.9878037,0.00077170687,0.011424602
19880,0.8262814,0.013679415,0.16003922
19881,0.0023137836,0.005740818,0.9919453
19882,0.75080156,0.015327082,0.23387133
19883,0.63857377,0.007023862,0.35440242
19884,0.715047,0.122506805,0.16244623
19885,0.96245176,0.005198632,0.032349594
19886,0.13141719,0.0013461683,0.8672366
19887,0.000750056,0.005536403,0.99371356
19888,0.7563338,0.012470079,0.23119608
19889,0.95454353,0.015370727,0.0300857
19890,0.9767903,0.0026281204,0.020581553
19891,0.8912119,0.017457915,0.09133018
19892,0.95325327,0.005498934,0.04124782
19893,0.9491294,0.004400028,0.0464706
19894,0.84919244,0.004822673,0.14598493
19895,0.58464247,0.010779278,0.40457824
19896,0.28265113,0.030551733,0.68679714
19897,0.9073201,0.0067869704,0.085892916
19898,0.013138954,0.00024659888,0.9866144
19899,0.9099886,0.0023119675,0.08769948
19900,0.9731257,0.010298958,0.016575318
19901,0.91249514,0.0057345936,0.08177022
19902,0.03127758,0.0440352,0.9246872
19903,0.89646876,0.003402172,0.10012906
19904,0.77709275,0.0024071625,0.22050013
19905,0.9744777,0.0012190506,0.02430322
19906,0.6312236,0.017845048,0.3509313
19907,0.25520694,0.0021788895,0.74261415
19908,0.06741011,0.0018489289,0.93074095
19909,0.08411679,0.018163824,0.89771944
19910,0.9767308,0.006289926,0.01697927
19911,0.9040072,0.010831881,0.08516092
19912,0.8278423,0.02663042,0.14552732
19913,0.538405,0.28260326,0.17899173
19914,0.7907641,0.0010099611,0.208226
19915,0.008971447,6.875158e-05,0.9909599
19916,0.95533395,0.0029914677,0.041674618
19917,0.95963115,0.0032125197,0.03715635
19918,0.9649482,0.012302332,0.022749545
19919,0.9829851,0.0022375963,0.014777273
19920,0.57275975,0.27802485,0.14921544
19921,0.02693858,0.00056531985,0.97249603
19922,0.93151486,0.0046794587,0.06380569
19923,0.9542459,0.010773158,0.034980893
19924,0.180176,0.0023174358,0.81750655
19925,0.6938195,0.0116114635,0.29456902
19926,0.90677273,0.0010793576,0.09214793
19927,0.93982214,0.0066544004,0.053523462
19928,0.0008111874,7.964103e-05,0.9991092
19929,0.13911887,0.08118127,0.7796998
19930,0.9209985,0.0034573032,0.07554418
19931,0.9577962,0.0024235814,0.039780233
19932,0.7543695,0.19282348,0.052807003
19933,0.815315,0.022787046,0.16189794
19934,0.9882311,0.00021726647,0.011551642
19935,0.9782934,9.886694e-05,0.021607691
19936,0.01413724,0.002367357,0.9834954
19937,0.9863468,0.00026836956,0.013384922
19938,0.9007068,0.008041532,0.091251634
19939,0.005760873,0.000117422474,0.99412173
19940,0.7601345,0.0027278932,0.23713765
19941,0.62338495,0.015446422,0.36116865
19942,0.8461727,0.055003352,0.098823994
19943,0.97668207,0.0018022256,0.021515721
19944,0.96489835,0.021839531,0.013262165
19945,0.9052012,0.024226667,0.07057211
19946,0.84221804,0.029468926,0.12831305
19947,0.027013455,0.003247599,0.9697389
19948,0.5834862,0.010119522,0.4063943
19949,0.82005674,0.010920234,0.16902299
19950,0.436694,0.0030297516,0.5602762
19951,0.90023476,0.008824733,0.09094051
19952,0.9195097,0.0056926794,0.074797556
19953,0.9716077,0.0043781614,0.024014117
19954,0.7687059,0.015862802,0.21543132
19955,0.012796829,0.000107422624,0.9870957
19956,0.6133049,0.018785795,0.3679093
19957,0.9260047,0.05891796,0.015077291
19958,0.97244024,0.0009786956,0.026581056
19959,0.92036843,0.042386755,0.03724477
19960,0.040184706,0.0017331386,0.95808214
19961,0.88025564,0.06246139,0.05728296
19962,0.9879246,0.0013632571,0.010712125
19963,0.9979354,0.00023709497,0.0018275157
19964,0.8561699,0.0039221346,0.13990797
19965,0.87094414,0.10098926,0.028066639
19966,0.8392823,0.01193029,0.14878744
19967,0.9726591,0.019334534,0.008006401
19968,0.97362906,0.0073567005,0.019014189
19969,0.9836646,0.011904033,0.004431356
19970,0.96620166,0.0032467414,0.030551659
19971,0.98727775,0.0060877022,0.0066345204
19972,0.9269645,0.0057384656,0.06729697
19973,0.7134028,0.078731425,0.20786579
19974,0.7652137,0.045751076,0.18903524
19975,0.92441595,0.01600561,0.059578445
19976,0.76432043,0.0039035617,0.23177595
19977,0.18564983,0.017316913,0.7970332
19978,0.95855445,0.00028718356,0.04115833
19979,0.9957444,0.00053932297,0.0037162588
19980,0.74654007,0.035899106,0.21756078
19981,0.9809473,0.0051665553,0.013886186
19982,0.9697291,0.00051481987,0.029755997
19983,0.24921302,0.20659225,0.5441947
19984,0.8225579,0.006199124,0.17124292
19985,0.92433214,0.0014844923,0.0741834
19986,0.85000265,0.0065846774,0.14341263
19987,0.97591114,0.0023179476,0.021770885
19988,0.97162557,0.010547352,0.017827058
19989,0.9186238,0.0029142967,0.07846194
19990,0.9710297,0.0086454535,0.020324865
19991,0.25981462,0.18780634,0.5523791
19992,0.6441637,0.045689512,0.31014678
19993,0.5577899,0.008707724,0.43350238
19994,0.8772494,0.010012056,0.11273855
19995,0.009432226,0.0016403778,0.98892736
19996,0.28694668,0.045291316,0.667762
19997,0.6799648,0.028231114,0.29180408
19998,0.9363059,0.0022474856,0.061446585
19999,0.0040623923,0.00025494647,0.9956826
20000,0.80458754,0.035437133,0.1599753
20001,0.95990217,0.0049574226,0.03514047
20002,0.9298746,0.0031750416,0.066950396
20003,0.15868306,0.0055730836,0.8357438
20004,0.123986214,0.06456716,0.81144667
20005,0.87301534,0.04672676,0.08025793
20006,0.9481868,0.013934506,0.037878636
20007,0.9175571,0.01484278,0.06760011
20008,0.89962226,0.05206427,0.0483135
20009,0.9047363,0.07704738,0.01821635
20010,0.9465894,0.0051254067,0.048285183
20011,0.8274916,0.07010069,0.102407776
20012,0.9726867,0.00461226,0.02270104
20013,0.8896426,0.08886475,0.021492686
20014,0.0011827723,0.00052023155,0.99829704
20015,0.9777199,0.0036837845,0.018596303
20016,0.1743512,0.00895479,0.816694
20017,0.99215865,0.0032739907,0.004567354
20018,0.94669014,0.007189007,0.046120834
20019,0.9676702,0.0044212253,0.027908621
20020,0.93741727,0.0015946635,0.060988057
20021,0.979083,0.0010279579,0.019888982
20022,0.7134642,0.023251196,0.2632846
20023,0.97340393,0.004664812,0.021931225
20024,0.0015052088,0.016025685,0.9824691
20025,0.97908837,0.0005922756,0.020319343
20026,0.9389874,0.0055906745,0.055421975
20027,0.94512796,0.003268161,0.051603857
20028,0.8636138,0.07844921,0.057937022
20029,0.8308001,0.010581746,0.15861815
20030,0.97775304,0.005511967,0.016734961
20031,0.9380644,0.007379274,0.05455639
20032,0.9950452,0.0006203574,0.0043344786
20033,0.9596204,0.0045696413,0.035809934
20034,0.009931447,0.06052302,0.9295455
20035,0.90974295,0.0031413708,0.08711562
20036,0.70000696,0.0030776842,0.29691535
20037,0.52243054,0.0074473713,0.47012207
20038,0.92783016,0.020361733,0.05180813
20039,0.008222133,0.018198317,0.9735796
20040,0.70036757,0.012245822,0.28738663
20041,0.9898892,0.006315772,0.0037950035
20042,0.95154774,0.0040630084,0.044389218
20043,0.9203119,0.0044208663,0.07526723
20044,0.961027,0.007928356,0.031044563
20045,0.16472796,0.021056483,0.81421554
20046,0.9893969,0.00011119728,0.01049189
20047,0.7494025,0.13483775,0.11575976
20048,0.027343877,0.0003857918,0.9722703
20049,0.03566277,0.009279747,0.9550575
20050,0.9788905,0.003576583,0.017532948
20051,0.72208774,0.10469661,0.17321566
20052,0.0045276657,0.009226705,0.98624563
20053,0.004375034,0.006800342,0.98882467
20054,0.24132992,0.21478014,0.54388994
20055,0.9671478,0.002854157,0.02999798
20056,0.0017161451,0.00015640185,0.9981274
20057,0.014518945,0.0014579,0.9840231
20058,0.5915716,0.17085454,0.23757386
20059,0.10960865,0.011614269,0.878777
20060,0.8747588,0.0035039068,0.121737264
20061,0.0021347646,0.019794354,0.9780709
20062,0.9804646,0.0006542539,0.018881101
20063,0.7446587,0.0008162848,0.254525
20064,0.00483561,0.0006206888,0.9945437
20065,0.958431,0.0058692703,0.035699688
20066,0.8520263,0.04604593,0.10192774
20067,0.32032597,0.07179593,0.6078781
20068,0.2534508,0.016512727,0.73003644
20069,0.78240126,0.017856648,0.19974212
20070,0.9096392,0.013574559,0.076786205
20071,0.92122877,0.015617814,0.063153386
20072,0.82022774,0.012096485,0.16767576
20073,0.1515829,0.04221231,0.80620486
20074,0.8440641,0.008636921,0.14729896
20075,0.9888236,0.0003324351,0.010843926
20076,0.96784,0.005692286,0.026467688
20077,0.060572382,0.07457504,0.86485255
20078,0.9613548,0.00058718317,0.038057998
20079,0.8211355,0.0070456527,0.17181887
20080,0.7909641,0.004141268,0.2048946
20081,0.22185268,0.029542357,0.74860495
20082,0.8225714,0.0014638483,0.17596476
20083,0.50970817,0.04035478,0.44993705
20084,0.94990176,0.0046275533,0.045470666
20085,0.8633195,0.0029599585,0.13372053
20086,0.12312988,0.027786557,0.8490836
20087,0.58905745,0.18612087,0.22482173
20088,0.3227041,0.014663175,0.6626327
20089,0.92636555,0.005705507,0.0679289
20090,0.25215113,0.020458318,0.7273906
20091,0.997224,0.0012304838,0.0015455553
20092,0.6760378,0.0069717127,0.31699052
20093,0.74983233,0.005626121,0.24454156
20094,0.4924955,0.027046151,0.48045832
20095,0.88148445,0.009568003,0.10894754
20096,0.9490648,0.018031484,0.03290379
20097,0.57653874,0.10250388,0.3209574
20098,0.89375687,0.005073526,0.101169586
20099,0.16971669,0.026141612,0.80414176
20100,0.71555245,0.0068671247,0.27758047
20101,0.9725274,0.0056581567,0.021814447
20102,0.062546596,0.0068884403,0.930565
20103,0.9909519,0.0016039097,0.007444205
20104,0.9718403,0.0033042661,0.024855418
20105,0.8558075,0.09541079,0.048781753
20106,0.4871009,0.022077858,0.49082124
20107,0.9773362,0.0060968744,0.016566915
20108,0.90711856,0.011557155,0.08132424
20109,0.92134696,0.008708484,0.06994451
20110,0.21408628,0.0399466,0.7459671
20111,0.97891563,0.009395913,0.011688459
20112,0.77537745,0.0030526405,0.22156994
20113,0.5449963,0.057632305,0.3973714
20114,0.983745,0.005094683,0.011160336
20115,0.96469915,0.002755385,0.03254549
20116,0.9935086,0.00045609518,0.006035366
20117,0.016652068,0.0002741906,0.9830738
20118,0.89434075,0.0018792654,0.10378
20119,0.9470343,0.0069597494,0.046006005
20120,0.8864602,0.006256208,0.10728363
20121,0.9735314,0.004300463,0.022168124
20122,0.9799311,0.0002445662,0.01982432
20123,0.9641596,0.0013120794,0.034528367
20124,0.9483506,0.015292194,0.0363572
20125,0.90799993,0.0026365211,0.0893636
20126,0.25312576,0.0052525145,0.74162173
20127,0.9469779,0.003002301,0.05001975
20128,0.001023306,3.341452e-05,0.99894327
20129,0.7440075,0.00641332,0.24957918
20130,0.8975778,0.028270405,0.074151725
20131,0.9223297,0.003007961,0.07466239
20132,0.6909757,0.0072572506,0.30176696
20133,0.0411505,0.11832793,0.8405216
20134,0.8718573,0.060811847,0.06733086
20135,0.8830118,0.084346734,0.032641448
20136,0.90335524,0.0032610758,0.09338375
20137,0.91670513,0.00058805937,0.0827068
20138,0.031025624,0.0089694485,0.960005
20139,0.9481485,0.011613734,0.040237762
20140,0.044732727,0.0017806045,0.9534867
20141,0.028974362,0.0014409199,0.96958476
20142,0.6331186,0.036095332,0.33078605
20143,0.8997088,0.0027300117,0.09756112
20144,0.6848306,0.01023712,0.3049323
20145,0.9433292,0.0024101713,0.054260608
20146,0.93084586,0.0021415027,0.06701259
20147,0.99561113,0.00035080884,0.004038141
20148,0.90635234,0.021991026,0.071656615
20149,0.9406953,0.006640395,0.052664254
20150,0.3384504,0.022491852,0.6390578
20151,0.47414204,0.0018078494,0.5240501
20152,0.9764671,0.0025699185,0.020963036
20153,0.98373634,0.0062356493,0.010027953
20154,0.117446996,0.011685847,0.8708672
20155,0.9358954,0.0014293574,0.06267529
20156,0.29820737,0.009087642,0.692705
20157,0.96499825,0.0044283317,0.030573387
20158,0.95245314,0.0030776083,0.044469286
20159,0.7116707,0.005766347,0.28256288
20160,0.020599823,0.0024414556,0.9769587
20161,0.8573681,0.0090784,0.13355343
20162,0.96986884,0.0049452507,0.025185913
20163,0.8742908,0.014429748,0.11127942
20164,0.4939395,0.12906975,0.37699074
20165,0.8610913,0.016098702,0.12280995
20166,0.31766108,0.002431907,0.67990696
20167,0.11239265,0.011384786,0.87622255
20168,0.9158733,0.030253822,0.05387291
20169,0.70432734,0.009434226,0.28623843
20170,0.8020175,0.0085936645,0.18938884
20171,0.8797859,0.009741239,0.1104729
20172,0.92712617,0.007359732,0.06551415
20173,0.9512464,0.0031388015,0.045614798
20174,0.83823293,0.02144893,0.14031814
20175,0.31518662,0.020102872,0.6647105
20176,0.01056839,5.431286e-05,0.9893773
20177,0.9841462,0.008043285,0.007810536
20178,0.48308262,0.023652948,0.49326438
20179,0.8596276,0.007642806,0.13272956
20180,0.030591441,0.0019717112,0.96743685
20181,0.9688348,0.0017089472,0.029456183
20182,0.52784204,0.11988936,0.35226858
20183,0.97711277,0.0012096199,0.021677546
20184,0.0014289884,6.8612506e-05,0.9985024
20185,0.9805635,0.00062945916,0.018807063
20186,0.4626615,0.017283283,0.52005523
20187,0.9575431,0.0010973213,0.04135962
20188,0.47218356,0.06550586,0.4623106
20189,0.042400744,0.00021363492,0.9573856
20190,0.0020952472,0.00013300723,0.9977717
20191,0.9090707,0.0066376724,0.0842916
20192,0.96821296,0.0009432185,0.030843807
20193,0.9059779,0.03755928,0.05646282
20194,0.027010852,0.013525159,0.95946395
20195,0.9879578,0.008804303,0.0032378905
20196,0.9391987,0.0073540327,0.053447317
20197,0.837744,0.008387436,0.15386853
20198,0.46577838,0.04883465,0.48538703
20199,0.23232886,0.012663144,0.75500804
20200,0.72149867,0.0053470265,0.27315432
20201,0.01823377,0.0005724417,0.9811937
20202,0.27408263,0.011264658,0.7146527
20203,0.340975,0.040723916,0.6183011
20204,0.06563213,0.015757894,0.91861004
20205,0.98377234,0.008901756,0.007325934
20206,0.48740405,0.0925047,0.42009127
20207,0.036203034,0.013084445,0.9507125
20208,0.28795588,0.13033068,0.58171344
20209,0.9335116,0.002398453,0.06408996
20210,0.36381572,0.01264592,0.6235383
20211,0.9510087,0.00754089,0.04145045
20212,0.989305,0.0005914969,0.010103549
20213,0.43047443,0.013494625,0.556031
20214,0.595951,0.016365988,0.38768297
20215,0.90978885,0.0037737307,0.08643741
20216,0.8527576,0.0067222915,0.14052014
20217,0.84935725,0.0070751826,0.14356755
20218,0.8817895,0.0044347933,0.11377571
20219,0.98131347,0.00045350118,0.01823302
20220,0.7551753,0.1292281,0.115596645
20221,0.98088074,0.00052914966,0.018590104
20222,0.82366693,0.05482288,0.12151014
20223,0.88842994,0.011925161,0.09964486
20224,0.017476654,0.013494431,0.9690289
20225,0.93577564,0.00088103994,0.063343324
20226,0.9678031,0.0038100462,0.028386766
20227,0.93991214,0.0010814195,0.059006453
20228,0.030617343,0.002249971,0.9671327
20229,0.98676205,0.0010782342,0.012159741
20230,0.71817225,0.036183458,0.24564435
20231,0.9198644,0.0037505147,0.076385014
20232,0.98667485,0.0010569991,0.012268153
20233,0.9785752,0.001447095,0.01997773
20234,0.017545799,0.0024640402,0.9799902
20235,0.945336,0.0047384845,0.0499255
20236,0.84378904,0.003185433,0.15302552
20237,0.55484074,0.0039217346,0.44123754
20238,0.8931053,0.0055294367,0.10136521
20239,0.9030764,0.010775726,0.086147845
20240,0.58651626,0.031498984,0.38198474
20241,0.8118642,0.013084748,0.17505102
20242,0.99136907,0.0011940511,0.007436895
20243,0.9650492,0.0018683815,0.033082474
20244,0.9416282,0.0072774207,0.05109441
20245,0.8905887,0.0034833406,0.10592801
20246,0.058699977,0.0137897525,0.92751026
20247,0.951211,0.017397348,0.031391665
20248,0.008420359,0.0028173379,0.9887623
20249,0.6740593,0.112662606,0.2132781
20250,0.97012466,0.023359288,0.006516004
20251,0.59679383,0.0036593978,0.3995468
20252,0.980646,0.0033675649,0.015986385
20253,0.8991248,0.006234955,0.09464028
20254,0.8724152,0.07041961,0.057165157
20255,0.9814368,0.00037057634,0.01819268
20256,0.3718421,0.062822744,0.56533515
20257,0.003989424,0.0006237566,0.9953868
20258,0.9803602,0.0002899353,0.019349847
20259,0.3433662,0.039766017,0.6168677
20260,0.32653356,0.010054357,0.66341203
20261,0.0085947,4.6226756e-05,0.9913591
20262,0.8671326,0.0774009,0.055466518
20263,0.9001839,0.0042382367,0.095577836
20264,0.06642088,0.00090592,0.93267316
20265,0.93006885,0.022980642,0.04695052
20266,0.514604,0.08288519,0.40251088
20267,0.09732543,0.0006628054,0.90201175
20268,0.6600704,0.07945388,0.26047567
20269,0.72436756,0.007591455,0.26804098
20270,0.89818984,0.044155642,0.05765453
20271,0.18987368,0.01599619,0.79413015
20272,0.83338743,0.023747463,0.14286509
20273,0.80746925,0.035537913,0.15699285
20274,0.86508775,0.040359817,0.09455247
20275,0.01191862,0.00013154178,0.98794985
20276,0.97555053,0.008240723,0.016208705
20277,0.94075847,0.015349999,0.043891463
20278,0.016098356,0.0036635946,0.9802381
20279,0.22192635,0.008747244,0.7693264
20280,0.8059093,0.0054856436,0.18860509
20281,0.78097916,0.019891586,0.1991293
20282,0.9375142,0.00811679,0.054368984
20283,0.75720954,0.04594547,0.19684498
20284,0.9765544,0.004772718,0.018672941
20285,0.93194103,0.0004250473,0.06763397
20286,0.0001561744,3.36312e-06,0.9998404
20287,0.90418684,0.014959686,0.080853455
20288,0.98565567,0.0026930384,0.011651259
20289,0.9396937,0.009109725,0.05119662
20290,0.8854003,0.033662505,0.080937244
20291,0.92745787,0.04688555,0.025656532
20292,0.7051134,0.236002,0.058884617
20293,0.053818453,0.0060355514,0.940146
20294,0.9096303,0.0033381255,0.0870316
20295,0.79121286,0.010564218,0.19822292
20296,0.93142635,0.011314023,0.05725969
20297,0.0038754938,2.4732719e-05,0.9960997
20298,0.0842423,0.0039269463,0.9118308
20299,0.7636288,0.00963023,0.22674096
20300,0.00018304815,0.0002563203,0.99956065
20301,0.97489095,0.002582982,0.022526119
20302,0.9703289,0.0008923335,0.028778747
20303,0.9365983,0.002415726,0.060985934
20304,0.9549397,0.0006195399,0.044440668
20305,0.99428296,0.003758761,0.0019583304
20306,0.5129247,0.020551804,0.4665235
20307,0.9852946,0.0041563683,0.010549005
20308,0.88753086,0.0034744206,0.108994715
20309,0.785389,0.0059040724,0.20870696
20310,0.30845654,0.0010602892,0.69048315
20311,0.5052994,0.026792118,0.4679085
20312,0.9709329,0.018573483,0.010493638
20313,0.35211167,0.027403755,0.62048453
20314,0.9891565,0.00081412244,0.010029407
20315,0.310973,0.004286728,0.6847403
20316,0.92119247,0.002973325,0.07583425
20317,0.9371155,0.0028172347,0.060067255
20318,0.91633,0.017651023,0.06601893
20319,0.3953156,0.24515189,0.35953256
20320,0.82890654,0.0010186345,0.17007482
20321,0.6734058,0.038012907,0.28858125
20322,0.7962252,0.054831367,0.1489435
20323,0.83325994,0.11839789,0.048342146
20324,0.9321559,0.04939906,0.018445073
20325,0.11184535,0.00585333,0.88230133
20326,0.9611064,0.010297344,0.028596215
20327,0.89306635,0.019479072,0.08745456
20328,0.91927856,0.015958609,0.06476283
20329,0.81648445,0.0037166746,0.1797989
20330,0.939091,0.008900386,0.052008644
20331,0.59654367,0.13807729,0.265379
20332,0.6710544,0.01285134,0.3160942
20333,0.8887241,0.0010231268,0.11025275
20334,0.80081975,0.0008459995,0.19833422
20335,0.93045217,0.017174946,0.0523729
20336,0.16965276,0.010400688,0.8199466
20337,0.93328696,0.0013456278,0.065367386
20338,0.180596,0.11849107,0.70091295
20339,0.95883054,0.0041013304,0.037068162
20340,0.7333733,0.0014443205,0.26518238
20341,0.39493656,0.54142463,0.06363878
20342,0.016481213,0.0045753014,0.9789435
20343,0.97490466,0.0029742552,0.022121072
20344,0.9181255,0.007409098,0.07446536
20345,0.62735665,0.0030867488,0.36955655
20346,0.0040286593,0.00040028544,0.9955711
20347,0.9883732,0.0006187662,0.01100808
20348,0.8293528,0.055858374,0.11478883
20349,0.9682362,0.003129228,0.028634507
20350,0.72849363,0.015003596,0.25650275
20351,0.9496869,0.029702313,0.020610787
20352,0.7682951,0.0050492426,0.22665566
20353,0.06112478,0.03665021,0.90222496
20354,0.9939857,0.0025904921,0.0034237767
20355,0.9895962,0.0017511843,0.008652572
20356,0.9930917,0.0013097489,0.0055984976
20357,0.0062718554,3.2161086e-05,0.99369603
20358,0.7318377,0.012729754,0.2554326
20359,0.9866855,0.008837122,0.004477393
20360,0.88392943,0.04034811,0.07572243
20361,0.13108969,0.005650901,0.8632594
20362,0.9544163,0.00029875254,0.045284946
20363,0.89555615,0.022076774,0.08236714
20364,0.9735676,0.00055756833,0.025874875
20365,0.044499546,0.008645231,0.94685525
20366,0.08852085,0.10075754,0.81072164
20367,0.85853815,0.023462811,0.11799899
20368,0.89792705,0.022727538,0.07934542
20369,0.0008772606,1.32651185e-05,0.99910945
20370,0.93488145,0.012629694,0.052488852
20371,0.9560772,0.0034946927,0.04042808
20372,0.9674279,0.003090337,0.02948172
20373,0.039749786,0.00135528,0.95889485
20374,0.025849262,0.002960289,0.97119045
20375,0.76117384,0.07783207,0.1609941
20376,0.009370879,0.0033533392,0.9872758
20377,0.90619594,0.0012617782,0.092542306
20378,0.05486663,0.0031871388,0.94194627
20379,0.9669877,0.0020586774,0.030953538
20380,0.8792118,0.004173841,0.11661437
20381,0.33172157,0.051812336,0.6164661
20382,0.92974555,0.00264442,0.06761003
20383,0.28161773,0.0068292217,0.7115531
20384,0.2495957,0.012430526,0.7379738
20385,0.87261605,0.0028814706,0.12450252
20386,0.95768726,0.0067233853,0.035589382
20387,0.90745145,0.0009976578,0.09155091
20388,0.14219718,0.00082477,0.85697806
20389,0.048249297,0.00053233904,0.9512183
20390,0.930207,0.006330274,0.06346265
20391,0.8875935,0.0037785529,0.108628
20392,0.64579684,0.06523203,0.28897116
20393,0.2653075,0.102815546,0.63187695
20394,0.951348,0.00065808353,0.04799387
20395,0.781581,0.010074174,0.20834483
20396,0.8482356,0.004101396,0.14766297
20397,0.8440363,0.0150249265,0.14093886
20398,0.8956296,0.06280276,0.04156771
20399,0.37633187,0.00486804,0.6188001
20400,0.87233347,0.01514652,0.11252001
20401,0.9444735,0.0072419434,0.04828447
20402,0.57646364,0.034523603,0.38901275
20403,0.9902136,0.00057841797,0.009208084
20404,0.97483736,0.00540011,0.019762509
20405,0.9920318,0.0035469807,0.004421203
20406,0.00060838385,7.6917996e-07,0.99939084
20407,0.10487126,0.0061135096,0.8890152
20408,0.56007355,0.028463176,0.4114633
20409,0.9747046,0.0016271155,0.023668319
20410,0.4905026,0.013467411,0.49603003
20411,0.92655146,0.005865954,0.06758259
20412,0.94423765,0.011450838,0.044311546
20413,0.03692492,0.00066552067,0.96240956
20414,0.08279235,0.06221406,0.8549936
20415,0.60520256,0.00048090966,0.39431655
20416,0.01624333,0.011126623,0.97263
20417,0.6543887,0.004574508,0.3410367
20418,0.6965062,0.04731641,0.25617734
20419,0.0114702955,0.00043481227,0.98809487
20420,0.26477545,0.001314836,0.7339097
20421,0.8166378,0.028086573,0.1552756
20422,0.8208743,0.017420681,0.16170506
20423,0.88349,0.011645953,0.104864016
20424,0.62209266,0.15002699,0.22788034
20425,0.8589216,0.011569246,0.12950918
20426,0.9969031,0.0009120913,0.0021847584
20427,0.12511171,0.0698931,0.80499524
20428,0.9817312,0.0018866123,0.016382242
20429,0.003409903,8.410095e-05,0.996506
20430,0.078811996,0.010385588,0.9108024
20431,0.6677631,0.0048995405,0.32733732
20432,0.8174329,0.0066978326,0.17586932
20433,0.9813773,0.003853342,0.01476939
20434,0.98896027,0.0070338324,0.004005894
20435,0.9443343,0.00014756349,0.055518046
20436,0.4544111,0.4076266,0.13796231
20437,0.983669,0.0003437463,0.01598726
20438,0.03409053,0.0033610486,0.9625485
20439,0.898599,0.07683164,0.02456934
20440,0.9824607,0.0017787586,0.015760567
20441,0.013165368,0.06365186,0.9231827
20442,0.8364352,0.11652126,0.047043502
20443,0.96260524,0.0026922356,0.034702517
20444,0.76561195,0.032006126,0.20238194
20445,0.34876582,0.003659127,0.6475751
20446,0.73163843,0.03304913,0.23531245
20447,0.83859545,0.0058881957,0.1555163
20448,0.9013241,0.034283675,0.06439225
20449,0.66278535,0.1876461,0.14956851
20450,0.36851484,0.003316669,0.62816846
20451,0.96384776,0.0058946814,0.030257529
20452,0.4218145,0.010284269,0.56790125
20453,0.98613966,0.0016529061,0.0122074075
20454,0.745693,0.0019054806,0.25240147
20455,0.7649409,0.13768302,0.09737605
20456,0.9154549,0.0050735073,0.07947165
20457,0.053275578,0.0002770638,0.9464474
20458,0.84335023,0.0037173943,0.15293236
20459,0.9828168,0.0032062803,0.013976838
20460,0.09190872,0.018056242,0.89003503
20461,0.76932764,0.05404572,0.17662665
20462,0.7007164,0.14746727,0.15181637
20463,0.04029412,0.0032906006,0.95641524
20464,0.73827434,0.020818442,0.24090725
20465,0.7935985,0.023828294,0.18257324
20466,0.9553788,0.013172299,0.031448886
20467,0.077264614,0.056947153,0.8657882
20468,0.9502382,0.00088469323,0.048877116
20469,0.9327935,0.030629493,0.036577005
20470,0.091949575,0.21986134,0.6881891
20471,0.92189366,0.008701841,0.06940453
20472,0.9387043,0.0059155193,0.0553802
20473,0.995275,0.0015450657,0.00317984
20474,0.48946017,0.08755268,0.4229872
20475,0.10653116,0.017608974,0.87585986
20476,0.9891305,0.0027603514,0.008109113
20477,0.91152036,0.00026021805,0.0882194
20478,0.95659095,0.025618138,0.017790917
20479,0.9817417,0.00092885405,0.01732948
20480,0.021415431,9.773645e-06,0.97857475
20481,0.5428431,0.003865181,0.45329174
20482,0.9717514,0.012279742,0.015968889
20483,0.8984299,0.0064337156,0.095136486
20484,0.7020876,0.009002675,0.28890967
20485,0.5160605,0.008058271,0.47588125
20486,0.016036924,2.3502658e-05,0.9839395
20487,0.92392766,0.0038910622,0.072181314
20488,0.18056549,0.004032324,0.81540215
20489,0.03497829,0.116850495,0.8481712
20490,0.10722305,0.08883633,0.8039406
20491,0.89152855,0.0067339693,0.101737425
20492,0.8316823,0.010526129,0.15779155
20493,0.8895551,0.022255935,0.08818896
20494,0.96432376,0.009471106,0.026205188
20495,0.958621,0.0002784952,0.04110051
20496,0.549489,0.023270212,0.42724076
20497,0.9159009,0.016669076,0.06742999
20498,0.72560835,0.008625317,0.26576632
20499,0.046338946,0.000607425,0.9530536
20500,0.0021306768,9.4538605e-05,0.9977748
20501,0.66321176,0.029633943,0.3071543
20502,0.8910826,0.014533787,0.09438365
20503,0.8888955,0.010220231,0.100884296
20504,0.89499795,0.09993516,0.005066938
20505,0.13227865,0.0080091385,0.8597122
20506,0.011227434,0.0007997845,0.98797274
20507,0.83246934,0.010093534,0.15743707
20508,0.9907285,0.0015893395,0.0076821474
20509,0.9273828,0.007767284,0.06484987
20510,0.9771353,0.0006080012,0.022256633
20511,0.96571845,0.0030255758,0.031256024
20512,0.8518178,0.08489639,0.06328581
20513,0.47824213,0.0022618202,0.5194961
20514,0.93630195,0.0050418163,0.058656275
20515,0.52568656,0.02494137,0.44937208
20516,0.54246575,0.042247314,0.4152869
20517,0.93378353,0.0033710813,0.0628454
20518,0.98617494,0.00052767235,0.013297354
20519,0.7128689,0.0059921592,0.2811389
20520,0.035218026,0.026565555,0.9382164
20521,0.9165058,0.0043192576,0.079174906
20522,0.9329793,0.0010250804,0.06599563
20523,0.9030586,0.0045505394,0.09239086
20524,0.0012536243,6.009431e-05,0.99868625
20525,0.9544419,0.00793338,0.037624694
20526,0.98788506,0.004862756,0.007252201
20527,0.9954874,0.0006033377,0.0039093075
20528,0.9767865,0.0027254077,0.020488136
20529,0.9901342,0.0008572836,0.009008515
20530,0.048793167,0.0013206654,0.94988614
20531,0.9288495,0.010166389,0.060984097
20532,0.32884893,0.050846178,0.6203049
20533,0.9542463,0.0054812985,0.040272478
20534,0.6428983,0.006521182,0.35058045
20535,0.22101718,0.02569115,0.75329167
20536,0.9422605,0.015420822,0.042318683
20537,0.95903695,0.0010106536,0.039952375
20538,0.47945714,0.014279418,0.50626343
20539,0.97237015,0.0044007204,0.023229156
20540,0.6629621,0.20739754,0.12964042
20541,0.0529166,0.4219713,0.52511215
20542,0.9525757,0.0022457396,0.045178607
20543,0.73404145,0.04447219,0.2214864
20544,0.99687576,0.0011813814,0.0019428718
20545,0.86475253,0.035920158,0.09932735
20546,0.99505275,0.00019346415,0.00475382
20547,0.8816944,0.0015883914,0.11671716
20548,0.98343176,0.0049764323,0.011591829
20549,0.008856752,2.9823766e-05,0.9911135
20550,0.94538873,0.0027639018,0.051847335
20551,0.5701,0.030016081,0.39988393
20552,0.21599406,0.02228073,0.76172525
20553,0.779282,0.00074586266,0.21997213
20554,0.9344417,0.004882925,0.060675364
20555,0.5337137,0.14420398,0.3220823
20556,0.13987663,0.012258926,0.84786445
20557,0.97779363,0.0021806313,0.020025745
20558,0.922281,0.015173032,0.06254598
20559,0.988813,0.0013572833,0.009829723
20560,0.4954472,0.007051444,0.49750134
20561,0.027343877,0.0003857918,0.9722703
20562,0.0057904203,0.00024817215,0.9939614
20563,0.95271087,0.00075400603,0.04653506
20564,0.7568792,0.013663529,0.22945724
20565,0.25362083,0.0052878964,0.7410913
20566,0.7995751,0.003019227,0.19740568
20567,0.017596463,0.021585409,0.9608181
20568,0.9084626,0.05125625,0.04028123
20569,0.7385143,0.0028862853,0.2585994
20570,0.8808461,0.027691625,0.09146231
20571,0.28984407,0.54426265,0.16589329
20572,0.023105757,0.003943868,0.9729504
20573,0.8429397,0.0007516855,0.1563086
20574,0.1096585,0.0056911083,0.8846504
20575,0.9964719,0.0008204092,0.0027077473
20576,0.9826263,0.008520969,0.008852775
20577,0.9605071,0.0022097204,0.0372832
20578,0.96071446,0.006033936,0.033251572
20579,0.83624893,0.00155461,0.16219641
20580,0.93466675,0.0104336655,0.054899607
20581,0.510928,0.04654952,0.44252247
20582,0.8955185,0.0047343248,0.09974725
20583,0.9571836,0.0022847648,0.04053161
20584,0.97812325,0.0064966814,0.015380043
20585,0.94808203,0.019939717,0.03197826
20586,0.98792726,0.0018777526,0.010194944
20587,0.79010725,0.034020644,0.17587215
20588,0.97049505,0.0069737104,0.022531224
20589,0.4623049,0.0176183,0.5200768
20590,0.9951031,0.00086856366,0.004028354
20591,0.98300767,0.0012390312,0.015753303
20592,0.49319148,0.047281165,0.45952737
20593,0.6284281,0.09158542,0.27998644
20594,0.8308797,0.010128916,0.15899138
20595,0.8350603,0.03901638,0.12592337
20596,0.09085169,0.3560873,0.553061
20597,0.33406165,0.20288996,0.46304834
20598,0.91012573,0.041432608,0.04844167
20599,0.5698883,0.004895234,0.4252165
20600,0.74497026,0.026701292,0.2283284
20601,0.0106159095,0.3593791,0.630005
20602,0.96849626,0.0062972945,0.025206488
20603,0.9834404,0.0028521328,0.013707438
20604,0.9522091,0.005212458,0.04257849
20605,0.9046866,0.010380239,0.08493317
20606,0.97111076,0.0038497632,0.025039531
20607,0.0010184277,0.0027847164,0.99619687
20608,0.7693436,0.024495456,0.20616093
20609,0.93595123,0.0026941309,0.06135458
20610,0.82123816,0.0014381687,0.17732364
20611,0.995634,0.00028479059,0.0040812013
20612,0.7857143,0.0023318962,0.21195383
20613,0.19569463,0.005606819,0.79869854
20614,0.6936223,0.017836679,0.28854105
20615,0.9699365,0.0024748466,0.027588695
20616,0.27841675,0.006297338,0.71528596
20617,0.6790673,0.16225126,0.15868145
20618,0.98457634,0.0008769668,0.014546737
20619,0.94490623,0.005442989,0.04965079
20620,0.17206372,0.008063996,0.8198723
20621,0.06094931,0.020544093,0.9185066
20622,0.009783609,0.008270633,0.9819457
20623,0.92865175,0.00075049995,0.0705977
20624,0.99525625,0.0013486616,0.0033950682
20625,0.28627083,0.0024702179,0.71125895
20626,0.9518934,0.015319569,0.032787092
20627,0.42414802,0.19993922,0.37591276
20628,0.019768946,0.0002658961,0.9799652
20629,0.0051504327,3.2881323e-06,0.9948462
20630,0.9794702,0.0005681579,0.019961629
20631,0.9745258,0.0082360795,0.017238162
20632,0.24111742,0.015398408,0.7434842
20633,0.8716357,0.0017299351,0.12663439
20634,0.9937475,0.0029573254,0.00329517
20635,0.93690866,0.0068017594,0.056289528
20636,0.45954496,0.008553452,0.5319016
20637,0.33046478,0.0032866648,0.66624856
20638,0.9423541,0.0023731412,0.05527283
20639,0.0069814576,0.000135589,0.99288297
20640,0.008810999,0.001436952,0.98975205
20641,0.13553609,0.00064677047,0.86381716
20642,0.9856662,0.0003224972,0.014011231
20643,0.18733262,0.010028202,0.80263925
20644,0.7198464,0.008888366,0.2712652
20645,0.8803456,0.07513025,0.044524185
20646,0.9880227,0.0068572224,0.0051201168
20647,0.9778275,0.0006159342,0.021556543
20648,0.9210058,0.0023547846,0.07663943
20649,0.005019966,0.00666107,0.9883189
20650,0.69160587,0.0070667285,0.30132744
20651,0.9554456,0.0040516844,0.040502723
20652,0.93532634,0.004774533,0.0598991
20653,0.9810657,0.0076527908,0.011281533
20654,0.8844964,0.0011598793,0.11434371
20655,0.9019277,0.0032738976,0.09479838
20656,0.003294548,0.0034416043,0.99326384
20657,0.4632747,0.0034971586,0.53322816
20658,0.9887517,0.0003664894,0.010881772
20659,0.9525217,0.0076684626,0.039809868
20660,0.9675048,0.0032671243,0.029228143
20661,0.7951973,0.0061645857,0.19863814
20662,0.4133217,0.00040410366,0.5862742
20663,0.94543797,0.0004556906,0.054106355
20664,0.96660954,0.002241115,0.031149272
20665,0.9478586,0.0066439174,0.045497492
20666,0.75740385,0.0072520874,0.23534408
20667,0.7305939,0.019852348,0.2495537
20668,0.00090660615,4.8825965e-05,0.9990446
20669,0.7187579,0.018920692,0.26232138
20670,0.74327195,0.02551084,0.23121719
20671,0.8728481,0.063444935,0.06370692
20672,0.8922303,0.007431247,0.10033851
20673,0.97321045,0.0011425036,0.025647044
20674,0.032545667,0.000702502,0.9667518
20675,0.9386558,0.0030881797,0.058256064
20676,0.66985077,0.23700362,0.09314562
20677,0.83760446,0.044674326,0.117721215
20678,0.7919199,0.016734425,0.19134563
20679,0.09405534,0.048081357,0.8578633
20680,0.97471786,0.00874681,0.016535291
20681,0.82396394,0.008385292,0.16765073
20682,0.8921315,0.04294291,0.06492565
20683,0.09911447,0.00014070944,0.90074486
20684,0.22649445,0.13478693,0.6387186
20685,0.1989068,0.0033679353,0.7977253
20686,0.89788085,0.001963711,0.1001555
20687,0.8184484,0.006935272,0.17461632
20688,0.1279318,0.031655885,0.84041226
20689,0.9464115,0.0048681046,0.048720453
20690,0.7893169,0.009568812,0.20111434
20691,0.00794964,0.00513666,0.98691374
20692,0.0008269646,4.1374933e-05,0.99913174
20693,0.86240417,0.038302224,0.09929359
20694,0.862868,0.0025737507,0.13455825
20695,0.94459575,0.0015760371,0.05382819
20696,0.95531213,0.0023624399,0.042325456
20697,0.91562647,0.00095971685,0.083413854
20698,0.9985738,0.00053882087,0.00088734255
20699,0.27651885,0.117768385,0.6057128
20700,0.13457407,0.0106648,0.8547611
20701,0.15242891,0.00026950872,0.8473016
20702,0.90200686,0.004785837,0.093207344
20703,0.48079085,0.009950337,0.5092588
20704,0.066194415,0.007423232,0.92638236
20705,0.9268563,0.02077737,0.05236639
20706,0.93698704,0.00094177853,0.062071215
20707,0.12228016,0.0011828273,0.87653697
20708,0.5398427,0.058581043,0.40157625
20709,0.35197914,0.56529355,0.08272732
20710,0.96282166,0.0005392625,0.036639098
20711,0.878401,0.0039863964,0.117612615
20712,0.84404594,0.0018414686,0.15411256
20713,0.98722875,0.0055307946,0.007240416
20714,0.92256737,0.0029170627,0.07451553
20715,0.8841865,0.104848966,0.01096458
20716,0.8488775,0.0074995374,0.14362295
20717,0.91918963,0.0053988406,0.075411536
20718,0.9781602,0.00096355594,0.020876268
20719,0.002461897,0.050385527,0.94715255
20720,0.87581587,0.0018649844,0.1223192
20721,0.01982292,0.00028943177,0.9798876
20722,0.9955336,0.00019207755,0.004274364
20723,0.9704049,0.018605143,0.010989895
20724,0.98041695,0.0028497386,0.016733373
20725,0.550509,0.002931663,0.4465594
20726,0.9698307,0.0050417227,0.025127525
20727,0.011568508,0.3281972,0.6602343
20728,0.1320883,0.008769499,0.85914224
20729,0.5810471,0.016764497,0.4021884
20730,0.642022,0.25801307,0.0999649
20731,0.18495046,0.0018222462,0.8132273
20732,0.95461035,0.0041196514,0.041269973
20733,0.78271496,0.017740631,0.19954446
20734,0.9699257,0.0026527003,0.027421573
20735,0.98782665,0.00097594655,0.011197358
20736,0.7527681,0.0049905046,0.24224146
20737,0.9653472,0.005775345,0.02887751
20738,0.9427146,0.005190256,0.052095164
20739,0.87318176,0.0035879263,0.12323035
20740,0.96487135,0.0010205462,0.03410809
20741,0.992393,0.0016298945,0.005977075
20742,0.97767,0.00015684117,0.022173168
20743,0.95496553,0.001406287,0.043628193
20744,0.9316867,0.01036714,0.0579462
20745,0.108190656,0.004925018,0.88688433
20746,0.053991914,0.09108573,0.8549223
20747,0.40509084,0.473239,0.121670164
20748,0.28387272,0.020091178,0.6960361
20749,0.94454795,0.002255718,0.053196277
20750,0.90099347,0.02750136,0.07150517
20751,0.015572568,0.004347981,0.9800795
20752,0.02422012,0.0336542,0.9421257
20753,0.9590941,0.00029234888,0.04061355
20754,0.4889328,0.0022393388,0.50882787
20755,0.7124761,0.12902944,0.15849449
20756,0.48471737,0.002956783,0.5123259
20757,0.54732823,0.092769876,0.3599019
20758,0.9854315,0.0008777352,0.013690706
20759,0.9644029,0.0003299404,0.0352672
20760,0.48782796,0.009240987,0.5029311
20761,0.039014652,0.20281352,0.75817186
20762,0.026714046,0.21969175,0.75359416
20763,0.90821224,0.009150199,0.08263757
20764,0.22155286,0.039788138,0.73865896
20765,0.9947259,0.0012198146,0.004054317
20766,0.9681322,0.001160334,0.030707434
20767,0.6151242,0.00015266355,0.38472316
20768,0.5270471,0.009765281,0.4631876
20769,0.95488167,0.007743095,0.037375156
20770,0.53032297,0.0007451399,0.46893188
20771,0.9095938,0.0044686995,0.08593752
20772,0.95895725,0.010880932,0.03016186
20773,0.89316213,0.0033770665,0.10346087
20774,0.003900345,0.00018665088,0.99591297
20775,0.82686204,0.0051446403,0.16799332
20776,0.93587947,0.00047656594,0.06364395
20777,0.8903297,0.005536474,0.10413382
20778,0.7279571,0.18736076,0.084682085
20779,0.9404617,0.01832701,0.041211255
20780,0.24497692,0.055622052,0.6994011
20781,0.8844873,0.047379527,0.06813327
20782,0.97793645,0.006623675,0.0154398065
20783,0.9645525,0.025383966,0.010063475
20784,0.8947655,0.012332739,0.09290182
20785,0.92368156,0.025840592,0.050477803
20786,0.19425718,0.6263215,0.17942132
20787,0.84299356,0.019441703,0.13756476
20788,0.8740048,0.0013986116,0.12459659
20789,0.4857802,0.22515196,0.28906786
20790,0.9568037,0.0017386709,0.04145769
20791,0.017233651,0.003188347,0.97957796
20792,0.6429778,0.017431267,0.33959097
20793,0.95137066,0.001705907,0.046923466
20794,0.8916763,0.0054964055,0.10282725
20795,0.7208047,0.20759298,0.07160233
20796,0.12547992,0.0065114954,0.8680086
20797,0.36718923,0.04832922,0.58448154
20798,0.05060043,0.44280702,0.5065926
20799,0.20168847,0.0041563613,0.7941552
20800,0.93307364,0.055856425,0.011069944
20801,0.8894729,0.008549916,0.10197723
20802,0.74697924,0.01687608,0.23614474
20803,0.1447206,0.18131523,0.6739642
20804,0.9901079,0.0013775991,0.0085145235
20805,0.63138676,0.018836968,0.3497762
20806,0.6986999,0.062312376,0.23898771
20807,0.8713256,0.013319405,0.11535496
20808,0.9095902,0.036488734,0.053921044
20809,0.009762871,0.0010089327,0.98922825
20810,0.04410365,0.027262732,0.9286337
20811,0.92144525,0.015581474,0.06297333
20812,0.8876994,0.013375424,0.09892513
20813,0.9917527,0.00488878,0.0033586028
20814,0.7213097,0.0015781505,0.2771121
20815,0.6794999,0.023291685,0.29720837
20816,0.53177917,0.18731004,0.28091076
20817,0.94551224,0.0062943078,0.0481935
20818,0.54348886,0.0009909313,0.4555202
20819,0.9747284,0.0058259224,0.019445673
20820,0.9857816,0.0027130384,0.011505319
20821,0.6240437,0.008138773,0.36781752
20822,0.84304875,0.0037160476,0.15323517
20823,0.98778397,0.00033935925,0.01187675
20824,0.11530193,0.007338989,0.87735903
20825,0.98952323,0.0013459786,0.009130784
20826,0.9596841,0.028915403,0.011400481
20827,0.01828899,0.007445839,0.97426516
20828,0.04977889,0.0020317521,0.94818944
20829,0.029550979,0.0015732256,0.96887577
20830,0.8501905,0.0033119507,0.14649755
20831,0.98935205,0.00049595564,0.010151961
20832,0.9565304,0.0031314108,0.040338207
20833,0.054219436,0.00070189324,0.9450787
20834,0.9945956,0.0032985043,0.0021059855
20835,0.09494004,0.14244863,0.7626113
20836,0.54954946,0.0005584815,0.44989207
20837,0.98262006,0.0019515407,0.015428368
20838,0.9637872,0.0029504446,0.033262335
20839,0.9722773,0.0054156343,0.02230706
20840,0.9928873,0.0055207186,0.0015920183
20841,0.90584046,0.00049942435,0.09366014
20842,0.12544554,0.009573318,0.8649812
20843,0.9948068,0.0035428025,0.0016504105
20844,0.8328583,0.009254267,0.15788738
20845,0.6003593,0.016771233,0.38286945
20846,0.88867,0.0027784514,0.108551495
20847,0.9316535,0.0047731684,0.06357334
20848,0.19515839,0.01620539,0.7886362
20849,0.9856332,0.0007314956,0.0136353355
20850,0.03412858,0.0011470678,0.9647243
20851,0.8490332,0.017270248,0.13369659
20852,0.9298581,0.0042878943,0.06585404
20853,0.97902817,0.007063952,0.013907909
20854,0.27060464,0.00665851,0.72273684
20855,0.0629439,0.00049306144,0.9365631
20856,0.95070744,0.00435786,0.044934746
20857,0.42274874,0.022930121,0.5543211
20858,0.9137899,0.007027292,0.07918277
20859,0.9774983,0.0085811075,0.013920538
20860,0.99411243,0.0012121097,0.004675462
20861,0.2376228,0.05927674,0.70310044
20862,0.11879906,0.00029158258,0.8809093
20863,0.20678355,0.029001715,0.76421475
20864,0.9292499,0.002277419,0.068472765
20865,0.7554127,0.0040593566,0.24052794
20866,0.40049428,0.08548712,0.5140186
20867,0.66066575,0.0017018145,0.33763245
20868,0.25208563,0.0079572275,0.73995715
20869,0.89508045,0.0054080654,0.099511534
20870,0.6189024,0.0017110244,0.3793866
20871,0.87568974,0.0042473897,0.12006282
20872,0.95110446,0.013214799,0.035680722
20873,0.963481,0.0028732163,0.03364579
20874,0.985572,0.0054026674,0.0090253465
20875,0.55836284,0.01283577,0.4288014
20876,0.25105616,0.003683925,0.74525994
20877,0.8683795,0.010494008,0.121126585
20878,0.76372474,0.005036045,0.23123923
20879,0.96910983,0.005061491,0.025828723
20880,0.92580694,0.044685345,0.029507715
20881,0.739037,0.012384593,0.24857841
20882,0.013635722,0.013957467,0.97240674
20883,0.95188147,0.007986999,0.040131506
20884,0.41268998,0.018318055,0.568992
20885,0.9822787,0.0010125301,0.016708788
20886,0.4061761,0.1373405,0.45648342
20887,0.9765211,0.0016048915,0.021874044
20888,0.98744094,0.00016564743,0.012393377
20889,0.0144788595,6.914773e-05,0.985452
20890,0.55766547,0.041267503,0.40106702
20891,0.99276876,0.001065032,0.006166237
20892,0.9865562,0.0016032035,0.011840638
20893,0.034773156,0.0011035278,0.96412325
20894,0.9036179,0.0030585518,0.093323454
20895,0.8590434,0.016787723,0.124168836
20896,0.92499566,0.002890741,0.07211357
20897,0.8580134,0.010149504,0.13183713
20898,0.9032595,0.004889057,0.09185146
20899,0.9947889,0.0014890011,0.003722137
20900,0.96066296,0.0034820023,0.03585508
20901,0.28480935,0.026105817,0.6890848
20902,0.93688637,0.0008041303,0.062309477
20903,0.9691356,0.0016792617,0.029185116
20904,0.1450753,0.0012906911,0.85363394
20905,0.014439871,0.0024913326,0.9830688
20906,0.6981567,0.05004393,0.2517993
20907,0.27229944,0.034105003,0.6935955
20908,0.006807168,0.000101733494,0.9930911
20909,0.9875513,0.0065857028,0.005863062
20910,0.98544043,0.00079770864,0.013761911
20911,0.98369956,0.0014217771,0.014878676
20912,0.9804228,0.00013889838,0.019438278
20913,0.72875553,0.01202435,0.25922012
20914,0.01326891,0.003845454,0.9828856
20915,0.8667479,0.013713151,0.11953893
20916,0.8749137,0.00411272,0.12097352
20917,0.8026865,0.004003274,0.1933102
20918,0.8833492,0.0063158055,0.110335015
20919,0.7957183,0.11338021,0.09090149
20920,0.9812992,0.0037109412,0.014989805
20921,0.9705992,0.0009402072,0.02846062
20922,0.7835802,0.07564863,0.14077121
20923,0.13999464,0.0020016301,0.85800374
20924,0.9925593,0.0024900127,0.0049506733
20925,0.4466038,0.012380947,0.54101527
20926,0.073255666,0.0049242936,0.92182
20927,0.95820516,0.004825842,0.036969025
20928,0.72040266,0.013801734,0.2657956
20929,0.94544965,0.0012789852,0.053271312
20930,0.0023573434,0.00014330738,0.9974993
20931,0.00017606193,1.126525e-05,0.99981266
20932,0.9932448,0.000744183,0.0060110544
20933,0.7575665,0.01842962,0.22400393
20934,0.72898537,0.08408016,0.1869345
20935,0.61108875,0.014051508,0.37485972
20936,0.96700144,0.011288433,0.021710167
20937,0.0042595826,3.5866422e-05,0.9957046
20938,0.83366835,0.007365975,0.15896562
20939,0.1422721,0.0048568756,0.852871
20940,0.9052908,0.0047188327,0.089990355
20941,0.07495669,0.0105108265,0.9145325
20942,0.99464923,0.00023754929,0.0051132618
20943,0.97520363,0.0019940403,0.022802362
20944,0.6586205,0.12601167,0.21536788
20945,0.49427465,0.023947505,0.4817778
20946,0.17160553,0.003935338,0.82445914
20947,0.9812759,0.0039857267,0.014738297
20948,0.10169601,0.04800032,0.85030365
20949,0.87589824,0.045103546,0.07899819
20950,0.0061568227,0.00040918618,0.99343395
20951,0.9210118,0.0041558687,0.07483229
20952,0.9740796,0.0027753045,0.023145096
20953,0.786657,0.044350322,0.1689927
20954,0.0048171855,0.0008751079,0.9943077
20955,0.92534614,0.003222233,0.07143163
20956,0.9477305,0.00480269,0.04746682
20957,0.82515496,0.0018118965,0.1730331
20958,0.6545248,0.0014598045,0.34401542
20959,0.037089493,0.0004980335,0.96241254
20960,0.959715,0.019416474,0.020868443
20961,0.85254246,0.0002042979,0.14725317
20962,0.9598408,0.0005247591,0.039634466
20963,0.23207918,0.024810946,0.7431099
20964,0.97009563,0.0249757,0.004928629
20965,0.95639145,0.0052058413,0.038402703
20966,0.04176823,0.006019259,0.9522126
20967,0.97505516,0.0016381342,0.0233067
20968,0.044213917,0.0036227705,0.9521633
20969,0.018254435,0.0017065633,0.98003906
20970,0.6135827,0.023933262,0.3624841
20971,0.7719761,0.0046666064,0.22335728
20972,0.95980465,0.024140848,0.016054567
20973,0.19156885,0.16023861,0.6481925
20974,0.93937224,0.011658433,0.048969317
20975,0.001326361,6.757435e-05,0.99860615
20976,0.5320816,0.054590315,0.4133281
20977,0.9863767,0.012315922,0.0013073761
20978,0.112816736,0.21228561,0.6748977
20979,0.02687522,0.025409004,0.9477158
20980,0.9557921,0.0019820502,0.042225834
20981,0.22914095,0.012115521,0.7587435
20982,0.113477685,0.00056162814,0.8859607
20983,0.70854807,0.014046474,0.2774055
20984,0.99512887,0.00085049064,0.0040206723
20985,0.98060787,0.011748948,0.0076431744
20986,0.88556224,0.0048796074,0.10955819
20987,0.9885557,3.6535876e-05,0.011407753
20988,0.82835543,0.023749562,0.14789496
20989,0.8675904,0.0028375147,0.129572
20990,0.049403075,0.015013532,0.93558335
20991,0.59167695,0.06517085,0.3431522
20992,0.9715668,0.009963854,0.018469311
20993,0.96860516,0.0049802396,0.026414607
20994,0.08456188,0.003538882,0.91189927
20995,0.970456,0.007282346,0.022261642
20996,0.95831484,0.0042884536,0.037396718
20997,0.9600531,0.0025008225,0.037446126
20998,0.96638674,0.00078962726,0.03282365
20999,0.98816586,0.0007929745,0.011041215
21000,0.0015480872,8.152266e-06,0.9984438
21001,0.9800506,0.0022110287,0.017738309
21002,0.9418665,0.0034601977,0.05467333
21003,0.95350957,0.0071872333,0.03930327
21004,0.34409222,0.0132684065,0.6426394
21005,0.037145462,0.004226765,0.9586278
21006,0.117658004,0.0019642082,0.88037777
21007,0.9793717,0.004759347,0.015868932
21008,0.099202275,0.07065354,0.8301442
21009,0.12341293,0.019929688,0.8566573
21010,0.90796465,0.011059416,0.08097601
21011,0.021895638,8.451649e-05,0.97801983
21012,0.9397438,0.0057912995,0.05446495
21013,0.76736325,0.16845685,0.06417988
21014,0.6866575,0.0015643997,0.31177813
21015,0.53226775,0.14155035,0.32618192
21016,0.49936453,0.0062042098,0.49443126
21017,0.99697673,0.0009043647,0.0021189107
21018,0.01680995,4.4090855e-05,0.9831459
21019,0.95152295,0.015025101,0.03345197
21020,0.95278275,0.025034333,0.022182917
21021,0.92500114,0.005240421,0.06975837
21022,0.9539632,0.0058156373,0.04022117
21023,0.94469064,0.028588839,0.026720565
21024,0.71724135,0.016292242,0.26646647
21025,0.9240269,0.0011305073,0.07484257
21026,0.00018654733,3.391496e-06,0.99981004
21027,0.9771633,0.001984163,0.020852497
21028,0.9493166,0.0028677008,0.04781569
21029,0.02458323,0.027952956,0.94746387
21030,0.7537501,0.008425345,0.23782457
21031,0.0018113863,0.013756679,0.9844319
21032,0.5865396,0.003406211,0.41005415
21033,0.96739566,0.013873414,0.01873087
21034,0.85307384,0.0018638993,0.14506228
21035,0.95281273,0.010560615,0.036626656
21036,0.5707095,0.13759403,0.29169646
21037,0.9462047,0.0006557403,0.05313953
21038,0.8889115,0.0069233705,0.10416515
21039,0.9768623,0.011497223,0.011640405
21040,0.4838623,0.017057743,0.4990799
21041,0.8760093,0.014840083,0.10915058
21042,0.89791805,0.033292077,0.06878989
21043,0.9757269,0.008145066,0.016128039
21044,0.9765105,0.016690796,0.0067986506
21045,0.9623869,0.0035505907,0.03406252
21046,0.07227184,0.0016362075,0.92609197
21047,0.9431485,0.0048550908,0.051996373
21048,0.9228917,0.003651618,0.073456705
21049,0.267814,0.006933379,0.72525257
21050,0.25111744,0.14539409,0.60348845
21051,0.53076243,0.045008976,0.4242286
21052,0.96690714,0.0004932258,0.032599602
21053,0.8925554,0.005474618,0.10196993
21054,0.9803027,0.0044433135,0.0152539415
21055,0.9902367,0.0015044821,0.008258821
21056,0.9848734,0.0012621343,0.013864485
21057,0.6438951,0.02636962,0.32973525
21058,0.8997842,0.019453797,0.08076204
21059,0.9429814,0.0019850023,0.05503363
21060,0.7640826,0.0066109695,0.22930638
21061,0.8523347,0.015573114,0.13209224
21062,0.5639275,0.01574851,0.42032403
21063,0.024575278,0.002812895,0.97261184
21064,0.97952557,0.00016860595,0.02030578
21065,0.93593806,0.013316361,0.050745565
21066,0.45183736,0.135913,0.41224965
21067,0.5111468,0.012591296,0.4762619
21068,0.68198055,0.070317045,0.24770236
21069,0.93253225,0.005735975,0.061731786
21070,0.0138966385,0.0100008,0.9761026
21071,0.73546284,0.00886138,0.25567576
21072,0.6997818,0.21358173,0.08663649
21073,0.9470301,0.02129742,0.031672467
21074,0.05990862,0.0006000928,0.93949133
21075,0.10909763,0.0047521326,0.8861502
21076,0.20546837,0.0009857268,0.7935459
21077,0.40915123,0.008021314,0.5828275
21078,0.8447867,0.04789918,0.10731409
21079,0.009793965,0.0018779805,0.98832804
21080,0.0015323773,0.00017502577,0.9982926
21081,0.9870658,0.0009625232,0.011971708
21082,0.99428,0.002620587,0.0030994464
21083,0.8696175,0.0030513215,0.12733117
21084,0.63970464,0.0042166645,0.3560787
21085,0.9704828,0.0038891328,0.025628058
21086,0.9173428,0.0048258207,0.07783137
21087,0.9907906,0.0010127703,0.008196578
21088,0.9593651,0.0046559847,0.03597889
21089,0.27633917,0.052558903,0.6711019
21090,0.8843717,0.002898724,0.112729535
21091,0.7357529,0.004933773,0.25931334
21092,0.983013,0.0061167944,0.010870288
21093,0.90803766,0.005947913,0.08601439
21094,0.22866866,0.007464381,0.76386696
21095,0.91308075,0.0023280748,0.08459119
21096,0.67427886,0.02574772,0.29997346
21097,0.8501514,0.0021550283,0.14769353
21098,0.967679,0.0021009173,0.030220047
21099,0.096780285,0.062901616,0.8403181
21100,0.493979,0.008668632,0.4973524
21101,0.91739273,0.0008274506,0.08177985
21102,0.015592137,0.0003643974,0.9840434
21103,0.72253376,0.054002076,0.22346416
21104,0.9804089,0.0009324659,0.01865861
21105,0.9696128,0.011775279,0.018611878
21106,0.980944,0.011131866,0.007924215
21107,0.97699976,0.014097847,0.008902414
21108,0.7033169,0.014479541,0.28220353
21109,0.19880737,0.0087208105,0.7924718
21110,0.4150971,0.0036784732,0.58122444
21111,0.94110805,0.0022707605,0.05662116
21112,0.96945244,0.0015197796,0.029027807
21113,0.8403222,0.001074791,0.15860304
21114,0.1271162,0.006206587,0.8666772
21115,0.6145153,0.0036952,0.3817895
21116,0.90378976,0.04258105,0.05362912
21117,0.9857361,0.005908533,0.008355396
21118,0.0016619689,7.286398e-05,0.9982652
21119,0.9752314,0.0075269537,0.017241662
21120,0.85763854,0.0014782121,0.14088327
21121,0.684742,0.015203461,0.30005458
21122,0.85060287,0.004351271,0.14504589
21123,0.94049925,0.002347945,0.057152808
21124,0.35701558,0.16436687,0.47861758
21125,0.07367472,0.002010679,0.9243146
21126,0.9255755,0.0038194263,0.07060507
21127,0.93587273,0.00336276,0.060764562
21128,0.951157,0.008625565,0.040217437
21129,0.00092129456,0.00022852655,0.9988501
21130,0.914413,0.0068489956,0.078738004
21131,0.9608401,0.0059431293,0.033216767
21132,0.98762965,0.0020092658,0.010361123
21133,0.25447994,0.017042741,0.7284773
21134,0.17163056,0.04207616,0.7862933
21135,0.95718426,0.0030957954,0.039719906
21136,0.9847407,0.0007281579,0.014531138
21137,0.3965453,0.059504785,0.5439499
21138,0.9605538,0.006969738,0.032476358
21139,0.9519841,0.005625122,0.042390786
21140,0.98342186,0.001338235,0.015239969
21141,0.94262516,0.009358043,0.048016846
21142,0.019885855,0.0004619883,0.9796522
21143,0.80414337,0.040215008,0.15564166
21144,0.9745661,0.0011228386,0.024311082
21145,0.9964051,0.001036759,0.0025581794
21146,0.9911911,0.00047888397,0.0083299745
21147,0.9134055,0.0132626025,0.073331885
21148,0.0007929558,5.1027787e-06,0.99920195
21149,0.06225155,0.008150143,0.92959833
21150,0.9948368,0.00067992654,0.0044832723
21151,0.91858464,0.013356662,0.068058684
21152,0.99388087,0.0017014147,0.0044176816
21153,0.89761156,0.024182549,0.07820596
21154,0.42380804,0.020172676,0.5560193
21155,0.9611741,0.0014981008,0.03732781
21156,0.7582199,0.0009611841,0.24081893
21157,0.0086623,0.0092255175,0.98211217
21158,0.99515486,0.0028859098,0.0019593022
21159,0.011660648,0.0004055193,0.98793375
21160,0.41934776,0.068289265,0.51236296
21161,0.842316,0.016975561,0.14070845
21162,0.07628967,0.015618615,0.9080917
21163,0.92046297,0.005138387,0.07439859
21164,0.9419745,0.006978164,0.05104735
21165,0.55387264,0.053179823,0.3929475
21166,0.86386883,0.0044354517,0.13169572
21167,0.6490052,0.0015905016,0.34940434
21168,0.910011,0.009893085,0.08009588
21169,0.9471306,0.0028479893,0.05002142
21170,0.76233226,0.01298549,0.22468226
21171,0.3902776,0.020570682,0.58915174
21172,0.91526574,0.00036880877,0.0843655
21173,0.8608327,0.003666705,0.1355006
21174,0.9605027,0.01294064,0.026556633
21175,0.95207995,0.0019378903,0.045982115
21176,0.95392215,0.016595874,0.029481992
21177,0.90662026,0.0003931641,0.09298658
21178,0.97069204,0.0006702119,0.02863773
21179,0.8725831,0.014122593,0.11329432
21180,0.022082707,0.00056640734,0.97735095
21181,0.94169164,0.00016525925,0.058143057
21182,0.7262987,0.0049170167,0.2687843
21183,0.14629844,0.045486175,0.8082154
21184,0.776015,0.022912493,0.20107253
21185,0.100889824,0.0019626464,0.8971475
21186,0.9716214,0.0016982148,0.026680427
21187,0.12812138,0.031238165,0.8406404
21188,0.9760852,0.011364501,0.012550243
21189,0.104486644,0.004773655,0.8907397
21190,0.9863579,0.0044553345,0.009186736
21191,0.348372,0.024044154,0.6275838
21192,0.973579,0.017680455,0.008740541
21193,0.3503045,0.040342398,0.60935307
21194,0.92927295,0.0101271095,0.060599916
21195,0.021061987,0.004758749,0.97417927
21196,0.7142203,0.0025271247,0.2832526
21197,0.012562283,0.0007994628,0.9866383
21198,0.3960793,0.5475456,0.056375075
21199,0.86892337,0.002809296,0.12826729
21200,0.028572664,0.04081156,0.9306158
21201,0.98923886,0.00712839,0.0036328118
21202,0.97747153,0.007728245,0.0148001565
21203,0.041171823,0.00048818986,0.95834005
21204,0.91681963,0.0016453478,0.08153501
21205,0.07141062,0.00095791544,0.9276315
21206,0.42016694,0.008335831,0.57149726
21207,0.3048467,0.08887868,0.6062746
21208,0.9385646,0.008502667,0.0529327
21209,0.8918645,0.00011959119,0.10801595
21210,0.9864217,0.0067569655,0.0068213684
21211,0.57806915,0.012344105,0.40958673
21212,0.09312791,0.00032651998,0.9065456
21213,0.8823549,0.0064870254,0.11115812
21214,0.9663441,0.0035809365,0.030074928
21215,0.6812181,0.15863857,0.16014335
21216,0.24191913,0.057250477,0.70083034
21217,0.9559691,0.013090071,0.03094079
21218,0.0017280669,0.00021058047,0.99806136
21219,0.9386681,0.0034392513,0.057892732
21220,0.3711181,0.009992179,0.6188897
21221,0.93122286,0.007966857,0.060810298
21222,0.003331584,0.0043978062,0.9922706
21223,0.8586951,0.016163941,0.1251409
21224,0.47966856,0.0026147305,0.5177167
21225,0.90082294,0.0017131995,0.097463876
21226,0.9567775,0.021436194,0.0217863
21227,0.88853955,0.004747141,0.10671327
21228,0.00027154622,2.795579e-05,0.99970055
21229,0.9722936,0.009729813,0.01797656
21230,0.744949,0.009802849,0.24524821
21231,0.79395425,0.010698774,0.19534694
21232,0.37168062,0.48826656,0.14005284
21233,0.93385154,0.0096641695,0.056484267
21234,0.9274348,0.0021527966,0.07041239
21235,0.88648117,0.0026079577,0.110910945
21236,0.5149745,0.082876325,0.40214917
21237,0.88609874,0.01184246,0.102058806
21238,0.9552836,0.0049513397,0.039765097
21239,0.98585224,0.0018341255,0.012313619
21240,0.79827976,0.00087021,0.20085
21241,0.340071,0.02683766,0.63309133
21242,0.9849716,0.0004165488,0.014611903
21243,0.0042969445,0.0023467052,0.9933563
21244,0.26206076,0.049589694,0.68834955
21245,0.91511226,0.004536839,0.08035088
21246,0.9891003,0.00078088953,0.010118837
21247,0.9882284,0.00017881894,0.011592879
21248,0.99546933,0.00024090552,0.0042897873
21249,0.977221,0.0008978496,0.021881152
21250,0.96611804,0.004314365,0.029567573
21251,0.9715317,0.0025677083,0.025900567
21252,0.95546967,0.0093984315,0.035131853
21253,0.8172007,0.015617953,0.16718134
21254,0.2669465,0.022724856,0.71032864
21255,0.9929022,0.0020514838,0.0050462624
21256,0.94233733,0.024567181,0.033095475
21257,0.9376289,0.012625426,0.049745664
21258,0.47247306,0.0005230501,0.52700394
21259,0.90739167,0.008105719,0.084502675
21260,0.95017415,0.012961684,0.036864147
21261,0.68986726,0.024613122,0.28551966
21262,0.014435255,0.026806198,0.95875853
21263,0.9570585,0.0008608229,0.042080652
21264,0.94267285,0.011545133,0.045782078
21265,0.91788423,0.0014752655,0.08064048
21266,0.67982453,0.046041373,0.2741341
21267,0.9807386,0.006228762,0.013032702
21268,0.001533092,0.0073100366,0.99115694
21269,0.9844231,0.0028108172,0.012766016
21270,0.033849616,4.4503986e-06,0.9661459
21271,0.9576251,0.01055682,0.031818073
21272,0.04491317,0.1894451,0.7656417
21273,0.085890345,0.0017066076,0.91240305
21274,0.94251925,0.0036538867,0.053826824
21275,0.73984283,0.010016547,0.25014064
21276,0.017094346,0.0006530772,0.9822526
21277,0.8931513,0.009423697,0.097425014
21278,0.023368895,0.000621158,0.9760099
21279,0.48592612,0.14143166,0.37264222
21280,0.9810899,0.003779078,0.015131066
21281,0.30926064,0.019209096,0.67153025
21282,0.046613947,0.0047948137,0.9485913
21283,0.9633972,0.008514121,0.02808859
21284,0.43073162,0.042881627,0.52638674
21285,0.9599559,0.00055616925,0.03948794
21286,0.8846788,0.005073243,0.11024804
21287,0.9454119,0.01843578,0.03615223
21288,0.98564816,0.0019906717,0.012361223
21289,0.068444006,0.00933636,0.9222196
21290,0.11448753,0.0014254757,0.88408697
21291,0.98087114,0.0023153515,0.016813485
21292,0.9903902,0.0006936919,0.008916139
21293,0.9711529,0.00015578973,0.028691316
21294,0.18905412,0.0021724415,0.80877346
21295,0.9504715,0.00323843,0.04628999
21296,0.93245256,0.02657665,0.040970817
21297,0.41068804,0.2569696,0.33234236
21298,0.47813106,0.0043251864,0.51754373
21299,0.097398475,0.058975402,0.8436261
21300,0.9247229,0.0030590796,0.072217986
21301,0.7624692,0.005568579,0.23196225
21302,0.9793418,0.013115656,0.00754252
21303,0.012852355,0.0491072,0.9380405
21304,0.29552886,0.03811355,0.66635764
21305,0.97620904,0.012506549,0.0112844845
21306,0.9592743,0.0029164937,0.037809186
21307,0.5229935,0.011367385,0.4656391
21308,0.98655856,0.0015640885,0.011877287
21309,0.0011309263,5.8151504e-06,0.9988632
21310,0.6059607,0.084938794,0.30910048
21311,0.92305964,0.025876362,0.05106404
21312,0.8404655,0.003171522,0.156363
21313,0.105982244,0.06600491,0.8280128
21314,0.8300231,0.006913311,0.16306356
21315,0.9688812,0.0031055878,0.028013282
21316,0.055701945,0.0035909934,0.9407071
21317,0.96909934,0.011822671,0.01907802
21318,0.9612593,0.0021534408,0.03658723
21319,0.34838822,0.013868264,0.63774353
21320,0.8274819,0.0006004222,0.17191763
21321,0.9451036,0.00823238,0.04666406
21322,0.95300496,0.00083904626,0.04615595
21323,0.49803808,0.0030783254,0.49888355
21324,0.7413394,0.035468306,0.22319232
21325,0.9785056,0.0055796914,0.015914734
21326,0.44450623,0.041626964,0.51386684
21327,0.11306424,0.0058748205,0.88106096
21328,0.68403447,0.019897627,0.2960679
21329,0.7525175,0.019528352,0.2279541
21330,0.65245736,0.022424705,0.32511792
21331,0.94863474,0.0029829796,0.048382338
21332,0.9873657,0.008466062,0.004168195
21333,0.05403214,0.00802094,0.9379469
21334,0.7978904,0.022025617,0.18008402
21335,0.5416332,0.007315333,0.45105144
21336,0.9045546,0.0032219882,0.09222337
21337,0.6955262,0.023573132,0.2809007
21338,0.98578006,0.007820438,0.0063994606
21339,0.6771928,0.008195854,0.31461132
21340,0.964127,0.011655906,0.024217071
21341,0.067879245,0.003987911,0.9281329
21342,0.058099303,0.032593742,0.909307
21343,0.0019382195,8.719392e-06,0.9980531
21344,0.97925,0.0016508367,0.0190992
21345,0.94865316,0.0005258359,0.050820973
21346,0.9591277,0.0020163732,0.038855918
21347,0.0074991123,2.034181e-05,0.9924805
21348,0.3745647,0.011988331,0.613447
21349,0.38352072,0.036023322,0.58045596
21350,0.8404269,0.04378357,0.115789495
21351,0.16875705,0.020722726,0.81052023
21352,0.82517284,0.007647425,0.16717973
21353,0.98572725,0.001258351,0.013014342
21354,0.17537744,0.011340955,0.81328166
21355,0.95173365,0.00401001,0.044256315
21356,0.97215176,0.00057488296,0.027273329
21357,0.9073998,0.0016446462,0.0909556
21358,0.09805476,0.0011634841,0.9007818
21359,0.5150929,0.37816212,0.106744945
21360,0.9088815,0.004054664,0.08706381
21361,0.08184077,0.039277434,0.8788818
21362,0.31773114,0.051713906,0.630555
21363,0.8800673,0.011349168,0.10858357
21364,0.94053245,0.014597734,0.044869818
21365,0.7050526,0.014386508,0.2805609
21366,0.92672455,0.0026985405,0.0705769
21367,0.42392734,0.0023492335,0.57372344
21368,0.3829988,0.004686816,0.61231434
21369,0.9723741,0.0011872682,0.026438667
21370,0.71977496,0.005002023,0.275223
21371,0.90264803,0.012574958,0.08477695
21372,0.003016574,0.00010401693,0.99687946
21373,0.14641456,0.017921971,0.8356635
21374,0.9741634,0.0020521204,0.023784416
21375,0.47071388,0.37866458,0.15062158
21376,0.8702484,0.0563993,0.07335225
21377,0.6611484,0.068100974,0.27075055
21378,0.96321106,0.013182004,0.02360692
21379,0.9740108,0.006620617,0.019368568
21380,0.96416813,0.01567365,0.020158218
21381,0.9131114,0.015497826,0.07139083
21382,0.015813168,0.0012146439,0.9829722
21383,0.8832275,0.0032491721,0.11352327
21384,0.906612,0.012265733,0.08112229
21385,0.731207,0.026842628,0.24195033
21386,0.10803924,0.00039447536,0.8915663
21387,0.9220141,0.0023782332,0.0756076
21388,0.985504,0.0018436367,0.012652341
21389,0.9552609,0.0006511148,0.04408801
21390,0.9930099,0.00025931856,0.0067307353
21391,0.03682889,0.0052960287,0.9578751
21392,0.9300115,0.013011252,0.056977242
21393,0.9923126,0.0007647005,0.0069226795
21394,0.83219475,0.073256485,0.09454873
21395,0.041304555,0.004426641,0.9542688
21396,0.8582684,0.0047802413,0.13695136
21397,0.9042993,0.0073794858,0.08832114
21398,0.9543179,0.0015792166,0.04410284
21399,0.96061766,0.0017263871,0.037656017
21400,0.010463952,9.6930446e-05,0.9894391
21401,0.90662134,0.0027649251,0.09061381
21402,0.043325786,0.0015322329,0.95514196
21403,0.9540235,0.032662418,0.013314084
21404,0.76659375,0.18305732,0.05034891
21405,0.2409287,0.0059494767,0.75312185
21406,0.8548381,0.006971993,0.13818991
21407,0.95463264,0.0029259026,0.04244147
21408,0.9500968,0.001547654,0.04835557
21409,0.89853233,0.004663425,0.09680428
21410,0.11541942,0.3737048,0.51087576
21411,0.79822934,0.0108956415,0.190875
21412,0.8407525,0.009138147,0.15010938
21413,0.29279774,0.020293925,0.6869083
21414,0.05456334,0.0006770594,0.94475955
21415,0.7820654,0.06291615,0.15501846
21416,0.9648516,0.019758485,0.015389931
21417,0.8982798,0.005926659,0.09579359
21418,0.7107633,0.01133538,0.27790138
21419,0.098857984,0.0007439939,0.9003981
21420,0.97517043,0.0073499414,0.0174797
21421,0.97405326,0.0058332463,0.020113515
21422,0.014085317,0.0063747773,0.9795399
21423,0.9876391,0.00052381906,0.011836973
21424,0.9666008,0.009525248,0.02387398
21425,0.98271346,0.008638028,0.00864857
21426,0.99123114,0.0035272622,0.00524158
21427,0.0032697099,2.3760663e-06,0.99672794
21428,0.73972744,0.010094374,0.2501782
21429,0.76261127,0.004560274,0.23282842
21430,0.80682594,0.01495209,0.17822197
21431,0.8963086,0.015917629,0.087773725
21432,0.7522672,0.0056738984,0.24205895
21433,0.46687242,0.055565037,0.47756252
21434,0.97062457,0.0043592276,0.025016256
21435,0.91898274,0.07513074,0.005886469
21436,0.28453583,0.012278912,0.70318526
21437,0.08166476,0.013090593,0.90524465
21438,0.73599553,0.0393634,0.22464101
21439,0.64758784,0.03457498,0.31783718
21440,0.94572884,0.005343072,0.048928153
21441,0.6482445,0.0428451,0.30891037
21442,0.30100083,0.0076484964,0.69135064
21443,0.8800319,0.013561492,0.10640663
21444,0.991398,0.0047233663,0.0038786177
21445,0.93742675,0.0062958784,0.05627739
21446,0.64136267,0.07535936,0.28327796
21447,0.6992554,0.004354381,0.2963902
21448,0.009128865,0.0005155495,0.9903556
21449,0.8201763,0.005502193,0.17432153
21450,0.8894244,0.010430003,0.10014564
21451,0.97601867,0.017411347,0.0065699522
21452,0.010608328,0.016698187,0.9726935
21453,0.9913662,0.006893202,0.001740583
21454,0.94588727,0.0012975825,0.052815095
21455,0.6858503,0.007571419,0.30657822
21456,0.38891807,0.024609152,0.58647275
21457,0.3181079,0.018108921,0.66378313
21458,0.9273364,0.0033496171,0.069314
21459,0.9077992,0.042069443,0.050131433
21460,0.020167502,0.0044109705,0.97542155
21461,0.022195539,0.0034552242,0.9743492
21462,0.20846301,0.06272082,0.72881615
21463,0.545962,0.0030995607,0.45093843
21464,0.050645195,0.00040985525,0.948945
21465,0.9863024,0.00032728055,0.013370325
21466,0.9733088,0.0015605781,0.025130603
21467,0.0073308763,0.00043442476,0.9922347
21468,0.011480383,4.382818e-05,0.9884758
21469,0.9654488,0.00050276384,0.03404843
21470,0.74587286,0.004753848,0.24937335
21471,0.064506695,0.7027301,0.23276323
21472,0.003856447,0.00046462455,0.99567896
21473,0.9918066,0.0018681411,0.006325221
21474,0.88928634,0.0070456234,0.10366797
21475,0.9452751,0.0018042388,0.052920606
21476,0.0010931146,0.008607688,0.9902992
21477,0.2140075,0.68061835,0.1053742
21478,0.37647954,0.010265158,0.61325526
21479,0.9857963,0.0045416392,0.009662025
21480,0.7581591,0.015938982,0.2259019
21481,0.5704669,0.021079917,0.40845323
21482,0.06798404,0.0015999009,0.93041605
21483,0.013627185,0.00015331664,0.98621947
21484,9.653912e-05,8.94018e-06,0.9998945
21485,0.883885,0.003845726,0.112269275
21486,0.9096694,0.008345747,0.0819849
21487,0.9376411,0.03477779,0.02758111
21488,0.98671675,0.0031226096,0.010160666
21489,0.9640089,0.0023808815,0.033610187
21490,0.495529,0.016360743,0.48811033
21491,0.9590567,0.0047259484,0.03621738
21492,0.9712171,0.005081745,0.023701103
21493,0.88282734,0.0036565277,0.11351609
21494,0.95719814,0.0055457316,0.037256088
21495,0.7166875,0.0043503135,0.27896214
21496,0.12297378,0.018998666,0.8580276
21497,0.9809171,0.0006976747,0.018385172
21498,0.9855854,0.0009539324,0.01346067
21499,0.012254958,0.0030102192,0.9847348
21500,0.0065419558,0.0003602572,0.99309784
21501,0.53917044,0.0077168285,0.45311272
21502,0.96015453,0.0015791707,0.03826627
21503,0.9293175,0.019588415,0.05109404
21504,0.9595318,0.00909592,0.031372294
21505,0.9568285,0.0028007526,0.040370725
21506,0.88839704,0.05807577,0.05352717
21507,0.010580529,0.03863729,0.95078224
21508,0.99060774,0.005192148,0.0042001265
21509,0.5024782,0.042166974,0.4553549
21510,0.101184554,0.031139607,0.8676759
21511,0.01009607,0.0011402441,0.9887637
21512,0.94713885,0.0017431674,0.05111797
21513,0.51284707,0.014499482,0.47265345
21514,0.47821018,0.18005235,0.34173748
21515,0.9962358,0.0013131157,0.0024511323
21516,0.9316905,0.010394833,0.05791465
21517,0.9782597,0.007947285,0.01379308
21518,0.3842782,0.012072152,0.6036497
21519,0.009723311,7.019674e-05,0.99020654
21520,0.9073741,0.039441697,0.053184226
21521,0.98969066,0.001375075,0.008934256
21522,0.9716253,0.005196323,0.023178305
21523,0.9273659,0.008452189,0.06418189
21524,0.98927337,0.006810013,0.003916609
21525,0.97815645,0.0034854813,0.018358024
21526,0.8910853,0.0029047434,0.10600993
21527,0.85257596,0.012444226,0.13497987
21528,0.1789915,0.00044702523,0.82056147
21529,0.29625675,0.015856855,0.6878864
21530,0.9354077,0.02187019,0.042722166
21531,0.001205598,1.688719e-05,0.99877745
21532,0.4605163,0.005351642,0.534132
21533,0.9647322,0.0009556516,0.03431212
21534,0.96883184,0.0034517362,0.027716454
21535,0.9503853,0.0036276754,0.045987003
21536,0.99543744,0.00022099447,0.0043415665
21537,0.9377218,0.023830563,0.038447604
21538,0.9079974,0.0026591609,0.0893434
21539,0.523888,0.020435296,0.4556767
21540,0.869215,0.009354241,0.121430784
21541,0.8222683,0.006549064,0.17118262
21542,0.91712075,0.0033326107,0.079546705
21543,0.9327089,0.0066875205,0.060603555
21544,0.9667417,0.015168595,0.018089678
21545,0.55577046,0.21293958,0.23128997
21546,0.65610766,0.046526007,0.29736638
21547,0.7266159,0.001868508,0.27151555
21548,0.95933,0.0005373112,0.040132646
21549,0.91841483,0.036470313,0.045114856
21550,0.96110773,0.005376523,0.03351568
21551,0.24390252,0.0039033717,0.7521941
21552,0.007552859,0.00059928844,0.9918479
21553,0.8877248,0.004985377,0.107289776
21554,0.1903643,0.036064703,0.77357095
21555,0.0061930944,0.00015903238,0.9936479
21556,0.047958106,0.00037236948,0.9516695
21557,0.23953615,0.34919375,0.4112701
21558,0.9387769,0.013694345,0.047528777
21559,0.95731276,0.008698237,0.033989005
21560,0.7668959,0.0033565944,0.22974752
21561,0.00023888944,0.0001985003,0.99956256
21562,0.65577817,0.0036469155,0.34057495
21563,0.89238244,0.0371748,0.07044283
21564,0.32929206,0.03800328,0.6327046
21565,0.013083378,6.152942e-05,0.98685515
21566,0.34882414,0.005782013,0.6453938
21567,0.28900263,0.06954636,0.64145106
21568,0.10230261,0.005084673,0.8926127
21569,0.9448382,0.0071679167,0.047993906
21570,0.98359674,0.0036963439,0.0127068795
21571,0.96127325,0.004564158,0.034162603
21572,0.95969415,0.0018641087,0.03844178
21573,0.0072985576,0.0017509889,0.99095047
21574,0.9884123,0.0009916134,0.010596058
21575,0.9368128,0.0045086406,0.058678504
21576,0.16950963,0.20067702,0.6298134
21577,0.8800914,0.0007394948,0.11916906
21578,0.9297174,0.048012998,0.022269584
21579,0.9906879,0.00036336307,0.0089487145
21580,0.97382057,0.0027848533,0.023394577
21581,0.99411607,0.0021954016,0.003688492
21582,0.25782108,0.16058417,0.58159477
21583,0.9741203,0.0009513951,0.024928289
21584,0.38562623,0.004235243,0.61013854
21585,0.96523905,0.020445054,0.014315897
21586,0.32043943,0.0027517567,0.67680883
21587,0.9170339,0.012512331,0.07045374
21588,0.007506986,0.005939837,0.98655313
21589,0.93137884,0.004812334,0.06380876
21590,0.6272708,0.2931115,0.079617664
21591,0.8082927,0.013407446,0.1782998
21592,0.99609655,0.0023080052,0.0015954749
21593,0.2442339,0.0030684199,0.7526977
21594,0.9538023,0.0039551253,0.04224261
21595,0.9273703,0.0014585053,0.07117121
21596,0.95575315,0.002656944,0.041589957
21597,0.90424806,0.0008749507,0.09487696
21598,0.90144354,0.0059772544,0.092579275
21599,0.0032861796,0.00021248497,0.9965013
21600,0.7333505,0.056288734,0.21036075
21601,0.6292808,0.007559046,0.3631601
21602,0.37795466,0.0075298357,0.6145155
21603,0.11638101,0.00287077,0.8807482
21604,0.09071025,0.08409132,0.8251984
21605,0.9419853,0.003999934,0.054014817
21606,0.5683776,0.059958085,0.37166432
21607,0.19745563,0.013547536,0.7889968
21608,0.9659001,0.002442702,0.03165719
21609,0.8837092,0.054159593,0.062131215
21610,0.7224507,0.0016633892,0.27588594
21611,0.96175647,0.005334143,0.03290944
21612,0.9694519,0.0005567048,0.029991396
21613,0.88282394,0.0032002407,0.1139758
21614,0.8690267,0.0074190116,0.12355423
21615,0.65767425,0.010647776,0.331678
21616,0.00060866366,0.0009839793,0.9984074
21617,0.91927993,0.01279782,0.06792227
21618,0.37615913,0.00017884385,0.62366205
21619,0.9088621,0.00050416647,0.09063373
21620,0.95472085,0.0014857037,0.04379348
21621,0.93999696,0.0025236802,0.057479315
21622,0.9185382,0.018366328,0.06309552
21623,0.98497033,0.00040532864,0.014624306
21624,0.7932534,0.008771203,0.19797543
21625,0.90895444,0.040211167,0.05083439
21626,0.040065654,0.00067954103,0.95925474
21627,0.962592,0.0016515347,0.035756428
21628,0.97711486,0.0033255452,0.01955957
21629,0.067604646,0.0008169244,0.93157846
21630,0.9116121,0.013105661,0.07528227
21631,0.85761434,0.0073853317,0.13500035
21632,0.9769017,0.009581867,0.013516476
21633,0.40373874,0.011805923,0.5844553
21634,0.99119765,0.0007589067,0.008043373
21635,0.93808633,0.008800486,0.053113196
21636,0.9716585,0.0010187308,0.02732277
21637,0.0015253908,1.651296e-05,0.99845815
21638,0.97728455,0.012741562,0.009973907
21639,0.96652436,0.0053528934,0.0281227
21640,0.8774949,0.004667029,0.11783809
21641,0.89266473,0.002537888,0.10479735
21642,0.13516237,0.062200595,0.802637
21643,0.97977155,0.0005627631,0.019665737
21644,0.06819071,0.040718783,0.8910906
21645,0.992539,0.00085379573,0.0066071963
21646,0.99577796,0.00066416914,0.0035578737
21647,0.9757568,0.002438529,0.021804566
21648,0.022019392,0.8931459,0.08483467
21649,0.044441752,0.49968663,0.45587167
21650,0.00032605216,8.901741e-05,0.999585
21651,0.8446723,0.012590526,0.14273715
21652,0.60346127,0.004709007,0.3918297
21653,0.86592907,0.006455414,0.12761556
21654,0.9817779,0.0011479898,0.017074138
21655,0.1755119,0.009271802,0.81521636
21656,0.9830009,0.00063478586,0.016364304
21657,0.8563081,0.015664702,0.12802728
21658,0.9037568,0.0069198036,0.08932339
21659,0.026087292,0.0121963555,0.9617163
21660,0.0053202542,3.6859914e-05,0.99464285
21661,0.010972501,0.00087218784,0.98815536
21662,0.89367354,0.03062632,0.07570013
21663,0.9730181,0.0012892564,0.025692683
21664,0.47631183,0.004282225,0.5194059
21665,0.3103515,0.18731481,0.5023337
21666,0.20937558,0.0017571055,0.7888673
21667,0.90558296,0.002246908,0.09217013
21668,0.35420227,0.022193156,0.62360454
21669,0.947078,0.0018505884,0.051071428
21670,0.94374686,0.006860269,0.049392853
21671,0.96915686,0.00042224946,0.030420853
21672,0.11787012,0.03403825,0.8480916
21673,0.9573516,0.0022476693,0.04040064
21674,0.044062752,0.0072873193,0.94864994
21675,0.9082826,0.040488344,0.051229056
21676,0.052043017,0.04761421,0.90034276
21677,0.21284169,0.033804696,0.75335366
21678,0.28021392,0.017789682,0.70199645
21679,0.38936433,0.004429255,0.6062065
21680,0.9910018,0.0039348598,0.005063391
21681,0.47818947,0.042742524,0.47906804
21682,0.5573068,0.00859861,0.43409458
21683,0.9475714,0.0010896041,0.05133904
21684,0.7295622,0.004980204,0.26545754
21685,0.77339715,0.087010376,0.13959251
21686,0.8503838,0.12288126,0.026734881
21687,0.91435826,0.004361635,0.08128007
21688,0.9400865,0.014981877,0.044931576
21689,0.38868213,0.16283733,0.4484805
21690,0.46982723,0.015277599,0.5148952
21691,0.8352783,0.009737368,0.15498434
21692,0.07291097,0.0032052342,0.9238838
21693,0.96649945,0.0048649465,0.02863559
21694,0.9627291,0.00090400095,0.036366936
21695,0.8017421,0.0025700792,0.19568788
21696,0.9570845,0.008862911,0.03405265
21697,0.24476573,0.0012470615,0.7539872
21698,0.23250957,0.008859457,0.75863093
21699,0.008753486,0.012761293,0.9784853
21700,0.9682728,0.004442708,0.027284455
21701,0.009201814,0.006106927,0.9846912
21702,0.99390113,0.00062999455,0.0054688365
21703,0.024454046,0.0035604287,0.97198546
21704,0.7273972,0.018867062,0.2537357
21705,0.69030184,0.00023968893,0.3094585
21706,0.48597103,0.010918309,0.50311065
21707,0.0048918733,0.014634593,0.9804735
21708,0.99503976,0.00038600608,0.004574189
21709,0.01700149,0.00038796043,0.9826105
21710,0.72393125,0.004147467,0.27192125
21711,0.9479465,0.0008520858,0.051201362
21712,0.9177813,0.03546451,0.046754263
21713,0.9804319,0.0040496,0.015518419
21714,0.92629844,0.010392067,0.063309446
21715,0.82717806,0.0025018044,0.17032008
21716,0.96680063,0.016604878,0.016594453
21717,0.99102205,0.0011949089,0.007783103
21718,0.9461227,0.0070832665,0.046794035
21719,0.8572839,0.009054822,0.13366123
21720,0.19426176,0.005972553,0.7997657
21721,0.7997038,0.17159438,0.028701857
21722,0.17040248,0.014699013,0.8148985
21723,0.3602198,0.0812479,0.5585323
21724,0.8899365,0.019947436,0.09011604
21725,0.81954396,0.03335382,0.14710219
21726,0.9452111,0.004030032,0.05075886
21727,0.8588415,0.08770521,0.053453334
21728,0.9316867,0.01036714,0.0579462
21729,0.010415213,0.00031318655,0.98927164
21730,0.12146448,0.012789317,0.8657462
21731,0.944893,0.0020809246,0.05302609
21732,0.9641236,0.0018754648,0.034000993
21733,0.9639972,0.00035286642,0.035649925
21734,0.40849715,0.008444891,0.583058
21735,0.8283358,0.0074615623,0.16420263
21736,0.96753746,0.0036252667,0.028837219
21737,0.00020222623,1.8731267e-06,0.999796
21738,0.03804203,0.0006099712,0.961348
21739,0.12557627,0.0019447374,0.87247896
21740,0.98493123,0.00094696734,0.014121848
21741,0.9254067,0.016180342,0.058412973
21742,0.97475827,0.0003018144,0.024939938
21743,0.63961357,0.006514312,0.35387215
21744,0.29944968,0.30121607,0.3993343
21745,0.0710445,0.30288744,0.62606806
21746,0.7803382,0.10580804,0.113853715
21747,0.80044305,0.16758963,0.031967264
21748,0.9404805,0.0025901322,0.056929428
21749,0.9714569,0.0019437419,0.026599394
21750,0.49136156,0.046559248,0.4620792
21751,0.42640176,0.37945443,0.19414383
21752,0.54954976,0.38944098,0.06100926
21753,0.46409166,0.018608045,0.5173003
21754,0.035938777,0.0039033433,0.96015793
21755,0.9440197,0.005363571,0.05061675
21756,0.00026543584,4.4245735e-06,0.99973017
21757,0.97779053,0.0104561215,0.0117532695
21758,0.3146492,0.16724852,0.5181022
21759,0.6929211,0.010425529,0.29665336
21760,0.8880866,0.001983302,0.109930076
21761,0.96376824,0.0076747118,0.02855704
21762,0.93416,0.037206035,0.028634049
21763,0.99400383,0.0003906217,0.0056055905
21764,0.89251506,0.003806448,0.10367853
21765,0.017941311,0.044523206,0.93753546
21766,0.940944,0.003811784,0.055244163
21767,0.7602941,0.09656187,0.14314406
21768,0.27740982,0.00057966274,0.7220105
21769,0.91978997,0.030911118,0.049298894
21770,0.1866305,0.70426005,0.1091094
21771,0.14254649,0.11488622,0.7425673
21772,0.32969582,0.005367273,0.6649369
21773,0.86266094,0.006332047,0.13100706
21774,0.8335914,0.001263193,0.16514538
21775,0.90720165,0.029297614,0.06350077
21776,0.9770727,0.015850686,0.007076544
21777,0.9050359,0.005050297,0.08991371
21778,0.98583555,0.00064598897,0.0135184135
21779,0.5956806,0.018988086,0.3853313
21780,0.9687839,0.004073502,0.027142614
21781,0.0023086395,0.012570808,0.9851206
21782,0.87859756,0.03326699,0.088135436
21783,0.9354241,0.014043664,0.05053229
21784,0.69935465,0.08268554,0.21795978
21785,0.98629946,0.011618211,0.002082371
21786,0.016132455,0.0001683682,0.9836992
21787,0.96601415,0.0026232116,0.03136265
21788,0.9880122,0.0058385995,0.00614916
21789,0.045577783,0.0029601343,0.95146203
21790,0.3103431,0.13172886,0.5579281
21791,0.9510164,0.0019373655,0.04704622
21792,0.9521783,0.010089808,0.03773187
21793,0.116721384,0.004381594,0.878897
21794,0.9563035,0.0136364885,0.030060044
21795,0.9565628,0.0023520335,0.041085154
21796,0.5257459,0.0014199939,0.4728341
21797,0.9644719,0.028418552,0.007109579
21798,0.40862763,0.0026374108,0.5887349
21799,0.07732207,0.003807258,0.9188706
21800,0.9604056,0.0019954976,0.03759889
21801,0.9649454,0.0038504594,0.03120415
21802,0.88285655,0.041932043,0.075211406
21803,0.8847757,0.005560671,0.109663635
21804,0.49037045,0.0014627054,0.50816685
21805,0.04809114,0.22764224,0.7242666
21806,0.95520157,0.027529027,0.0172694
21807,0.85995466,0.00012994216,0.13991547
21808,0.608405,0.039527334,0.3520677
21809,0.928535,0.0060783233,0.06538666
21810,0.0065208664,0.004361282,0.9891179
21811,0.9853778,0.0030900193,0.011532137
21812,0.23793721,0.020824254,0.7412385
21813,0.9898335,0.00022080788,0.00994577
21814,0.9675174,0.009227555,0.02325502
21815,0.9661166,0.013547511,0.02033585
21816,0.06661616,0.0012165714,0.9321673
21817,0.33242175,0.0215156,0.6460627
21818,0.9479585,0.006444313,0.04559722
21819,0.98821914,0.00014524978,0.011635619
21820,0.8566451,0.0066131656,0.13674179
21821,0.9552564,0.024534803,0.020208752
21822,0.97664964,0.0017625311,0.021587802
21823,0.92942375,0.0014110919,0.069165096
21824,0.9138006,0.010676546,0.0755229
21825,0.00168158,7.4291215e-06,0.99831104
21826,0.502009,0.0030247064,0.49496627
21827,0.11779329,0.00021483345,0.88199186
21828,0.9419333,0.0023187913,0.055747934
21829,0.038238,0.022945797,0.9388162
21830,0.99487454,0.0025028093,0.0026227054
21831,0.90127695,0.007698461,0.09102461
21832,0.8864925,0.004201206,0.10930627
21833,0.97636783,0.0012570062,0.022375075
21834,0.97298276,0.0027928206,0.024224365
21835,0.6649878,0.006658378,0.3283538
21836,0.9818579,0.0014650776,0.016677072
21837,0.29316336,0.028328912,0.67850775
21838,0.9714687,0.0028710384,0.02566026
21839,0.993846,0.0028006393,0.0033533266
21840,0.9779658,0.00093549414,0.02109876
21841,0.92564136,0.0038990043,0.070459634
21842,0.08538672,0.0015552117,0.9130581
21843,0.9271565,0.027984822,0.044858716
21844,0.99211085,0.00059705257,0.0072920397
21845,0.81138676,0.006452814,0.18216039
21846,0.9686377,0.0010217952,0.030340543
21847,0.97032064,0.009100777,0.020578554
21848,0.8956581,0.023883449,0.08045849
21849,0.9594969,0.007301347,0.033201743
21850,0.47177336,0.04895314,0.47927344
21851,0.6665983,0.016158113,0.31724355
21852,0.0034684634,0.00018340017,0.9963482
21853,0.9552389,0.006961191,0.037799947
21854,0.9629223,0.001671928,0.035405777
21855,0.8864179,0.0061935075,0.107388556
21856,0.012603843,0.00023905415,0.98715705
21857,0.929255,0.004857103,0.065887906
21858,0.8972953,0.00044864527,0.1022561
21859,0.32843217,0.00092220405,0.6706456
21860,0.009547959,0.0072669955,0.9831851
21861,0.9792803,0.01213324,0.008586451
21862,0.9933662,0.00036334505,0.006270503
21863,0.9688728,0.012668832,0.018458415
21864,0.8642138,0.108420104,0.027366063
21865,0.9961534,0.00015031916,0.0036962186
21866,0.51802474,0.09584182,0.38613346
21867,0.9425113,0.026265534,0.031223102
21868,0.76551294,0.010844787,0.22364229
21869,0.06766861,0.0021725744,0.93015885
21870,0.9527075,0.008757706,0.038534734
21871,0.9775598,0.0018373166,0.020602845
21872,0.9401417,0.012075382,0.047782917
21873,0.36428565,0.008434732,0.6272796
21874,0.91029125,0.009348017,0.08036077
21875,0.9893579,0.0015657549,0.009076399
21876,0.059565436,0.029264942,0.9111696
21877,0.8188273,0.0076782373,0.17349446
21878,0.87901986,0.027784942,0.09319522
21879,0.039134737,0.0005637227,0.96030146
21880,0.17331181,0.010721037,0.81596714
21881,0.100616015,0.0011898043,0.89819413
21882,0.9821525,0.00070870254,0.01713879
21883,0.7598874,0.007724323,0.23238835
21884,0.107863836,0.0035261298,0.88861
21885,0.93621904,0.0008010739,0.06297985
21886,0.8795326,0.06659928,0.0538681
21887,0.9499467,0.0027176251,0.047335695
21888,0.98954225,0.0021034982,0.008354273
21889,0.6227792,0.017185852,0.36003497
21890,0.97782713,0.0011630143,0.02100989
21891,0.9057367,0.017419633,0.076843634
21892,0.12611225,0.04752941,0.8263583
21893,0.92742354,0.0063425386,0.06623392
21894,0.9876866,0.0025715572,0.009741802
21895,0.7648418,0.057684716,0.17747352
21896,0.90207654,0.0022969693,0.09562655
21897,0.93348986,0.0057599284,0.060750183
21898,0.93121785,0.026008934,0.042773154
21899,0.0009420494,1.1098624e-05,0.99904686
21900,0.9599462,0.0028712782,0.037182536
21901,0.9251701,0.018577162,0.056252696
21902,0.0014684027,7.68851e-06,0.9985239
21903,0.40518123,0.101428345,0.49339047
21904,0.9643275,0.018255454,0.017417017
21905,0.8547743,0.010270182,0.13495556
21906,0.15674645,0.0028554734,0.8403981
21907,0.9606227,0.0059555075,0.033421792
21908,0.16606568,0.16047125,0.67346305
21909,0.64496773,0.13080555,0.22422671
21910,0.23602732,0.031860083,0.7321126
21911,0.8718728,0.009820741,0.118306436
21912,0.84804916,0.013355682,0.13859513
21913,0.9694262,0.009847478,0.020726277
21914,0.020824602,0.0003104685,0.9788649
21915,0.84080076,0.012070385,0.1471288
21916,0.9766938,0.012393837,0.010912418
21917,0.49066028,0.023808312,0.4855314
21918,0.5804519,0.013004317,0.40654376
21919,0.9720968,0.007722379,0.020180795
21920,0.969462,0.0037825843,0.026755463
21921,0.9073081,0.03072976,0.061962094
21922,0.9792733,0.00062641903,0.020100262
21923,0.87305593,0.028932134,0.09801193
21924,0.0012267174,0.00022750157,0.99854577
21925,0.9312796,0.00015134203,0.06856907
21926,0.075732455,0.024335071,0.89993244
21927,0.68662345,0.006326645,0.3070499
21928,0.9752607,0.0034340518,0.021305326
21929,0.5269835,0.1602708,0.31274572
21930,0.36487508,0.012258176,0.62286675
21931,0.9840379,0.0018088846,0.014153268
21932,0.5191753,0.03576786,0.44505683
21933,0.30760297,0.011609322,0.6807877
21934,0.92926085,0.0054253726,0.065313786
21935,0.9767061,0.0031107736,0.020183127
21936,0.9841212,0.0016777352,0.014201074
21937,0.51715523,0.012792574,0.4700522
21938,0.852581,0.030949622,0.11646928
21939,8.8193425e-05,3.0592055e-05,0.99988115
21940,0.9897314,0.0024172573,0.0078513725
21941,0.8209234,0.00037784482,0.17869881
21942,0.45049217,0.09650981,0.45299804
21943,0.04007968,0.016526697,0.94339365
21944,0.9915245,0.0015764309,0.0068989694
21945,0.95656085,0.0011105726,0.042328566
21946,0.8102095,0.018260855,0.17152964
21947,0.8391322,0.029822467,0.13104531
21948,0.4838323,0.0024070363,0.5137607
21949,0.9741924,0.0075349417,0.01827263
21950,0.97580725,0.0003465864,0.02384618
21951,0.96400636,0.00015222184,0.035841364
21952,0.107906766,0.022229675,0.8698635
21953,0.94784284,0.0011964841,0.050960716
21954,0.9941795,0.0035463385,0.0022742273
21955,0.96747077,0.0013147107,0.031214554
21956,0.9632612,0.017154766,0.019584036
21957,0.8570752,0.0075735357,0.13535126
21958,0.027322948,0.002745535,0.96993154
21959,0.9348359,0.003899325,0.061264765
21960,0.9246572,0.0052106893,0.070132054
21961,0.072916225,0.00065996987,0.9264238
21962,0.04213671,0.009044262,0.94881904
21963,0.6192316,0.0017581943,0.3790102
21964,0.89349526,0.035054103,0.07145058
21965,0.9654508,0.014628481,0.019920677
21966,0.28831324,0.044571817,0.6671149
21967,0.6896742,0.0035055454,0.30682024
21968,0.74609005,0.0067881495,0.24712178
21969,0.82429147,0.003282063,0.17242648
21970,0.0067202947,0.003129719,0.99015
21971,0.876154,0.010763392,0.11308252
21972,0.5659143,0.04747739,0.38660833
21973,0.9860659,0.00040978956,0.013524281
21974,0.22978535,0.00020317109,0.7700115
21975,0.89679646,0.0047478206,0.09845576
21976,0.015969023,0.001301806,0.9827292
21977,0.124037385,0.0049342616,0.8710283
21978,0.013321004,0.004450195,0.98222876
21979,0.92220426,0.0150915785,0.062704116
21980,0.969468,0.0009991376,0.029532878
21981,0.9919476,0.002379168,0.005673229
21982,0.6063819,0.008007639,0.38561046
21983,0.923697,0.003340467,0.07296248
21984,0.34438407,0.010762153,0.64485383
21985,0.9210415,0.02301339,0.055945158
21986,0.9152713,0.0035315298,0.0811972
21987,0.9830142,0.0055075353,0.011478186
21988,0.9884598,7.160853e-05,0.011468548
21989,0.15464696,0.0018602362,0.84349287
21990,0.9920018,0.0009996186,0.0069985664
21991,0.05467623,0.0044875434,0.94083625
21992,0.93707573,0.008988808,0.05393543
21993,0.9168539,0.0055617793,0.07758432
21994,0.7969845,0.0072718915,0.19574362
21995,0.8841938,0.018788861,0.097017415
21996,0.3882546,0.17820707,0.43353835
21997,0.9300342,0.007029732,0.06293602
21998,0.9584845,0.0018958264,0.03961976
21999,0.9546345,0.01117574,0.03418974
22000,0.96622276,3.6683155e-05,0.033740524
22001,0.28903806,0.15867239,0.55228955
22002,0.0027648539,0.0024759742,0.99475914
22003,0.9923516,0.00041365452,0.007234795
22004,0.34946322,0.009986731,0.64055
22005,0.92601544,0.0034033796,0.07058123
22006,0.97509027,0.0035243714,0.021385308
22007,0.6085824,0.04206745,0.34935012
22008,0.26722834,0.009885284,0.7228863
22009,0.96429914,0.004758777,0.030942116
22010,0.8081452,0.06772863,0.12412615
22011,0.9712667,0.0005855739,0.028147697
22012,0.9698355,0.0016326603,0.0285318
22013,0.0034552375,0.00049821014,0.9960465
22014,0.010632716,0.008682061,0.98068523
22015,0.14705583,0.0068005077,0.84614366
22016,0.6697694,0.0061473185,0.32408324
22017,0.9291808,0.033299223,0.03751996
22018,0.94674945,0.0074731656,0.04577739
22019,0.62789464,0.025126,0.34697938
22020,0.0031817066,0.015071711,0.98174655
22021,0.97255003,0.0075725513,0.019877346
22022,0.96238667,0.008772438,0.028840832
22023,0.9590974,0.0067040473,0.034198605
22024,0.93388104,0.0031293954,0.06298951
22025,0.9433934,0.0076877596,0.04891883
22026,0.40818125,0.056912072,0.5349067
22027,0.93508166,0.003131462,0.06178694
22028,0.8702324,0.01600046,0.11376711
22029,0.97192526,0.007965903,0.020108905
22030,0.18540071,0.0021459549,0.8124533
22031,0.66998273,0.04387663,0.28614065
22032,0.9285178,0.006212343,0.065269835
22033,0.95330065,0.00086003,0.045839295
22034,0.9810135,0.0013816667,0.01760482
22035,0.020857008,0.0010111266,0.9781319
22036,0.5245903,0.3351513,0.14025836
22037,0.9441983,0.027970174,0.027831566
22038,0.94827217,0.005672444,0.04605538
22039,0.024916314,0.0060475646,0.96903616
22040,0.9143145,0.0011935461,0.08449189
22041,0.8936896,0.00218691,0.10412357
22042,0.3775034,0.0075727967,0.61492383
22043,0.6324541,0.22992189,0.13762406
22044,0.9690365,0.006116709,0.02484682
22045,0.19642776,0.02199058,0.78158164
22046,0.9790729,0.00028437361,0.020642651
22047,0.25525084,0.46462873,0.28012037
22048,0.9171176,0.003568466,0.079313934
22049,0.9390822,0.024200384,0.036717463
22050,0.6986607,0.00056877517,0.30077055
22051,0.0027024061,0.00014726978,0.99715036
22052,0.56901354,0.30109647,0.12989004
22053,0.96995914,0.0049923593,0.025048481
22054,0.18714038,0.03115398,0.7817057
22055,0.9730223,0.007642723,0.019334992
22056,0.932746,0.008069287,0.05918474
22057,0.88465214,0.021610368,0.093737416
22058,0.96214473,0.006018077,0.03183713
22059,0.11171304,0.008093296,0.88019365
22060,0.9765107,0.0026029223,0.02088631
22061,0.96437585,0.011430238,0.02419387
22062,0.83346534,0.011586615,0.154948
22063,0.9533284,0.0022470728,0.04442457
22064,0.9088916,0.0021090142,0.08899934
22065,0.026965376,0.16025548,0.8127791
22066,0.0009783851,0.0015587646,0.99746287
22067,0.7888026,0.105260596,0.10593682
22068,0.9021596,0.0011577778,0.0966827
22069,0.9126669,0.0053159134,0.082017146
22070,0.90468854,0.0139767295,0.08133474
22071,0.9657646,0.008229583,0.02600589
22072,0.19502787,0.0031935917,0.80177855
22073,0.98732007,0.0018256131,0.010854329
22074,0.08148615,0.012567862,0.905946
22075,0.016829241,0.00060439954,0.98256636
22076,0.36686215,0.004464974,0.6286729
22077,0.016575966,0.004235787,0.97918826
22078,0.9581179,0.00058260275,0.041299433
22079,0.98221415,0.0025112412,0.015274534
22080,0.9375136,0.0071092565,0.055377178
22081,0.41480836,0.0075165685,0.57767504
22082,0.84645206,0.009525419,0.14402251
22083,0.84538156,0.013776115,0.1408423
22084,0.89760715,0.019979369,0.08241353
22085,0.8911915,0.008695783,0.10011276
22086,0.085467756,0.0054712584,0.909061
22087,0.96353066,0.0031881318,0.033281174
22088,0.11172602,0.0074661775,0.88080776
22089,0.98357254,0.0008749814,0.015552466
22090,0.97241396,0.012718423,0.014867621
22091,0.9325314,0.006434175,0.06103443
22092,0.978404,0.003720492,0.017875547
22093,0.05172716,0.10042142,0.8478514
22094,0.41910625,0.0018707016,0.57902306
22095,0.9138544,0.0021085285,0.08403698
22096,0.8673572,0.009552118,0.1230907
22097,0.9111006,0.003597232,0.08530218
22098,0.93284583,0.060819183,0.006334987
22099,0.48013195,0.013369923,0.5064981
22100,0.8470854,0.029274166,0.12364048
22101,0.86677736,0.0025271971,0.13069546
22102,0.9273491,0.0034078455,0.06924305
22103,0.2702939,0.0067289784,0.7229771
22104,0.05798381,5.0510986e-05,0.94196576
22105,0.461765,0.0017628708,0.53647214
22106,0.8706605,0.06184694,0.06749262
22107,0.000814558,5.133496e-06,0.99918026
22108,0.9355754,0.05443227,0.009992242
22109,0.73411864,0.000678058,0.2652033
22110,0.8808892,0.03157068,0.087540165
22111,0.95672035,0.02937467,0.0139049925
22112,0.97496253,0.016361333,0.008676103
22113,0.99076957,0.0013616917,0.00786875
22114,0.9310098,0.011405284,0.05758491
22115,0.95605606,0.010537875,0.03340602
22116,0.5157173,0.015316326,0.46896634
22117,0.98074454,0.0019077958,0.017347677
22118,0.03226239,0.005635821,0.9621018
22119,0.299137,0.0068030716,0.6940599
22120,0.9460378,0.011372771,0.042589456
22121,0.95638776,0.006009042,0.037603237
22122,0.9772126,0.0066777137,0.016109698
22123,0.41324386,0.014740706,0.5720154
22124,0.43238312,0.0018368756,0.56578
22125,0.7209428,0.1436821,0.1353751
22126,0.94074297,0.021674953,0.03758207
22127,0.9233924,0.015726205,0.06088136
22128,0.44213942,0.10747481,0.4503858
22129,0.94489,0.00083499524,0.054274984
22130,0.011847871,0.0002916796,0.9878605
22131,0.025415344,0.0058331992,0.9687515
22132,0.0010205351,1.25609395e-05,0.99896693
22133,0.03752068,0.9395556,0.022923768
22134,0.19665751,0.007828805,0.79551363
22135,0.9816472,0.011390418,0.0069623874
22136,0.96343553,0.0056587993,0.030905707
22137,0.8962107,0.0015061002,0.102283284
22138,0.968629,0.0013049726,0.03006602
22139,0.011435118,0.0015340312,0.9870308
22140,0.007082759,0.024317296,0.9685999
22141,0.8004647,0.0015329719,0.19800235
22142,0.8618318,0.005021323,0.13314685
22143,0.99230933,0.0018756259,0.005815083
22144,0.630071,0.03967047,0.33025858
22145,0.1426333,0.0033324114,0.85403425
22146,0.89568895,0.005063983,0.09924703
22147,0.9819443,0.005356371,0.012699313
22148,0.99062085,0.0031541109,0.00622508
22149,0.91373616,0.012721401,0.07354239
22150,0.8512529,0.004093473,0.14465357
22151,0.96826875,0.009717173,0.022014126
22152,0.9564276,0.00281396,0.04075845
22153,0.007538642,4.1673207e-05,0.99241966
22154,0.13668914,0.002659224,0.8606516
22155,0.023691343,0.012355292,0.9639533
22156,0.9274749,0.007245632,0.065279424
22157,0.8823393,0.0036540725,0.11400664
22158,0.95355237,0.0050893477,0.041358273
22159,0.12956528,0.007742769,0.862692
22160,0.07139854,0.00035609995,0.92824537
22161,0.91010207,0.0012181861,0.08867983
22162,0.9323311,0.0034156744,0.06425328
22163,0.69782484,0.004327095,0.2978481
22164,0.9912015,0.0017275603,0.0070709535
22165,0.7499905,0.003018269,0.24699125
22166,0.5513872,0.23651865,0.21209419
22167,0.99525887,0.0002785438,0.00446261
22168,0.9436088,0.00630425,0.05008689
22169,0.9457075,0.00040637632,0.053886175
22170,0.9894521,0.00036149393,0.010186381
22171,0.81399786,0.013969503,0.1720326
22172,0.81384933,0.0049081366,0.18124253
22173,0.9100661,0.00530988,0.08462399
22174,0.9428865,0.003962039,0.053151544
22175,0.0042503444,0.0033050533,0.9924446
22176,0.9476112,0.0042733164,0.048115473
22177,0.98356104,0.0064449483,0.009994034
22178,0.8838932,0.016769147,0.099337615
22179,0.9876189,0.0006800495,0.011701005
22180,0.048055895,0.00030896792,0.9516352
22181,0.9299949,0.0016812262,0.06832392
22182,0.97942734,0.001436044,0.019136615
22183,0.91041297,0.07128568,0.018301336
22184,0.8481039,0.062169466,0.08972664
22185,0.97568387,0.00023098518,0.024085147
22186,0.8897053,0.05969678,0.050597873
22187,0.93094784,0.004054248,0.06499795
22188,0.9955179,0.001646428,0.0028357392
22189,0.82238597,0.028012175,0.14960183
22190,0.95380193,0.0027589896,0.043439016
22191,0.016956331,0.00042262542,0.982621
22192,0.38630363,0.027572634,0.5861237
22193,0.9970694,0.00017160058,0.0027590117
22194,0.6546982,0.008028505,0.33727333
22195,0.78580564,0.075444385,0.13874994
22196,0.7920297,0.010770328,0.19720002
22197,0.47695196,0.003965313,0.5190827
22198,0.9945687,0.00052514544,0.004906218
22199,0.93623954,0.00048170137,0.06327878
22200,0.21542849,0.005469536,0.77910197
22201,0.8783043,0.0052562864,0.11643945
22202,0.76839596,0.00066810887,0.23093592
22203,0.9756353,0.009806286,0.014558399
22204,0.9914419,0.00087880867,0.007679249
22205,0.9295252,0.0113380095,0.059136756
22206,0.94636095,0.0048654173,0.048773654
22207,0.75588787,0.007473712,0.23663843
22208,0.9129589,0.017429452,0.069611646
22209,0.54557395,0.0033034007,0.45112264
22210,0.30383313,0.06337739,0.6327895
22211,0.45416084,0.050293148,0.49554595
22212,0.98856956,0.0059925783,0.0054378873
22213,0.024394361,0.011516705,0.9640889
22214,0.96853125,0.013495504,0.0179733
22215,0.8987316,0.0045513758,0.09671704
22216,0.7636831,0.011383782,0.22493318
22217,0.6968238,0.05489043,0.24828582
22218,0.38039523,0.07458652,0.54501826
22219,0.98769605,0.00065575266,0.011648256
22220,0.80813205,0.04169149,0.15017645
22221,0.16191083,0.0075648795,0.83052427
22222,0.31517634,0.1347925,0.5500312
22223,0.97803134,0.00018080555,0.02178782
22224,0.0009474079,1.03699085e-05,0.9990422
22225,0.9974503,0.00019772412,0.0023519238
22226,0.93559945,0.003300543,0.061099973
22227,0.9515212,0.0029925583,0.045486208
22228,0.5652681,0.025833089,0.4088988
22229,0.7627072,0.047370832,0.18992205
22230,0.767758,0.0048527913,0.22738919
22231,0.0012961827,5.4347016e-05,0.99864954
22232,0.9874916,0.0011856155,0.011322732
22233,0.66902703,0.028395837,0.30257717
22234,0.977458,0.00040352356,0.022138499
22235,0.99010956,0.0045407834,0.005349661
22236,0.9402594,0.0036878122,0.05605279
22237,0.589192,0.007952153,0.4028559
22238,0.9222621,0.0029598987,0.07477798
22239,0.9560263,0.0020808356,0.0418928
22240,0.9797349,0.0018106429,0.0184544
22241,0.1838469,0.00036184996,0.8157912
22242,0.99318415,0.002111741,0.004704139
22243,0.94831395,0.024895094,0.026790943
22244,0.9667155,0.011064997,0.022219528
22245,0.90372825,0.009103273,0.08716849
22246,0.9139214,0.0030587143,0.08301987
22247,0.9932893,0.0051803277,0.0015304195
22248,0.97293967,0.013587996,0.013472319
22249,0.98981047,0.0011940775,0.008995411
22250,0.9759462,0.00022109959,0.023832686
22251,0.6551319,0.1558189,0.18904921
22252,0.5843677,0.023673715,0.39195853
22253,0.9577766,0.006586407,0.035637014
22254,0.0016877176,7.8571495e-05,0.9982337
22255,0.987205,0.0039595086,0.008835423
22256,0.9678968,0.017726,0.014377168
22257,0.7500901,0.0049477457,0.24496216
22258,0.7033703,0.00199449,0.29463524
22259,0.94933563,0.0054810606,0.045183267
22260,0.6565287,0.023536323,0.31993496
22261,0.83488804,0.03873582,0.12637606
22262,0.677565,0.029401274,0.29303378
22263,0.013032652,5.5104705e-05,0.98691225
22264,0.9354376,0.0030995551,0.06146282
22265,0.03790106,0.021928346,0.9401706
22266,0.9345616,0.016557405,0.048881054
22267,0.97614914,0.0038897614,0.01996105
22268,0.92928797,0.05668205,0.014029996
22269,0.78102684,0.002582122,0.21639107
22270,0.9860758,0.0072484245,0.0066758012
22271,0.35930508,0.037498258,0.6031967
22272,0.89823955,0.0015768105,0.10018364
22273,0.02668632,0.00438746,0.96892625
22274,0.027650923,0.0011578624,0.9711912
22275,0.91946507,0.007103442,0.07343151
22276,0.9672108,0.011323331,0.021465888
22277,0.88991356,0.006937722,0.10314871
22278,0.9349975,0.0023995666,0.0626029
22279,0.98190135,0.014945622,0.003152983
22280,0.92820805,0.021814067,0.049977902
22281,0.8882285,0.008527497,0.103244014
22282,0.60901153,0.14889295,0.24209546
22283,0.3124626,0.0028289577,0.6847084
22284,0.9825012,0.010151983,0.007346792
22285,0.96898615,0.0052407603,0.025773136
22286,0.9578581,0.0043366053,0.03780529
22287,0.90801454,0.0032648174,0.08872065
22288,0.9886113,0.0008512476,0.010537471
22289,0.9224425,0.026182108,0.05137539
22290,0.02567393,0.21958335,0.75474274
22291,0.35588682,0.008522145,0.63559103
22292,0.97506565,0.0034059433,0.021528427
22293,0.9046505,0.024246415,0.07110304
22294,0.5901458,0.033764128,0.37609008
22295,0.50393015,0.15783004,0.33823982
22296,0.5794222,0.042148594,0.3784292
22297,0.8632275,0.00066286157,0.13610964
22298,0.59399074,0.018701855,0.38730738
22299,0.0037891134,0.0004392689,0.9957716
22300,0.20498307,0.008958054,0.78605884
22301,0.96706736,0.021076296,0.0118563855
22302,0.40586933,0.03851416,0.5556165
22303,0.9833965,0.0020822901,0.014521271
22304,0.65985954,0.11183958,0.22830088
22305,0.7656192,0.0012680647,0.2331127
22306,0.99451435,0.0038545032,0.0016311781
22307,0.98153573,0.0006147482,0.01784944
22308,0.116725646,0.0017773431,0.88149697
22309,0.99412894,0.002411891,0.0034591786
22310,0.99581957,0.0007267633,0.0034536961
22311,0.95713437,0.016530726,0.02633486
22312,0.5661219,0.0022781042,0.4316
22313,0.028419092,0.001361525,0.9702194
22314,0.03359563,0.0014143357,0.96499
22315,0.98812276,0.00069161615,0.011185562
22316,0.9852202,0.0023862154,0.012393609
22317,0.009653163,5.4552853e-05,0.99029225
22318,0.9038948,0.0027158444,0.09338942
22319,0.122470945,0.0011506984,0.87637836
22320,0.9821509,0.0011518453,0.016697232
22321,0.9143489,0.052017875,0.033633213
22322,0.72853076,0.007904964,0.26356423
22323,0.9125621,0.009505174,0.07793277
22324,0.013556343,0.0005400793,0.98590356
22325,0.73853546,0.012095386,0.24936917
22326,0.9757926,0.0057061445,0.0185012
22327,0.8911134,0.015774805,0.093111865
22328,0.9923132,0.0016850221,0.0060017807
22329,0.8677606,0.012404162,0.119835176
22330,0.91078347,0.00042589862,0.08879062
22331,0.0012656696,1.5262573e-05,0.9987191
22332,0.80469257,0.0017062501,0.19360115
22333,0.44113627,0.07904247,0.47982123
22334,0.9345611,0.00974666,0.055692293
22335,0.9610391,0.0007623518,0.038198523
22336,0.9824158,0.00057792274,0.017006284
22337,0.958846,0.003315589,0.037838407
22338,0.98879904,0.0033979546,0.0078029735
22339,0.9628427,0.01514234,0.022014972
22340,0.88909656,0.03125219,0.07965131
22341,0.9751111,0.0067118085,0.018177088
22342,0.97874933,0.0017078719,0.019542791
22343,0.668499,0.015348328,0.31615272
22344,0.89164543,0.07654165,0.031812944
22345,0.9827085,0.0009037365,0.016387763
22346,0.41991588,0.021989776,0.5580944
22347,0.7328298,0.080468066,0.18670213
22348,0.9698617,0.010136542,0.020001825
22349,0.965098,0.006641921,0.028260022
22350,0.80186653,0.068092495,0.13004094
22351,0.033454552,0.008611316,0.95793414
22352,0.9850227,0.0016167485,0.013360513
22353,0.94194615,0.023964277,0.034089595
22354,0.26048627,0.0027226403,0.7367911
22355,0.95699507,0.008586702,0.034418225
22356,0.9102039,0.07375456,0.016041571
22357,0.17939883,0.48187488,0.33872634
22358,0.99297535,0.0053857053,0.0016390032
22359,0.9554718,0.007970789,0.036557358
22360,0.9243474,0.008428616,0.067224026
22361,0.9150226,0.0010145105,0.08396291
22362,0.5345168,0.00070363196,0.46477956
22363,0.7452002,0.016036086,0.23876366
22364,0.8395325,0.0024038835,0.15806356
22365,0.0065122833,0.0003949069,0.9930928
22366,0.9502393,0.02356955,0.026191134
22367,0.08186649,0.0036941965,0.9144393
22368,0.95091563,0.0025258213,0.046558477
22369,0.9055081,0.017362582,0.07712933
22370,0.9133482,0.004688875,0.08196289
22371,0.90187955,0.0046546557,0.09346576
22372,0.90528274,0.004884985,0.0898323
22373,0.74117637,0.04415151,0.21467212
22374,0.0027708088,0.010247614,0.9869816
22375,0.95834154,0.002525227,0.039133184
22376,0.7423202,0.022091854,0.23558792
22377,0.70730746,0.003161842,0.28953072
22378,0.82517284,0.022456815,0.15237038
22379,0.8999732,0.0007023956,0.09932442
22380,0.9921262,0.0019511341,0.0059226234
22381,0.47757974,0.15346266,0.36895758
22382,0.8618633,0.04831308,0.089823574
22383,0.89905614,0.008344556,0.09259936
22384,0.5813631,0.075912416,0.34272453
22385,0.7398845,0.0019140092,0.25820145
22386,0.9681496,0.004454641,0.027395716
22387,0.9694639,0.01156121,0.018974954
22388,0.20959032,0.015617198,0.7747925
22389,0.99447787,0.0012829874,0.0042391736
22390,0.84792227,0.0134149715,0.13866274
22391,0.017590795,0.00034746886,0.9820617
22392,0.9872929,0.0011615143,0.0115456
22393,0.87752473,0.028126782,0.09434855
22394,0.97487575,0.004742916,0.020381344
22395,0.8684751,0.023910733,0.10761413
22396,0.39907336,0.011457976,0.58946866
22397,0.9555469,0.0005757532,0.04387736
22398,0.10385753,0.008957782,0.8871847
22399,0.16543011,0.10781739,0.7267525
22400,0.008866606,0.0001000708,0.99103326
22401,0.96029234,0.009583007,0.030124614
22402,0.9869077,0.0031989184,0.009893308
22403,0.7593168,0.026007796,0.21467538
22404,0.64610195,0.016049884,0.33784816
22405,0.04588429,0.0038798281,0.95023584
22406,0.9622062,0.0029823622,0.03481143
22407,0.2060189,0.1273845,0.66659665
22408,0.9832177,0.00017470824,0.016607637
22409,0.98096746,0.0013095447,0.017723022
22410,0.080561005,0.09399192,0.82544714
22411,0.27807704,0.68114,0.040782996
22412,0.94295514,0.033124775,0.023920063
22413,0.92348355,0.0052129296,0.071303524
22414,0.97102326,0.00048884074,0.028487857
22415,0.92748886,0.01781424,0.05469693
22416,0.79980314,0.036281273,0.16391559
22417,0.70171404,0.011578679,0.28670728
22418,0.98106015,0.00734177,0.011598079
22419,0.6993403,0.012610113,0.28804958
22420,0.019836834,0.002060004,0.97810316
22421,0.95601064,0.002313005,0.041676413
22422,0.30738539,0.029666573,0.662948
22423,0.065419346,0.0018127991,0.93276787
22424,0.97981834,0.010710968,0.009470713
22425,0.7159368,0.019355452,0.26470783
22426,0.15346512,0.014590868,0.831944
22427,0.97771806,0.0041880696,0.01809384
22428,0.9004718,0.0026008657,0.096927345
22429,0.6851281,0.0003618984,0.31451002
22430,0.8276871,0.10324365,0.06906928
22431,0.44328508,0.02195739,0.53475755
22432,0.70695657,0.0025044838,0.290539
22433,0.92891824,0.0067072036,0.06437459
22434,0.9741566,0.0017760582,0.024067292
22435,0.010967509,0.009422813,0.97960967
22436,0.40570256,0.0052703274,0.5890271
22437,0.2997042,0.011822736,0.6884731
22438,0.7104934,0.053383518,0.23612306
22439,0.032230295,0.022959687,0.94481
22440,0.1698558,0.0011243309,0.82901984
22441,0.6179295,0.080072574,0.30199787
22442,0.13704064,0.00484358,0.8581158
22443,0.9783724,0.00036770068,0.02125991
22444,0.9184753,0.01806537,0.06345937
22445,0.061993144,0.0019633286,0.93604356
22446,0.28563178,0.0023058841,0.71206236
22447,0.9767171,0.0028640586,0.0204189
22448,0.23385374,0.019587575,0.74655867
22449,0.97674507,0.00013811709,0.023116764
22450,0.20379798,0.041843653,0.7543584
22451,0.88387626,0.00070563337,0.11541812
22452,0.98624206,0.0021414184,0.011616576
22453,0.005434496,0.0019574207,0.9926081
22454,0.9788663,0.0013905338,0.01974321
22455,0.003012574,2.2318949e-05,0.9969651
22456,0.6757661,0.25717902,0.06705487
22457,0.85791284,0.0021568057,0.13993043
22458,0.9674868,0.0146254115,0.017887713
22459,0.94480056,0.0062195556,0.04897997
22460,0.69453996,0.0019653293,0.30349466
22461,0.9054526,0.009940378,0.08460704
22462,0.7412732,0.20851968,0.050207123
22463,0.9074037,0.018504132,0.074092165
22464,0.023956593,0.17792156,0.79812187
22465,0.6583797,0.035053756,0.3065665
22466,0.100017585,0.00084683293,0.8991356
22467,0.9001731,0.0014830895,0.09834378
22468,0.94998664,0.0022726215,0.047740705
22469,0.0024398314,9.904644e-05,0.9974611
22470,0.8888881,0.015741883,0.09537001
22471,0.99265736,0.0028739944,0.0044686347
22472,0.8591068,0.023062984,0.117830284
22473,0.8956417,0.013909572,0.09044873
22474,0.9599328,0.015114426,0.024952756
22475,0.1678121,0.1683306,0.6638573
22476,0.47905836,0.05001506,0.4709266
22477,0.9766074,0.00071312906,0.022679519
22478,0.5176217,0.022637967,0.45974034
22479,0.9660009,0.015546998,0.018452117
22480,0.96981615,0.0010391404,0.029144755
22481,0.009021021,0.0019486392,0.9890303
22482,0.8533056,0.09844067,0.048253804
22483,0.71473694,0.012059834,0.27320325
22484,0.9677673,0.003261334,0.028971354
22485,0.9616648,0.004327153,0.034008067
22486,0.22395144,0.010021356,0.76602715
22487,0.20431776,0.7578832,0.037799016
22488,0.4406522,0.084313564,0.47503424
22489,0.2788076,0.22259738,0.49859497
22490,0.2766015,0.011787033,0.71161145
22491,0.0031268965,1.9786608e-05,0.9968533
22492,0.978621,0.00081184,0.020567123
22493,0.9057047,0.008910331,0.08538495
22494,0.03495465,0.0014454363,0.96359986
22495,0.9775713,0.0035249465,0.018903714
22496,0.44627997,0.0099706985,0.54374933
22497,0.9884554,0.0006162044,0.010928407
22498,0.6834811,0.020752657,0.29576623
22499,0.1197028,0.00060482335,0.8796923
22500,0.85694945,0.019556206,0.123494305
22501,0.001013527,1.1235535e-06,0.99898535
22502,0.9377487,0.030889712,0.031361658
22503,0.055393472,0.0007378975,0.94386864
22504,0.97382134,0.004668484,0.021510206
22505,0.9406709,0.003384749,0.055944286
22506,0.93940914,0.015745088,0.044845816
22507,0.9928629,0.0025404238,0.0045966613
22508,0.8955608,0.0052920384,0.099147156
22509,0.025073782,0.0005146021,0.9744116
22510,0.0007159509,0.0014888706,0.9977952
22511,0.011381381,0.007481649,0.9811369
22512,0.9445414,0.0004960688,0.05496256
22513,0.1604219,0.002954808,0.8366233
22514,0.97143924,0.0035772338,0.024983497
22515,0.9989637,0.00047718512,0.00055904966
22516,0.93278724,0.000705154,0.06650754
22517,0.12948145,0.0010778657,0.8694407
22518,0.9525174,0.0033845098,0.04409813
22519,0.79153264,0.053201273,0.15526614
22520,0.9969164,0.0014093817,0.0016741548
22521,0.9866065,0.00026045128,0.013133016
22522,0.2682103,0.00011491116,0.73167485
22523,0.6066408,0.002950602,0.39040858
22524,0.00022296915,1.3856945e-05,0.9997632
22525,0.112112805,0.00030957704,0.88757765
22526,0.9696111,0.0004896593,0.029899172
22527,0.844813,0.04283209,0.11235487
22528,0.38069025,0.014905774,0.604404
22529,0.024740422,0.1596499,0.81560963
22530,0.9940426,0.0018138735,0.0041435347
22531,0.8554584,0.13010949,0.014432082
22532,0.9893895,0.0009117825,0.009698755
22533,0.9859346,0.00091486156,0.013150471
22534,0.39169478,0.0038625454,0.6044427
22535,0.5419503,0.06610666,0.3919431
22536,0.9975393,0.0011354634,0.0013252447
22537,0.9613139,0.00058908394,0.03809702
22538,0.0235721,0.0015275027,0.97490036
22539,0.0133011285,0.00072975975,0.98596907
22540,0.9715513,0.00026006182,0.028188609
22541,0.112183236,0.00325901,0.8845578
22542,0.99555415,0.00015135384,0.0042945086
22543,0.98999804,0.0068497444,0.003152143
22544,0.9882961,0.008094236,0.003609602
22545,0.9611863,0.0026945604,0.036119174
22546,0.1766124,0.0057510766,0.8176365
22547,0.9787839,0.0026492786,0.018566798
22548,0.9796221,0.005925688,0.014452175
22549,0.9698721,0.0021604674,0.027967418
22550,0.71493614,0.0014553092,0.28360856
22551,0.98187447,0.012529672,0.0055959392
22552,0.9489674,0.005018163,0.046014432
22553,0.9501323,0.0046579065,0.045209832
22554,0.8911664,0.007027876,0.101805724
22555,0.976429,0.014048051,0.009522889
22556,0.5540391,0.019314151,0.42664677
22557,0.976794,0.0063493885,0.016856678
22558,0.93247515,0.039405424,0.028119465
22559,0.9779092,0.009340213,0.0127505455
22560,0.9136942,0.021524247,0.0647816
22561,0.9012993,0.0025766974,0.09612396
22562,0.08865926,0.20388497,0.70745575
22563,0.8901994,0.0020962555,0.10770437
22564,0.98763335,0.0010158999,0.011350722
22565,0.9426472,0.007786706,0.049566135
22566,0.9824187,0.0055744257,0.012006835
22567,0.00070294336,8.539947e-06,0.99928844
22568,0.035347797,0.00310388,0.9615483
22569,0.58993834,0.014028626,0.39603302
22570,0.9945761,0.00094076555,0.004483181
22571,0.9539534,0.0022316219,0.043815006
22572,0.97558343,0.0005069644,0.023909634
22573,0.9583653,0.009509453,0.032125242
22574,0.84661126,0.023667641,0.12972106
22575,0.99277204,0.0014428137,0.0057852045
22576,0.8256853,0.0138844075,0.16043027
22577,0.9904965,0.0048753223,0.0046282243
22578,0.6732655,0.0055221273,0.3212124
22579,0.9218294,0.0013258199,0.076844744
22580,0.86854804,0.010760436,0.12069149
22581,0.95863146,0.022340741,0.019027853
22582,0.5297957,0.027062356,0.44314194
22583,0.019440196,0.009887519,0.97067225
22584,0.15067007,0.015517656,0.83381224
22585,0.9947812,0.0009587952,0.0042599384
22586,0.7514899,0.0052703903,0.24323973
22587,0.12994835,0.0737882,0.7962634
22588,0.9523323,0.022122463,0.025545161
22589,0.35239112,0.25215176,0.39545715
22590,0.9601918,0.0020364989,0.037771683
22591,0.0021932716,6.315173e-05,0.9977436
22592,0.8650081,0.0026103538,0.1323816
22593,0.0029092717,0.00046302113,0.9966276
22594,0.9875101,0.00021292595,0.012277021
22595,0.016161572,3.1475498e-05,0.98380697
22596,0.89871705,0.005325725,0.09595722
22597,0.00034989975,2.0117593e-06,0.9996481
22598,0.90315604,0.0004784753,0.09636551
22599,0.97170424,0.018988855,0.009306869
22600,0.5158412,0.045415133,0.43874368
22601,0.5467255,0.0010315009,0.45224297
22602,0.9550149,0.0015492109,0.04343597
22603,0.83469677,0.012012831,0.15329047
22604,0.9874293,0.0007427398,0.011827988
22605,0.9624615,5.576624e-05,0.037482843
22606,0.978231,0.00063810544,0.021130823
22607,0.98477006,0.002385167,0.012844759
22608,0.6528549,0.03618614,0.31095892
22609,0.968211,0.011190046,0.020598983
22610,0.9134144,0.005921045,0.0806645
22611,0.84984756,0.005062683,0.14508982
22612,0.9765064,0.004126834,0.019366808
22613,0.9697693,0.016752202,0.013478558
22614,0.803673,0.0074218945,0.18890505
22615,0.75702757,0.029121926,0.2138505
22616,0.9974089,0.0016739502,0.00091716903
22617,0.9683993,0.0037505415,0.027850123
22618,0.48031673,0.024475437,0.49520785
22619,0.083803385,0.0078027328,0.9083939
22620,0.8388184,0.009661335,0.15152033
22621,0.16471197,0.004066776,0.8312213
22622,0.6239837,0.0038198924,0.37219644
22623,0.7769097,0.06802203,0.15506831
22624,0.075454585,0.008108223,0.9164372
22625,0.5798934,0.019019984,0.40108657
22626,0.9745302,0.00114068,0.024329152
22627,0.20085712,0.03002272,0.76912016
22628,0.42673022,0.008620537,0.5646492
22629,0.51980466,0.005653214,0.4745421
22630,0.98410517,0.0010901369,0.014804655
22631,0.031562835,0.0046480796,0.96378905
22632,0.9715493,0.017569212,0.010881473
22633,0.7173116,0.020154443,0.26253396
22634,0.85879445,0.0006525035,0.14055304
22635,0.0930744,0.010747842,0.8961777
22636,0.004448358,0.0015076691,0.994044
22637,0.15963642,0.8217832,0.018580377
22638,0.53436494,0.13977076,0.32586432
22639,0.92506826,0.006529853,0.06840187
22640,0.69387835,0.0035613098,0.30256036
22641,0.25349718,0.008413947,0.73808885
22642,0.7275837,0.19585404,0.07656224
22643,0.45366922,0.053531967,0.49279878
22644,0.7025551,0.0037347344,0.29371008
22645,0.6880519,0.006350687,0.30559745
22646,0.20914765,0.0444898,0.74636257
22647,0.9957676,0.00038624203,0.0038461718
22648,0.9304238,0.0021034526,0.06747276
22649,0.9884709,0.00022005016,0.011309079
22650,0.0032494278,0.00036966344,0.996381
22651,0.97730094,0.007458477,0.015240598
22652,0.886531,0.0037018806,0.10976714
22653,0.97730243,0.00030098294,0.022396632
22654,0.99485624,0.00080660044,0.0043371907
22655,0.24112427,0.0024176664,0.7564581
22656,0.8592274,0.017263541,0.12350905
22657,0.8640623,0.09768165,0.038256075
22658,0.9413765,0.0019615348,0.056661922
22659,0.021617929,0.0052495133,0.97313255
22660,0.9582406,0.0024671361,0.039292198
22661,0.84906614,0.011900216,0.1390336
22662,0.9785665,0.006547324,0.0148861855
22663,0.96504575,0.0026140509,0.03234017
22664,0.7429805,0.0023998162,0.25461966
22665,0.9539629,0.00074123824,0.0452958
22666,0.91194767,0.00028100252,0.087771386
22667,0.88424957,0.0076862164,0.108064234
22668,0.00037818463,3.4118852e-06,0.9996184
22669,0.9908807,0.0040334077,0.005085899
22670,0.0791919,0.019974258,0.90083385
22671,0.020800592,0.00035909677,0.97884035
22672,0.8731084,0.017291717,0.10959988
22673,0.96423155,0.010436398,0.02533202
22674,0.15195791,0.0028101632,0.8452319
22675,0.96451247,0.017757474,0.017730072
22676,0.8906875,0.0027462577,0.10656621
22677,0.9679887,0.013790201,0.018221028
22678,0.03650293,8.936734e-05,0.96340775
22679,0.9469116,0.001286602,0.051801812
22680,0.8759901,0.02365665,0.10035327
22681,0.67058176,0.003068815,0.32634944
22682,0.9880155,0.0041905744,0.0077939797
22683,0.9320774,0.0029029995,0.065019645
22684,0.0005034391,0.0002888916,0.9992077
22685,0.981448,0.0090592075,0.009492809
22686,0.9843275,0.003106346,0.012566127
22687,0.88034403,0.002487477,0.117168464
22688,0.09787333,0.00093559007,0.90119106
22689,0.39157504,0.025528599,0.58289635
22690,0.2323856,0.001555139,0.7660593
22691,0.970923,0.0026413687,0.026435567
22692,0.9843962,0.0019227267,0.013681025
22693,0.9094011,0.0051419004,0.08545701
22694,0.9232532,0.022368658,0.054378185
22695,0.23554282,0.06192837,0.70252883
22696,0.8102726,0.051845845,0.13788152
22697,0.6883288,0.036670752,0.27500042
22698,0.1392333,0.00066200795,0.8601047
22699,0.2227185,0.010905085,0.7663764
22700,0.94376785,0.006085708,0.050146442
22701,0.9799075,0.000720037,0.019372433
22702,0.9871975,0.0012893415,0.011513156
22703,0.78722924,0.008040259,0.20473051
22704,0.79688275,0.009526111,0.19359116
22705,0.96000177,0.0016184046,0.038379803
22706,0.8932404,0.04134207,0.065417595
22707,0.8323935,0.14313592,0.024470562
22708,0.48313373,0.028784577,0.48808172
22709,0.6915233,0.06051454,0.2479621
22710,0.9720416,0.0066107833,0.021347646
22711,0.7248594,0.0155139025,0.2596267
22712,0.9153654,0.005321253,0.07931333
22713,0.9473915,0.004596417,0.048012126
22714,0.9938361,0.00020915054,0.005954691
22715,0.9731962,0.008070743,0.018733013
22716,0.018965341,9.471676e-05,0.9809399
22717,0.077889726,0.0007252242,0.921385
22718,0.83928114,0.00062617316,0.16009268
22719,0.20037843,0.35507923,0.44454232
22720,0.10462024,0.00023163503,0.89514816
22721,0.940283,0.03591726,0.023799757
22722,0.43760723,0.122549444,0.43984336
22723,0.02936594,0.01144764,0.95918643
22724,0.9684199,0.025915783,0.005664344
22725,0.9150833,0.041434377,0.04348234
22726,0.72936094,0.02200394,0.24863507
22727,0.8148221,0.050534885,0.13464308
22728,0.9841686,0.0002643772,0.015567063
22729,0.69906145,0.012999419,0.28793916
22730,0.86611664,0.002953501,0.1309299
22731,0.98222685,0.001092695,0.016680537
22732,0.033118352,0.0027537833,0.9641279
22733,0.040271655,0.0012154293,0.9585129
22734,0.96263814,0.0019681733,0.035393674
22735,0.7903351,0.15209906,0.057565805
22736,0.79961246,0.0030296827,0.19735782
22737,0.079463184,0.00076215423,0.91977465
22738,0.9011162,0.01978118,0.079102576
22739,0.9807344,0.00077496207,0.018490652
22740,0.9801324,0.00018739354,0.019680234
22741,0.7878895,0.0010148628,0.2110957
22742,0.0051285145,0.00017132658,0.9947002
22743,0.786322,0.0086019775,0.205076
22744,0.975743,0.0008555489,0.023401482
22745,0.9397169,0.0016037656,0.05867937
22746,0.35999295,0.041780394,0.59822667
22747,0.37506598,0.009700185,0.61523384
22748,0.9498213,0.0037079544,0.046470746
22749,0.0014094544,6.13886e-05,0.9985292
22750,0.9854117,0.0027349375,0.011853364
22751,0.05852698,0.0038927514,0.9375802
22752,0.70494574,0.028006634,0.2670476
22753,0.96733093,0.0054315827,0.02723744
22754,0.821064,0.08470098,0.09423499
22755,0.9404769,0.009322275,0.050200805
22756,0.01300064,0.00041873823,0.9865806
22757,0.010337952,0.008345439,0.98131657
22758,0.86764646,0.011934548,0.12041904
22759,0.98433185,0.001961687,0.013706503
22760,0.9197309,0.0007225824,0.07954648
22761,0.71889645,0.013590016,0.2675135
22762,0.77954036,0.024079455,0.19638021
22763,0.96694237,0.0026145552,0.030443028
22764,0.6500361,0.10148947,0.24847439
22765,0.48463976,0.009683666,0.50567657
22766,0.9515203,0.018143944,0.030335689
22767,0.9817842,0.007990771,0.010224939
22768,0.96413743,0.0018433694,0.03401923
22769,0.9874922,0.007989008,0.004518827
22770,0.893277,0.0016013886,0.10512159
22771,0.98710024,0.001883057,0.0110166995
22772,0.7727499,0.13508649,0.09216366
22773,0.980416,0.0008362849,0.018747665
22774,0.07610233,0.0065111406,0.91738653
22775,0.88420177,0.09617972,0.01961845
22776,0.65363824,0.004873904,0.34148788
22777,0.9777461,0.0014451444,0.020808795
22778,0.9878034,0.00037572352,0.011820868
22779,0.9532799,0.017265966,0.029454084
22780,0.440784,0.058406226,0.5008097
22781,0.76461625,0.014170656,0.22121312
22782,0.8375679,0.008309417,0.15412267
22783,0.96793336,0.0035482445,0.028518451
22784,0.9226855,0.011915087,0.06539942
22785,0.9404052,0.0043971045,0.055197656
22786,0.010014734,0.007352281,0.982633
22787,0.05127844,0.0031906462,0.9455309
22788,0.9778896,0.010410752,0.011699576
22789,0.01525971,0.0017376527,0.9830026
22790,0.029011866,0.12698331,0.84400487
22791,0.7666638,0.0006635949,0.23267263
22792,0.354762,0.0050935387,0.64014447
22793,0.9541773,0.0062121716,0.03961049
22794,0.96154314,0.017557604,0.020899303
22795,0.020214647,0.6137124,0.36607295
22796,0.52862716,0.018314758,0.45305806
22797,0.98110974,0.0013557783,0.017534528
22798,0.9774835,0.010435557,0.012080944
22799,0.0050539724,0.0010914674,0.99385464
22800,0.9134537,0.002251183,0.08429507
22801,0.8925823,0.0064936182,0.10092405
22802,0.579073,0.0018743096,0.41905266
22803,0.69113165,0.028071543,0.28079677
22804,0.704802,0.0030146632,0.2921834
22805,0.65348345,0.013330545,0.33318606
22806,0.5080844,0.027220512,0.46469513
22807,0.0076746936,0.00018978924,0.9921355
22808,0.23398325,0.06987865,0.6961381
22809,0.959525,0.011670343,0.028804697
22810,0.28655297,0.5208805,0.1925665
22811,0.98603433,0.0053781196,0.008587534
22812,0.6003208,0.0055447575,0.39413446
22813,0.013230381,0.00091973506,0.9858499
22814,0.5794222,0.042148594,0.3784292
22815,0.080579646,0.0059250407,0.9134953
22816,0.016615272,0.0035630963,0.9798217
22817,0.93851644,0.02049523,0.04098836
22818,0.6814158,0.0056860703,0.31289816
22819,0.24090059,0.00044412626,0.7586553
22820,0.70238036,0.13227737,0.16534227
22821,0.31828457,0.021311723,0.66040367
22822,0.9572401,0.0151094105,0.027650448
22823,0.8192603,0.0022717558,0.17846788
22824,0.7304869,0.08926599,0.18024707
22825,0.9213174,0.011760819,0.066921815
22826,0.25792846,0.016489893,0.72558165
22827,0.9475391,0.0018428926,0.050618038
22828,0.13861494,0.0016180308,0.8597671
22829,0.02195927,0.009494856,0.9685459
22830,0.1680636,0.0020437974,0.82989264
22831,0.072691604,0.00040225638,0.9269061
22832,0.92275846,0.002985479,0.074256085
22833,0.032761388,0.47484696,0.49239168
22834,0.9732516,0.0063352278,0.020413237
22835,0.80784863,0.0030862112,0.1890652
22836,0.82515293,0.027546164,0.14730093
22837,0.01307808,0.000518659,0.9864032
22838,0.94125885,0.035389647,0.023351531
22839,0.32367268,0.013158707,0.66316867
22840,0.9740216,0.0012759968,0.024702447
22841,0.79412156,0.035123028,0.17075536
22842,0.014628385,0.046638183,0.9387334
22843,0.24353005,0.0076032877,0.7488667
22844,0.21903585,0.0273113,0.7536528
22845,0.9560321,0.011604313,0.03236363
22846,0.88498497,0.017409965,0.097605035
22847,0.9679529,0.019778598,0.012268478
22848,0.35019124,0.020157866,0.6296509
22849,0.9720283,0.0015743284,0.026397368
22850,0.952251,0.010599023,0.03714995
22851,0.98409903,0.0022481866,0.01365278
22852,0.027686607,0.0037899502,0.96852344
22853,0.92947733,0.05083787,0.019684857
22854,0.009932348,0.032877766,0.95718986
22855,0.5357684,0.019331876,0.4448997
22856,0.010987062,0.0028730535,0.9861399
22857,0.17575279,0.0029356724,0.82131153
22858,0.9701006,0.0070887855,0.022810634
22859,0.8903329,0.0058421036,0.10382498
22860,0.9285337,0.011761688,0.059704654
22861,0.9763856,0.009520863,0.014093533
22862,0.028833147,0.002951513,0.96821535
22863,0.9845085,0.0007076313,0.014783881
22864,0.9921874,0.0009496839,0.006862876
22865,0.9413608,0.018009389,0.04062982
22866,0.96123856,0.004126149,0.034635212
22867,0.9400343,0.004375039,0.055590726
22868,0.91261876,0.0006281175,0.086753145
22869,0.8540088,0.008345523,0.1376457
22870,0.90947056,0.003363812,0.08716565
22871,0.72765756,0.0014246007,0.27091783
22872,0.82393277,0.042851824,0.13321535
22873,0.9560349,0.003422767,0.040542264
22874,0.98194075,0.0051690876,0.012890208
22875,0.82568926,0.03816217,0.13614863
22876,0.96796364,0.0041791284,0.027857272
22877,0.0001728417,6.3519207e-07,0.9998266
22878,0.98198986,0.0010999987,0.016910175
22879,0.8947107,0.07928531,0.026004001
22880,0.7529524,0.0048488826,0.24219874
22881,0.98680615,0.0023647933,0.010829116
22882,0.25864273,0.007990777,0.73336655
22883,0.9758483,0.016419996,0.0077317003
22884,0.9098284,0.025704166,0.064467385
22885,0.9737515,0.0022841885,0.02396433
22886,0.16674224,0.005391878,0.8278659
22887,0.9739116,0.016076148,0.010012291
22888,0.28529516,0.005576727,0.7091281
22889,0.9130909,0.04393955,0.042969525
22890,0.8999207,0.006317495,0.09376181
22891,0.012546145,0.00060895056,0.9868449
22892,0.98363113,0.0020514724,0.014317331
22893,0.458797,0.014336174,0.5268668
22894,0.8910488,0.0104114665,0.098539755
22895,0.0012711943,4.9140115e-05,0.9986797
22896,0.9928047,0.0015097983,0.0056854947
22897,0.9405615,0.0024219602,0.057016592
22898,0.9744446,0.00495177,0.020603605
22899,0.81140816,0.0019404552,0.18665135
22900,0.9576408,0.0009270263,0.04143215
22901,0.95018244,0.0034616995,0.046355803
22902,0.09468567,0.007129357,0.89818496
22903,0.992762,0.0010106235,0.0062273783
22904,0.31735328,0.0020729227,0.6805738
22905,0.42197308,0.0011067004,0.5769202
22906,0.85441476,0.05257753,0.09300773
22907,0.9730777,0.0030072294,0.023915118
22908,0.9964947,0.00026058694,0.00324474
22909,0.018241249,0.0007418569,0.98101693
22910,0.870887,0.0058476334,0.123265415
22911,0.9626182,0.0023316175,0.035050258
22912,0.9855354,0.00044769573,0.014016956
22913,0.50316715,0.013754755,0.4830781
22914,0.8518676,0.027797611,0.12033477
22915,0.9285662,0.0030495347,0.068384275
22916,0.704893,0.05030815,0.2447989
22917,0.9736829,0.000629579,0.025687516
22918,0.7214807,0.12593098,0.1525883
22919,0.8992237,0.034085613,0.066690646
22920,0.96510905,0.015573804,0.019317187
22921,0.2246484,0.0019356208,0.773416
22922,0.9367628,0.0004791847,0.062757954
22923,0.86120236,0.003389294,0.13540836
22924,0.96646833,0.008261995,0.025269616
22925,0.9864001,0.00020463082,0.01339525
22926,0.15428266,0.0052075256,0.8405098
22927,0.9687265,0.0022656068,0.029007897
22928,0.5248086,0.038254205,0.43693715
22929,0.018700812,0.022181036,0.95911807
22930,0.8666653,0.0034505436,0.12988415
22931,0.563777,0.0017490681,0.4344739
22932,0.16705513,0.0026302948,0.83031464
22933,0.96976894,0.0032111974,0.027019843
22934,0.72461176,0.014909493,0.2604787
22935,0.36563942,0.082375966,0.5519846
22936,0.88439,0.00208606,0.11352394
22937,0.9252242,0.0023449953,0.072430775
22938,0.8959543,0.004534088,0.09951163
22939,0.041288454,0.04077198,0.91793954
22940,0.065788515,0.008501652,0.9257099
22941,0.573097,0.012968133,0.41393486
22942,0.98111844,0.00071800384,0.018163588
22943,0.97032064,0.0035848627,0.026094582
22944,0.87729925,0.0023326683,0.120368116
22945,0.9848097,0.0009568548,0.014233463
22946,0.5742807,0.0015026163,0.42421675
22947,0.88856274,0.0063090483,0.10512818
22948,0.91616905,0.021166863,0.06266402
22949,0.98862106,0.0014240039,0.009954906
22950,0.96840715,0.0008551188,0.030737707
22951,0.39235458,0.0801026,0.5275428
22952,0.04850056,0.009412277,0.9420872
22953,0.97561204,0.002460403,0.021927534
22954,0.97955394,0.0014915523,0.018954555
22955,0.08057654,0.0010363951,0.91838706
22956,0.8245466,0.006782586,0.16867085
22957,0.96788913,0.013434074,0.018676791
22958,0.8780908,0.021666795,0.10024235
22959,0.027912255,0.014281669,0.95780605
22960,0.8524429,0.001649228,0.14590782
22961,0.9332146,0.005521525,0.06126391
22962,0.14113745,0.010099353,0.84876317
22963,0.012933339,0.0003229612,0.9867437
22964,0.016262138,0.0009215914,0.9828163
22965,0.9452413,0.003544871,0.051213834
22966,0.94040453,0.0071649263,0.052430507
22967,0.9639089,0.0040588947,0.032032263
22968,0.9548453,0.005343314,0.03981137
22969,0.4546558,0.017625311,0.52771884
22970,0.6183531,0.008484912,0.37316194
22971,0.84823483,0.010831957,0.14093326
22972,0.062905654,0.011187622,0.9259068
22973,0.49704432,0.030606946,0.47234872
22974,0.9168158,0.045079164,0.038105045
22975,0.9939097,0.0002544161,0.0058358596
22976,0.91279453,0.071284465,0.015921026
22977,0.66033924,0.09018436,0.2494764
22978,0.84109753,0.013290307,0.14561217
22979,0.9004369,0.007077485,0.09248558
22980,0.9848868,0.008234642,0.0068785655
22981,0.74140966,0.0041528274,0.25443748
22982,0.031289656,0.0064909863,0.96221936
22983,0.6987382,0.021211637,0.28005016
22984,0.9524221,0.016461525,0.031116342
22985,0.98522896,0.0004470359,0.014324029
22986,0.99036074,0.0012042668,0.008435014
22987,0.94837356,0.027024062,0.024602374
22988,0.6477532,0.029489268,0.32275754
22989,0.9697082,0.005671557,0.024620267
22990,0.97299397,0.0058635687,0.021142432
22991,0.9445284,0.009207716,0.0462639
22992,0.9903673,0.00598836,0.0036444122
22993,0.19047584,0.0021609557,0.8073632
22994,0.2897494,0.69628036,0.01397026
22995,0.51068676,0.020819899,0.46849334
22996,0.9315005,0.043539733,0.024959775
22997,0.8083787,0.015661286,0.17596002
22998,0.0077126543,0.000157834,0.9921295
22999,0.99479115,0.0006625707,0.004546336
23000,0.94546306,0.004561299,0.049975656
23001,0.19048911,0.045647312,0.7638636
23002,0.124877654,0.00025046227,0.8748719
23003,0.72180945,0.0152074555,0.26298308
23004,0.89890593,0.0028388288,0.09825529
23005,0.49490306,0.007931534,0.49716544
23006,0.94272876,0.006233208,0.051037982
23007,0.015081577,0.00023726275,0.9846811
23008,0.9403942,0.036856458,0.022749316
23009,0.8599864,0.002462818,0.13755077
23010,0.9661294,0.01181606,0.022054521
23011,0.98797476,0.0010279132,0.010997359
23012,0.07403124,0.020691909,0.9052769
23013,0.69165593,0.04286089,0.2654832
23014,0.962075,0.00234602,0.03557902
23015,0.9174398,0.040819667,0.04174056
23016,0.9791677,0.0032481782,0.017584136
23017,0.857468,0.00504391,0.13748807
23018,0.97348154,6.439887e-05,0.026454123
23019,0.9902203,0.00070447224,0.009075189
23020,0.9319867,0.002507437,0.06550587
23021,0.9919967,0.0005006265,0.0075026304
23022,0.96937156,0.005241285,0.02538712
23023,0.99430865,0.00077115657,0.004920185
23024,0.98951703,0.0021485835,0.008334377
23025,0.9709198,0.014830186,0.014250094
23026,0.9863587,0.006270478,0.007370831
23027,0.99018234,0.007855519,0.0019621013
23028,0.9548299,0.0012907424,0.04387937
23029,0.36200207,0.071994536,0.5660034
23030,0.5421368,0.0056601064,0.45220312
23031,0.8912052,0.01243671,0.09635805
23032,0.24675232,0.018471675,0.73477596
23033,0.8889698,0.0015221625,0.10950805
23034,0.96133786,0.0006937135,0.037968453
23035,0.6496165,0.008552706,0.3418308
23036,0.847451,0.014578391,0.13797063
23037,0.03991425,0.8833606,0.07672518
23038,0.94109464,0.006482304,0.052423067
23039,0.9227895,0.0142429555,0.06296752
23040,0.07297358,0.013393112,0.9136333
23041,0.9122944,0.013804066,0.073901534
23042,0.77932525,0.01974463,0.2009301
23043,0.7024595,0.0070589413,0.29048154
23044,0.9537617,0.040533498,0.0057048416
23045,0.09046308,0.00833879,0.9011981
23046,0.9742276,0.0013286168,0.024443844
23047,0.014098216,0.038864132,0.9470377
23048,0.38995993,0.0001790581,0.609861
23049,0.8442839,0.0030757526,0.15264031
23050,0.99278235,0.0010058974,0.0062116953
23051,0.8989464,0.006129445,0.094924144
23052,0.9020474,0.008906692,0.08904593
23053,0.9486199,0.0022527152,0.04912742
23054,0.1303128,0.00024663046,0.8694406
23055,0.91803616,0.015358766,0.066605076
23056,0.8849441,0.0023984513,0.112657435
23057,0.9665922,0.00049056194,0.032917194
23058,0.4556144,0.006062003,0.5383236
23059,0.8817414,0.0043814266,0.11387719
23060,0.947178,0.0047426512,0.048079398
23061,0.84759706,0.0029836027,0.14941934
23062,0.9675714,0.0017037094,0.030724928
23063,0.37568995,0.023449374,0.60086066
23064,0.9813767,0.00050365867,0.018119596
23065,0.006143264,0.005086171,0.9887706
23066,0.9732667,0.006012986,0.02072029
23067,0.02071466,0.016307278,0.96297807
23068,0.9368333,0.006716186,0.056450516
23069,0.6369414,0.0056607956,0.35739785
23070,0.745761,0.026479363,0.22775966
23071,0.9083144,0.0021298274,0.08955579
23072,0.5333436,0.018433314,0.44822305
23073,0.9322218,0.056845967,0.010932191
23074,0.9753915,0.019913737,0.0046947
23075,0.9775178,0.0013353204,0.021146867
23076,0.71405804,0.008413755,0.27752823
23077,0.54013884,0.008272043,0.45158917
23078,0.9977673,0.00035193743,0.00188075
23079,0.94956595,0.0027173911,0.04771664
23080,0.90896124,0.06334971,0.02768906
23081,0.88920605,0.004574866,0.10621905
23082,0.9752446,0.0021654612,0.022589933
23083,0.9747507,0.0019104074,0.023338946
23084,0.9722571,0.0024919717,0.025250942
23085,0.4759384,0.0017746985,0.52228695
23086,0.14197443,0.011062395,0.84696317
23087,0.013876743,0.00031836523,0.98580486
23088,0.98351973,0.0008921616,0.015588048
23089,0.97737134,0.015877696,0.0067509427
23090,0.018925281,0.0018762983,0.97919846
23091,0.8305412,0.022544164,0.14691465
23092,0.009866252,0.0008204519,0.9893133
23093,0.6839339,0.0005189677,0.31554714
23094,0.7543684,0.0020314688,0.24360007
23095,0.9821045,0.0009832453,0.016912341
23096,0.9332064,0.00043871033,0.066354886
23097,0.77411634,0.0050934004,0.22079024
23098,0.57554525,0.036240943,0.3882138
23099,0.693584,0.00018540463,0.30623055
23100,0.949788,0.003231398,0.04698069
23101,0.9535835,0.02406716,0.022349361
23102,0.8705381,0.10803453,0.021427395
23103,0.46512693,0.0031838904,0.53168917
23104,0.9892407,0.00075424835,0.010005035
23105,0.011925679,0.00039880342,0.98767555
23106,0.9189396,0.015677655,0.06538279
23107,0.9937279,0.0010642401,0.0052077724
23108,0.99110293,0.006196691,0.002700386
23109,0.9721234,0.0014500454,0.026426613
23110,0.93775177,0.0055031455,0.05674501
23111,0.9924354,0.0005562351,0.007008333
23112,0.020464463,0.0052891197,0.9742465
23113,0.5357021,0.021147238,0.44315067
23114,0.858241,0.008211469,0.13354751
23115,0.92478734,0.008238582,0.06697406
23116,0.20926225,0.06983444,0.72090334
23117,0.925218,0.005672895,0.069109134
23118,0.49729308,0.0038816368,0.49882528
23119,0.97132504,0.022228954,0.0064459806
23120,0.9864668,0.0011384044,0.012394754
23121,0.97608113,0.0010239553,0.022894936
23122,0.010231042,0.015869182,0.9738998
23123,0.9070461,0.009606014,0.0833479
23124,0.06293172,0.014903716,0.92216456
23125,0.1679123,0.00112721,0.83096045
23126,0.9799732,0.00077878643,0.019248027
23127,0.86826116,0.0025093055,0.12922953
23128,0.035888087,0.020593388,0.9435185
23129,0.52654856,0.018520636,0.4549308
23130,0.7046641,0.0014451537,0.2938907
23131,0.3033872,0.010796785,0.685816
23132,0.05151663,0.0041612093,0.9443221
23133,0.001830295,0.0057963068,0.9923734
23134,0.010541323,0.0537376,0.93572104
23135,0.42743447,0.010253282,0.56231225
23136,0.8824512,0.009149698,0.10839914
23137,0.96758544,0.017655127,0.014759348
23138,0.8584844,0.016746255,0.12476939
23139,0.9222371,0.049514953,0.028247945
23140,0.7749281,0.0045032767,0.22056863
23141,0.7884622,0.0014012994,0.2101365
23142,0.7815675,0.16648565,0.05194684
23143,0.6460046,0.013473051,0.34052232
23144,0.93757737,0.004810813,0.057611782
23145,0.9665368,0.0038863511,0.029576806
23146,0.43695393,0.009553914,0.5534921
23147,0.9931288,0.0010631284,0.0058080754
23148,0.9721816,0.0017443658,0.026074057
23149,0.28433272,0.045812007,0.66985524
23150,0.92270947,0.0026474516,0.07464316
23151,0.010861687,0.00021884129,0.98891944
23152,0.75707287,0.063950494,0.17897661
23153,0.09713763,0.15652396,0.7463384
23154,0.95036376,0.019939432,0.0296968
23155,0.94976526,0.0034150975,0.046819657
23156,0.03463583,0.02099403,0.9443702
23157,0.9226692,0.004710021,0.07262083
23158,0.4324513,0.011113577,0.5564351
23159,0.015368552,0.000391017,0.9842404
23160,0.70682836,0.053299315,0.23987235
23161,0.97898316,0.013122274,0.007894616
23162,0.9681986,0.015030709,0.01677071
23163,0.98484194,0.003281953,0.011876107
23164,0.96514225,0.0017913386,0.033066384
23165,0.83650714,0.0040470557,0.15944585
23166,0.9723813,0.011818095,0.01580061
23167,0.18943818,0.023245456,0.7873164
23168,0.608613,0.02284661,0.36854038
23169,0.98019534,0.0005129835,0.01929169
23170,0.80027854,0.023613362,0.17610803
23171,0.8368214,0.025631664,0.13754699
23172,0.79813915,0.0013301519,0.20053068
23173,0.778755,0.0052538197,0.21599121
23174,0.9861835,0.00047325835,0.013343272
23175,0.948559,0.0020893936,0.04935162
23176,0.13832997,0.009727274,0.85194284
23177,0.6444439,0.010873782,0.3446823
23178,0.6547825,0.0027107901,0.34250674
23179,0.96234405,0.0033487729,0.034307137
23180,0.9695767,0.0048607783,0.02556252
23181,0.9783543,0.007276608,0.014369168
23182,0.9260799,0.0027278888,0.07119222
23183,0.58397573,0.01687857,0.39914572
23184,0.5290547,0.0011440704,0.46980122
23185,0.0040029273,5.893275e-05,0.9959382
23186,0.9844067,0.0022149899,0.013378274
23187,0.9763555,0.014309743,0.00933477
23188,0.0024197635,0.00026880915,0.9973115
23189,0.8687911,0.014110527,0.11709836
23190,0.73245364,0.0076995203,0.2598468
23191,0.21943498,0.054021295,0.72654366
23192,0.098541155,0.012000108,0.8894587
23193,0.5632631,0.23858751,0.19814934
23194,0.88470495,0.0041086455,0.11118637
23195,0.31368655,0.038520224,0.6477933
23196,0.8955457,0.07229981,0.032154433
23197,0.95979387,0.0019466097,0.03825956
23198,0.8551659,0.0017694413,0.14306465
23199,0.004130321,0.003106184,0.99276346
23200,0.98459375,0.0005405965,0.014865617
23201,0.9708999,0.0029439505,0.026156137
23202,0.1490302,0.0045709847,0.84639883
23203,0.927012,0.00068025466,0.07230768
23204,0.9237852,0.002387708,0.07382705
23205,0.034663115,0.008941685,0.95639515
23206,0.016508061,0.0040009315,0.97949106
23207,0.5648674,0.11888097,0.3162517
23208,0.9909759,0.0040656747,0.004958441
23209,0.9424516,0.0045141717,0.05303428
23210,0.8624371,0.04577103,0.091791816
23211,0.9572253,0.016983753,0.02579094
23212,0.96578825,0.0064402954,0.02777147
23213,0.7414168,0.03192634,0.22665687
23214,0.64248586,0.257224,0.100290194
23215,0.8023584,0.0020442838,0.19559737
23216,0.941404,0.023639733,0.03495624
23217,0.0077164625,0.0006609153,0.9916226
23218,0.88517016,0.020017589,0.0948123
23219,0.86894697,0.008212303,0.1228407
23220,0.7661516,0.023760352,0.21008804
23221,0.0796872,0.0030928447,0.9172199
23222,0.83151954,0.048116855,0.12036361
23223,0.54982805,0.012984972,0.437187
23224,0.95804274,0.0019391263,0.04001816
23225,0.96289575,0.013662288,0.02344202
23226,0.0021679061,0.0018620836,0.99597
23227,0.77251184,0.0044437265,0.22304441
23228,0.080484845,0.010960643,0.9085545
23229,0.9163316,0.014141708,0.06952672
23230,0.095386334,0.4135445,0.4910692
23231,0.95409083,0.0043884763,0.0415207
23232,0.9899422,0.00013759013,0.0099201705
23233,0.96382385,0.0026366606,0.033539526
23234,0.82615715,0.007146733,0.16669607
23235,0.9595782,0.0059665204,0.034455266
23236,0.94972086,0.006870182,0.043408986
23237,0.2874955,0.0055386154,0.7069659
23238,0.62120575,0.0138776265,0.36491656
23239,0.97900647,0.008569012,0.0124245575
23240,0.9495816,0.017218364,0.033199996
23241,0.94717586,0.0020396218,0.050784513
23242,0.94961345,0.0052708723,0.04511566
23243,0.83164996,0.0040027653,0.16434728
23244,0.5729337,0.0014314116,0.42563495
23245,0.66030794,0.005478114,0.334214
23246,0.36526033,0.021531442,0.61320823
23247,0.9620802,0.0045483103,0.03337146
23248,0.5718332,0.037074108,0.39109266
23249,0.955542,0.0028629608,0.041595012
23250,0.98876244,0.0005559731,0.010681557
23251,0.9803668,0.0040502734,0.015582854
23252,0.17920664,0.31766447,0.5031289
23253,0.48976064,0.009186546,0.5010528
23254,0.6680501,0.073732294,0.2582176
23255,0.9811209,0.010954435,0.007924714
23256,0.9445726,0.0029989253,0.052428447
23257,0.79274464,0.028016029,0.17923932
23258,0.8305746,0.014958606,0.15446678
23259,0.9005357,0.0040791063,0.095385246
23260,0.84767914,0.023789998,0.1285309
23261,0.020253496,0.02191897,0.95782757
23262,0.97190213,0.019676983,0.008420903
23263,0.9851659,0.0012117313,0.013622322
23264,0.9519826,0.004891011,0.04312634
23265,0.9780166,0.01277352,0.009209876
23266,0.8987626,0.02068299,0.080554456
23267,0.95807046,0.001935275,0.039994262
23268,0.4973258,0.02505274,0.47762153
23269,0.92366254,0.047682386,0.028655052
23270,0.92505175,0.002533007,0.0724152
23271,0.94251925,0.004878286,0.05260246
23272,0.62188697,0.024438445,0.35367456
23273,0.9203731,0.025037935,0.054588992
23274,0.87875533,0.006403411,0.114841305
23275,0.639704,0.00066469883,0.3596313
23276,0.11355999,0.014113566,0.8723265
23277,0.9770707,0.017907262,0.0050220946
23278,0.0337026,0.002065633,0.9642317
23279,0.4449488,0.0071521713,0.547899
23280,0.67384547,0.028157083,0.29799747
23281,0.86453766,0.0027989028,0.13266343
23282,0.85218227,0.010418854,0.13739882
23283,0.9171519,0.0003901043,0.08245799
23284,0.49953777,0.041907717,0.4585545
23285,0.9917305,0.0012060694,0.007063401
23286,0.73119533,0.017437307,0.2513673
23287,0.8041489,0.0071056704,0.18874542
23288,0.048041485,0.00092499226,0.9510335
23289,0.9661389,0.006864704,0.026996395
23290,0.9620517,0.034829948,0.0031182857
23291,0.014737111,4.5357552e-05,0.9852175
23292,0.570848,0.004827449,0.42432457
23293,0.97185725,0.001498332,0.026644433
23294,0.9982551,0.00061245693,0.0011324977
23295,0.9905599,0.0015204257,0.007919655
23296,0.84474283,0.012156642,0.14310053
23297,0.59374946,0.09646816,0.3097824
23298,0.7275913,0.03223727,0.24017146
23299,0.9814621,0.0044289017,0.014108908
23300,0.19089781,0.14021464,0.6688875
23301,0.033671107,0.0015973888,0.9647315
23302,0.13485664,0.02907829,0.83606505
23303,0.7385074,0.008256976,0.25323567
23304,0.71016824,0.0055369725,0.28429478
23305,0.8597201,0.0024401783,0.13783972
23306,0.9727519,0.0006199404,0.026628159
23307,0.11618562,0.0029925725,0.8808218
23308,0.9958176,0.00025623816,0.003926168
23309,0.96510434,0.014403372,0.02049226
23310,0.0045007574,0.022167623,0.97333163
23311,0.05812914,0.0045064236,0.9373644
23312,0.9696544,0.0010663432,0.029279321
23313,0.9235236,0.008118656,0.06835773
23314,0.9910703,0.005000896,0.0039288322
23315,0.8925083,0.003888033,0.103603646
23316,0.51666313,0.00072357315,0.48261327
23317,0.94493794,0.0021184213,0.052943666
23318,0.6096841,0.141882,0.24843387
23319,0.8834208,0.018385723,0.09819347
23320,0.3077497,0.025404256,0.66684604
23321,0.9385455,0.0031681906,0.058286354
23322,0.96936035,0.011229221,0.019410433
23323,0.8292035,0.018626712,0.1521698
23324,0.33293733,0.02061169,0.64645094
23325,0.9668404,0.0009644869,0.03219508
23326,0.97568035,0.00043323802,0.02388643
23327,0.9772575,0.0037021032,0.019040462
23328,0.00039820888,1.2452973e-05,0.9995894
23329,0.9672309,0.000476213,0.032292817
23330,0.1257644,0.042548984,0.8316867
23331,0.25729606,0.0024672826,0.7402367
23332,0.15407634,0.000997627,0.844926
23333,0.9738932,0.0007210068,0.025385706
23334,0.22563817,0.024759328,0.7496025
23335,0.073239155,0.07057081,0.85619
23336,0.39224368,0.02409268,0.58366364
23337,0.95340604,0.008378826,0.03821509
23338,0.6584138,0.083423376,0.25816286
23339,0.9888676,0.00023202125,0.010900477
23340,0.0056100585,0.00024642015,0.99414355
23341,0.952416,0.0021011701,0.045482844
23342,0.73373127,0.077365264,0.18890344
23343,0.9864623,0.0054020947,0.008135633
23344,0.04115622,0.015079737,0.94376403
23345,0.9017047,0.004545715,0.09374954
23346,0.979656,0.0014910258,0.018853014
23347,0.5351326,0.07767347,0.38719395
23348,0.91362613,0.0056906817,0.080683194
23349,0.8651845,0.06388353,0.07093199
23350,0.8861613,0.011304915,0.10253377
23351,0.89680845,0.002854059,0.10033747
23352,0.5201623,0.003537425,0.4763003
23353,0.9912314,0.00085625314,0.007912348
23354,0.9566354,0.029639697,0.013724814
23355,0.9758387,0.00200643,0.022154829
23356,0.957502,0.0025903205,0.039907634
23357,0.97152495,0.017761566,0.010713515
23358,0.0014012423,1.8842302e-05,0.99858
23359,0.88886374,0.0030241862,0.108112104
23360,0.04558868,0.0049783248,0.949433
23361,0.9580828,0.019153863,0.022763357
23362,0.41451684,0.0059793433,0.57950383
23363,0.9849242,0.0078511,0.0072247335
23364,0.94740593,0.0051244297,0.04746965
23365,0.9462828,0.008154457,0.045562703
23366,0.99485093,0.0016435584,0.0035054653
23367,0.7489958,0.013686961,0.23731728
23368,0.009482246,0.0045407843,0.98597693
23369,0.9240333,0.013873141,0.062093582
23370,0.9049041,0.04927443,0.045821402
23371,0.76653653,0.0040713535,0.22939207
23372,0.97216606,0.002744891,0.025089078
23373,0.25338453,0.56445163,0.18216385
23374,0.9208804,0.0035383864,0.075581186
23375,0.5729584,0.0023948895,0.42464668
23376,0.98760426,0.000114253344,0.012281501
23377,0.9265126,0.042587355,0.030900074
23378,0.99349916,0.003629725,0.0028711532
23379,0.95312583,0.00019294272,0.046681233
23380,0.9940959,0.0031152603,0.0027888205
23381,0.001628187,2.8472106e-05,0.99834335
23382,0.949101,0.00069957186,0.050199486
23383,0.98389524,0.0005554514,0.0155493505
23384,0.0012411653,3.9507624e-05,0.99871933
23385,0.9744052,0.0076424964,0.0179522
23386,0.89761776,0.0022225736,0.10015964
23387,0.9825419,0.0012506042,0.016207444
23388,0.5720238,0.0056686797,0.4223075
23389,0.0327506,0.0026036147,0.9646458
23390,0.99703336,0.00041122545,0.0025554204
23391,0.6789405,0.0107686715,0.3102909
23392,0.9278275,0.0032804755,0.06889199
23393,0.9471515,0.006899155,0.045949407
23394,0.97899467,0.004628602,0.016376767
23395,0.99014306,0.0012573199,0.00859955
23396,0.6991797,0.0040521314,0.2967681
23397,0.94100714,0.003154556,0.05583831
23398,0.91451496,0.0030688406,0.08241623
23399,0.13340658,0.001750772,0.86484265
23400,0.7946319,0.048505574,0.1568625
23401,0.9816458,0.0005243011,0.017829934
23402,0.17804928,0.0034792253,0.81847155
23403,0.90899485,0.0059524993,0.08505268
23404,0.09420077,0.06919346,0.8366058
23405,0.2350454,0.0042991275,0.76065546
23406,0.75797665,0.009751407,0.2322719
23407,0.95093054,0.0073666675,0.0417028
23408,0.56345683,0.094865456,0.34167776
23409,0.9606171,0.009097229,0.030285731
23410,0.99056584,0.005061308,0.004372772
23411,0.6780989,0.003019679,0.3188814
23412,0.008720511,0.0033398478,0.9879396
23413,0.034751777,0.72290564,0.24234259
23414,0.96579605,0.003075961,0.031127939
23415,0.1514094,0.010111376,0.8384792
23416,0.9842768,0.0010197605,0.014703506
23417,0.12156252,0.019005287,0.85943216
23418,0.004666641,0.00044571652,0.99488765
23419,0.71941936,0.009649906,0.27093074
23420,0.83369905,0.025420891,0.14088008
23421,0.9426448,0.0011747093,0.056180578
23422,0.9815832,0.00044403662,0.017972812
23423,0.99416983,0.0004547196,0.005375497
23424,0.934942,0.0036491195,0.06140893
23425,0.9722333,0.0026709833,0.025095671
23426,0.8774289,0.046918176,0.07565291
23427,0.24085584,0.0005107869,0.7586334
23428,0.980616,0.008282505,0.011101539
23429,0.008504126,0.0009070098,0.9905889
23430,0.9846732,0.0004792563,0.014847574
23431,0.8533631,0.016040362,0.13059649
23432,0.7425033,0.012984371,0.24451233
23433,0.94933885,0.0023049538,0.048356187
23434,0.97180104,0.0011461851,0.027052794
23435,0.95382774,0.00863295,0.03753928
23436,0.7538109,0.0026983998,0.24349074
23437,0.0004150555,0.0027199918,0.996865
23438,0.9171364,0.0015882816,0.08127538
23439,0.7998493,0.009550263,0.19060045
23440,0.092869565,0.15713485,0.7499955
23441,0.6366371,0.1596027,0.20376024
23442,0.018174395,0.0010973273,0.98072827
23443,0.36400786,0.019380858,0.6166113
23444,0.9460854,0.0036415057,0.050273057
23445,0.039446145,0.0015048976,0.9590489
23446,0.9189583,0.009593419,0.0714483
23447,0.9207588,0.0063952007,0.072846
23448,0.7689591,0.04889375,0.18214712
23449,0.098072685,0.013385851,0.88854146
23450,0.6504475,0.0035203707,0.3460321
23451,0.9437726,0.0015197517,0.05470762
23452,0.030434037,0.016392516,0.95317346
23453,0.6755328,0.0053039487,0.3191632
23454,0.041583937,0.0026648093,0.9557513
23455,0.9276312,0.0027642706,0.06960449
23456,0.745532,0.0066089374,0.24785906
23457,0.95572114,0.0071445983,0.037134312
23458,0.04080484,0.301629,0.65756613
23459,0.8346572,0.0060143503,0.15932845
23460,0.03508339,0.0038064863,0.9611102
23461,0.97236776,0.0002552814,0.027376939
23462,0.96390337,0.00079636317,0.035300266
23463,0.93933415,0.0035191753,0.057146646
23464,0.96131384,0.013950039,0.024736132
23465,0.79092056,0.04458472,0.16449472
23466,0.42488596,0.03281679,0.54229724
23467,0.80204964,0.012729964,0.18522045
23468,0.8850001,0.004900159,0.11009971
23469,0.9508672,0.018930053,0.03020275
23470,0.9589583,0.020204049,0.020837618
23471,0.0007651084,1.2096274e-06,0.9992337
23472,0.75995314,0.043606196,0.19644068
23473,0.95146465,0.0058531053,0.04268231
23474,0.9519761,0.0009080549,0.047115844
23475,0.22434562,0.5854164,0.19023803
23476,0.2815504,0.0042801662,0.71416944
23477,0.99003977,0.005938287,0.0040219063
23478,0.86170334,0.029822288,0.10847437
23479,0.17782137,0.0045130183,0.8176656
23480,0.48546916,0.027104666,0.48742616
23481,0.058027584,0.007128938,0.93484354
23482,0.50263727,0.0048239827,0.49253878
23483,0.59513116,0.2777943,0.12707454
23484,0.5623881,0.0029690156,0.43464285
23485,0.96667475,0.0019506407,0.031374577
23486,0.7070598,0.03590232,0.25703788
23487,0.9363987,0.0056782993,0.057923015
23488,0.67911595,0.101456895,0.21942718
23489,0.9816395,0.0002802103,0.018080287
23490,0.9652124,0.005820087,0.02896746
23491,0.97351325,0.00012779087,0.026358904
23492,0.94817847,0.009141839,0.0426797
23493,0.95244944,0.002547143,0.045003418
23494,0.98008096,0.0043816925,0.015537294
23495,0.94817924,0.0016402812,0.050180517
23496,0.08517526,0.107326195,0.8074985
23497,0.93484247,0.004019507,0.061137993
23498,0.09100579,0.0017658852,0.90722835
23499,0.8871527,0.0033719272,0.10947534
23500,0.931908,0.04329936,0.02479264
23501,0.651471,0.27015653,0.07837247
23502,0.96641356,0.0029446203,0.030641751
23503,0.33862925,0.05436183,0.6070089
23504,0.8997869,0.0054301647,0.09478297
23505,0.0053567635,0.0003702478,0.994273
23506,0.0110109765,0.000619303,0.9883697
23507,0.97059655,0.0010503237,0.028353106
23508,0.043736566,0.00010144122,0.956162
23509,0.7857081,0.07071234,0.1435795
23510,0.21865669,0.011400812,0.76994246
23511,0.9637494,0.010170557,0.026080003
23512,0.8529009,0.034563717,0.112535365
23513,0.30448586,0.00023019864,0.69528395
23514,0.9556873,0.0046389843,0.039673775
23515,0.9802957,0.007269601,0.01243468
23516,0.9539486,0.003200094,0.042851362
23517,0.43031457,0.0068009426,0.5628845
23518,0.83299893,0.004874996,0.1621261
23519,0.9668413,0.0051038535,0.028054843
23520,0.8999034,0.008018184,0.09207842
23521,0.3938618,0.010455537,0.5956826
23522,0.86117727,0.0016325292,0.13719025
23523,0.96978104,0.017816592,0.012402387
23524,0.012421274,0.00021872054,0.98736006
23525,0.013986105,0.0041432683,0.98187065
23526,0.37489465,0.0069931056,0.6181122
23527,0.99405175,0.003644587,0.0023036683
23528,0.7244487,0.11431197,0.16123933
23529,0.98497623,0.001184085,0.013839734
23530,0.9818571,0.007985727,0.0101572005
23531,0.9379141,0.0022561387,0.059829723
23532,0.9246938,0.008567799,0.066738345
23533,0.5944666,0.25512514,0.15040816
23534,0.9544089,0.0030257103,0.04256543
23535,0.87037814,0.0033957376,0.1262261
23536,0.86120766,0.0155836325,0.12320866
23537,0.95143694,0.0016401294,0.04692293
23538,0.9209432,0.0020696148,0.07698721
23539,0.42713147,0.022969328,0.5498992
23540,0.099775024,0.00031934373,0.8999056
23541,0.8890757,0.014584497,0.09633981
23542,0.29442447,0.0032992677,0.70227623
23543,0.22032699,0.0013640331,0.778309
23544,0.8849342,0.03223421,0.082831584
23545,0.08750949,0.004756826,0.90773374
23546,0.5126176,0.019087257,0.4682952
23547,0.9942742,0.0016768635,0.004048931
23548,0.054563623,0.85664004,0.0887964
23549,0.48638934,0.12621401,0.3873967
23550,0.98672104,0.0015769312,0.011702068
23551,0.95573246,0.010143675,0.03412386
23552,0.120951176,0.011962588,0.8670862
23553,0.9710453,0.011105645,0.017849077
23554,0.9689113,0.005334043,0.025754653
23555,0.98966974,0.0050653643,0.0052648475
23556,0.96604776,0.014963089,0.018989125
23557,0.0020269402,2.2113505e-05,0.997951
23558,0.90294605,0.0069186618,0.090135284
23559,0.88678503,0.0028835528,0.11033137
23560,0.8261106,0.006710789,0.16717859
23561,0.9693468,0.0012948674,0.029358285
23562,0.19466734,0.013187483,0.79214525
23563,0.803786,0.038373224,0.1578408
23564,0.94506526,0.0049106125,0.05002409
23565,0.08061733,0.03892706,0.8804556
23566,0.015476881,0.0071154996,0.97740763
23567,0.95801365,0.001101214,0.04088508
23568,0.9484775,0.02955627,0.02196623
23569,0.9708966,0.0031986528,0.025904775
23570,0.8367693,0.000926186,0.16230454
23571,0.038255833,0.026955348,0.9347888
23572,0.844953,0.01815809,0.13688895
23573,0.3326736,0.04877437,0.618552
23574,0.867754,0.008361562,0.12388449
23575,0.72769755,0.022007646,0.25029477
23576,0.001927644,0.0047737,0.9932987
23577,0.9225847,0.00708192,0.070333354
23578,0.35448524,0.013746034,0.63176876
23579,0.45295742,0.00030478183,0.5467378
23580,0.17954572,0.009764324,0.81069
23581,0.8541254,0.007841401,0.13803317
23582,0.21821004,0.009488818,0.7723012
23583,0.0024256068,6.834216e-05,0.9975061
23584,0.19711846,0.017044356,0.7858372
23585,0.8236036,0.01017422,0.1662222
23586,0.9431361,0.046256263,0.010607595
23587,0.99088883,0.0011618779,0.00794934
23588,0.9918406,0.0022383714,0.0059210057
23589,0.99427444,0.00079104246,0.0049345596
23590,0.98657066,0.0016255617,0.011803825
23591,0.7736343,0.0064296066,0.21993609
23592,0.977014,0.00063087285,0.022355111
23593,0.5437583,0.0047124056,0.45152935
23594,0.5482913,0.012575288,0.43913344
23595,0.113251,0.0028418123,0.8839072
23596,0.1744867,0.027842918,0.79767036
23597,0.46531603,0.007855225,0.52682877
23598,0.91610205,0.015950916,0.06794704
23599,0.42509302,0.00961812,0.56528884
23600,0.9596618,0.0020271225,0.038311064
23601,0.8835636,0.010269496,0.106166944
23602,0.8711583,0.0008733019,0.12796836
23603,0.9150225,0.014433828,0.07054369
23604,0.9109152,0.045390047,0.04369481
23605,0.7771167,0.00717126,0.21571203
23606,0.09455323,0.006011969,0.89943475
23607,0.9336898,0.0031690095,0.06314116
23608,0.8468785,0.0016243296,0.15149714
23609,0.0058670286,0.0027764686,0.9913565
23610,0.9634004,0.0061797784,0.030419787
23611,0.60327154,0.15962858,0.23709986
23612,0.28192088,0.016050689,0.70202845
23613,0.985174,0.00066576246,0.014160174
23614,0.4440633,0.0082508745,0.5476858
23615,0.9955064,0.00016761091,0.0043259775
23616,0.0015179534,5.2081985e-05,0.99842995
23617,0.8408962,0.003740948,0.15536283
23618,0.96835494,0.010397852,0.02124726
23619,0.9849695,0.00036620733,0.014664341
23620,0.28126884,0.20641895,0.5123122
23621,0.94679046,0.0018237822,0.05138579
23622,0.11573467,0.12983076,0.7544346
23623,0.023202987,0.045167066,0.9316299
23624,0.95049715,0.0021239913,0.047378834
23625,0.9628356,0.0030702546,0.034094185
23626,0.97752416,0.00070040446,0.021775482
23627,0.9503011,0.008820819,0.04087813
23628,0.8411896,0.014654211,0.14415616
23629,0.99167186,0.0016059431,0.0067221248
23630,0.04352769,0.06780668,0.8886656
23631,0.63019425,0.0024702814,0.36733544
23632,0.28372422,0.016592294,0.6996835
23633,0.7860284,0.032824084,0.18114755
23634,0.97202,0.0040912502,0.023888804
23635,0.880422,0.005543212,0.11403483
23636,0.0830268,0.40616092,0.5108123
23637,0.8953815,0.024197165,0.0804213
23638,0.4820566,0.15547483,0.3624686
23639,0.9830031,0.00020758636,0.01678938
23640,0.64159054,0.022925401,0.33548406
23641,0.63328576,0.21581508,0.15089913
23642,0.73836976,0.007185549,0.25444466
23643,0.77647275,0.00088213617,0.2226451
23644,0.9475351,0.0020895791,0.05037532
23645,0.97365385,0.007008405,0.019337784
23646,0.83479136,0.023028975,0.14217968
23647,0.73906416,0.0027048811,0.25823098
23648,0.31734508,0.022735508,0.65991944
23649,0.08204693,0.0043027224,0.9136504
23650,0.14298569,0.0066020396,0.8504123
23651,0.6245204,0.009732592,0.36574695
23652,0.8851331,0.0055089453,0.10935799
23653,0.85545456,0.0058167432,0.13872866
23654,0.0070510553,0.0019094053,0.9910396
23655,0.1809901,0.13691102,0.68209887
23656,0.74541026,0.0030399861,0.25154975
23657,0.63392305,0.0062369034,0.35984004
23658,0.9775612,0.008286079,0.014152712
23659,0.95522356,0.013477897,0.031298514
23660,0.8411446,0.043566495,0.11528887
23661,0.5531943,0.0031407864,0.44366497
23662,0.93236125,0.037147094,0.030491626
23663,0.76440954,0.049052827,0.18653767
23664,0.9924567,0.0014524179,0.0060909227
23665,0.90085554,0.011263696,0.08788078
23666,0.9843233,0.0011173203,0.014559381
23667,0.86809343,0.0026583562,0.12924822
23668,0.28367588,0.037276432,0.6790477
23669,0.9943932,0.002170123,0.0034366588
23670,0.87744635,0.006856759,0.11569692
23671,0.6730498,0.012340176,0.31461003
23672,0.039378826,0.004684694,0.95593643
23673,0.9524979,0.004139826,0.043362245
23674,0.033687484,0.0035701168,0.9627423
23675,0.40903327,0.09118641,0.49978033
23676,0.94041455,0.0071999775,0.05238547
23677,0.8552731,0.0018175029,0.1429094
23678,0.75804317,0.020111647,0.22184521
23679,0.9637835,0.007804822,0.028411645
23680,0.86770433,0.067577876,0.064717814
23681,0.96645534,0.00871716,0.024827495
23682,0.94684273,0.028848732,0.024308503
23683,0.06187701,0.0031689366,0.93495405
23684,0.0028483835,0.0008224474,0.9963291
23685,0.9286351,0.002603983,0.06876087
23686,0.27403137,0.12174493,0.6042237
23687,0.6690893,0.024034964,0.30687574
23688,0.9255287,0.0045877635,0.069883496
23689,0.9448431,0.0067715608,0.048385303
23690,0.9812506,0.00026731417,0.018482082
23691,0.71052265,0.22738907,0.0620883
23692,0.7850858,0.0043473723,0.21056683
23693,0.50069416,0.023748064,0.47555777
23694,0.9262108,0.0057724467,0.06801676
23695,0.6219515,0.0095342295,0.36851424
23696,0.22295724,0.0060492232,0.77099353
23697,0.020272752,0.0005823579,0.9791448
23698,0.11038089,0.018563382,0.8710557
23699,0.44744468,0.00024961226,0.5523057
23700,0.44032818,0.020794654,0.5388772
23701,0.12278806,0.1438624,0.73334956
23702,0.030970579,0.017953621,0.95107573
23703,0.89898604,0.0042484375,0.096765526
23704,0.9544066,0.005618846,0.03997459
23705,0.08244484,0.00036531803,0.91718984
23706,0.9592414,0.005171862,0.03558675
23707,0.011202103,0.021730516,0.96706736
23708,0.5042119,0.009590094,0.48619795
23709,0.9285567,0.00026890697,0.071174435
23710,0.9618332,0.0052549774,0.0329118
23711,0.9701829,0.0049959524,0.024821077
23712,0.88558626,0.0073184855,0.10709518
23713,0.9176675,0.007075887,0.07525662
23714,0.74074775,0.010487822,0.2487645
23715,0.090696305,0.007217842,0.90208584
23716,0.93038416,0.023856092,0.045759704
23717,0.9490517,0.007982082,0.042966213
23718,0.9353834,0.002494385,0.062122267
23719,0.9228284,0.003450578,0.07372103
23720,0.8874289,0.015332665,0.09723846
23721,0.6714574,0.0046087475,0.32393387
23722,0.9612515,0.00037635697,0.03837212
23723,0.8282133,0.032761607,0.13902509
23724,0.902848,0.0029372938,0.09421474
23725,0.105490685,0.00043005295,0.8940792
23726,0.9337357,0.0033596023,0.062904686
23727,0.926207,0.052262194,0.021530785
23728,0.9396537,0.006038106,0.054308232
23729,0.8599608,0.0450187,0.0950205
23730,0.9451836,0.002178577,0.05263792
23731,0.31169966,0.15096204,0.5373383
23732,0.9735299,0.01105978,0.01541034
23733,0.9933729,0.004640928,0.0019861148
23734,0.071228355,0.0019192039,0.92685246
23735,0.30521372,0.0054595172,0.68932676
23736,0.95075893,0.0055371877,0.043703847
23737,0.02201188,0.00042049846,0.97756755
23738,0.9891561,0.005586121,0.005257784
23739,0.9313496,0.0071053053,0.061545063
23740,0.94645333,0.0027826882,0.050764024
23741,0.909764,0.0049112192,0.08532475
23742,0.9379175,0.011848322,0.050234254
23743,0.968649,0.0010802484,0.0302707
23744,0.0005647557,1.67937e-05,0.9994185
23745,0.99481636,0.0016611529,0.0035225197
23746,0.38731432,0.0027875316,0.6098981
23747,0.9571035,0.003693381,0.039203122
23748,0.9704187,0.0042710174,0.025310291
23749,0.9542506,0.0019032101,0.043846153
23750,0.93830353,0.0011454435,0.060551073
23751,0.8727166,0.021166693,0.10611665
23752,0.42021662,0.07006405,0.5097193
23753,0.7432639,0.0058942423,0.2508419
23754,0.208533,0.00046472222,0.7910022
23755,0.96633184,0.0058400333,0.0278281
23756,0.3248218,0.13446446,0.5407137
23757,0.507828,0.1001235,0.39204845
23758,0.97975826,0.00081793807,0.019423822
23759,0.20821723,0.0013161213,0.7904666
23760,0.35756484,0.10537155,0.53706366
23761,0.5353108,0.09284932,0.3718399
23762,0.8295507,0.06079394,0.109655425
23763,0.662773,0.076608926,0.2606181
23764,0.8089019,0.00321155,0.18788657
23765,0.96288294,0.0006366735,0.03648046
23766,0.13442813,0.0047649113,0.860807
23767,0.9368168,0.004299298,0.058883954
23768,0.24114116,0.00021304378,0.7586458
23769,0.9894348,0.0012351508,0.009330124
23770,0.963811,0.0036277466,0.032561257
23771,0.9922099,0.0023892857,0.0054008006
23772,0.9521391,0.00036878532,0.047492124
23773,0.73568416,0.07531203,0.18900377
23774,0.01663321,0.033969615,0.9493972
23775,0.13819012,0.0665056,0.7953043
23776,0.56086254,0.008003838,0.4311336
23777,0.7240073,0.010865642,0.26512706
23778,0.9335492,0.038498163,0.027952613
23779,0.68974614,0.16560139,0.14465249
23780,0.97475183,0.007923319,0.017324856
23781,0.06652488,0.009742667,0.9237324
23782,0.15501535,0.17162031,0.67336434
23783,0.9533536,0.01605067,0.030595697
23784,0.8349602,0.10436983,0.06066999
23785,0.72340614,0.009455631,0.26713824
23786,0.65203834,0.00920699,0.3387547
23787,0.89479,0.0031185313,0.10209145
23788,0.94906867,0.00039132993,0.050539985
23789,0.8480746,0.028777573,0.1231478
23790,0.9063356,0.00866704,0.08499743
23791,0.83470047,0.00859652,0.15670303
23792,0.9521541,0.0072919293,0.040553924
23793,0.7117034,0.0063147,0.2819819
23794,0.8287328,0.00025638455,0.17101085
23795,0.7614837,0.004423427,0.23409286
23796,0.8189679,0.004102843,0.17692924
23797,0.7737561,0.013259239,0.21298468
23798,0.65494424,0.015345119,0.3297106
23799,0.69905084,0.05897808,0.24197105
23800,0.025890484,0.0029870428,0.97112244
23801,0.91813916,0.00030166123,0.08155911
23802,0.9931409,0.0005017951,0.00635734
23803,0.9830546,0.0013729514,0.015572519
23804,0.113393635,0.00027251523,0.8863338
23805,0.9745986,0.002527504,0.022873944
23806,0.9058024,0.0014726991,0.09272488
23807,0.0018302638,0.0008946189,0.9972752
23808,0.007381934,0.0015048735,0.99111325
23809,0.5161705,0.0034747203,0.48035476
23810,0.9905985,0.00464479,0.0047566663
23811,0.44084913,0.004687418,0.55446345
23812,0.7915607,0.004833626,0.20360567
23813,0.18504202,0.1360468,0.6789112
23814,0.033050597,0.644504,0.32244545
23815,0.94732195,0.0109322835,0.041745733
23816,0.7796728,0.013415734,0.20691149
23817,0.92937464,0.021168394,0.049456958
23818,0.9833807,0.004267065,0.01235219
23819,0.8943096,0.053155717,0.052534692
23820,0.40144455,0.0009127692,0.5976427
23821,0.95998895,0.002071059,0.037940018
23822,0.9464213,0.0027441017,0.05083457
23823,0.94078696,0.0042897956,0.054923207
23824,0.97765505,4.112175e-05,0.022303758
23825,0.9529141,0.01367164,0.03341426
23826,0.9869178,0.0013737461,0.011708488
23827,0.9132006,0.001822894,0.08497652
23828,0.94287395,0.02389116,0.03323487
23829,0.9571943,0.0038245074,0.038981207
23830,0.98759615,0.0004143674,0.011989472
23831,0.008913609,6.461568e-05,0.9910218
23832,0.95622563,0.0028262767,0.040948085
23833,0.96727383,0.018373521,0.014352658
23834,0.801549,0.022360336,0.17609066
23835,0.43983284,0.009735905,0.55043125
23836,0.9596058,0.013356461,0.027037706
23837,0.9684618,0.017620532,0.013917655
23838,0.9634654,0.0047997446,0.031734906
23839,0.004271969,0.00050254917,0.9952254
23840,0.9758077,0.0002466126,0.023945658
23841,0.9287945,0.0117278565,0.059477616
23842,0.63040435,0.008907609,0.36068803
23843,0.8932484,0.006646163,0.100105464
23844,0.013276528,0.002886287,0.9838372
23845,0.94939935,0.0027247453,0.047875874
23846,0.90167725,0.030210756,0.068112
23847,0.084622145,0.00087166094,0.9145062
23848,0.97250724,0.0010071076,0.026485678
23849,0.96514666,0.014458855,0.02039448
23850,0.983296,0.0028108805,0.01389311
23851,0.055658456,0.012427931,0.93191355
23852,0.9614628,0.0039891046,0.034548137
23853,0.84118366,0.015460878,0.14335547
23854,0.59315515,0.006350724,0.40049407
23855,0.014818959,0.002484267,0.9826968
23856,0.5866736,0.008383332,0.40494308
23857,0.6572049,0.021227026,0.32156804
23858,0.97925353,0.004469513,0.01627695
23859,0.9570745,0.0042163497,0.03870909
23860,0.9771374,0.0036913245,0.019171331
23861,0.98503834,0.00042988834,0.014531774
23862,0.64209914,0.034241024,0.32365984
23863,0.08216339,0.0013949798,0.9164416
23864,0.4645357,0.22234216,0.31312218
23865,0.38292092,0.020776901,0.59630215
23866,0.85484356,0.0018554052,0.14330108
23867,0.9753904,0.004716781,0.01989282
23868,0.1892441,0.0015205892,0.80923533
23869,0.94633406,0.00215064,0.051515337
23870,0.9696684,0.011587068,0.018744513
23871,0.17058,0.052587554,0.77683246
23872,0.97163343,0.021833785,0.006532816
23873,0.9679588,0.010843487,0.02119767
23874,0.32480854,0.03682975,0.63836175
23875,0.89352715,0.0026364066,0.10383647
23876,0.9801032,0.00859002,0.011306843
23877,0.9838743,0.0013574319,0.014768223
23878,0.9352059,0.027902082,0.036892023
23879,0.77498734,0.12962312,0.09538957
23880,0.0079071475,0.00049304997,0.9915998
23881,0.9641566,0.006752906,0.029090513
23882,0.8391329,0.0085354345,0.15233165
23883,0.98069245,0.0010903921,0.018217199
23884,0.38603154,0.015651517,0.5983169
23885,0.9513243,0.0002912693,0.048384473
23886,0.98078555,0.0052847583,0.013929706
23887,0.9315339,0.0025846788,0.06588147
23888,0.8154121,0.0032466508,0.18134128
23889,0.9855268,0.0011615903,0.013311591
23890,0.89133227,0.003089146,0.10557857
23891,0.86070436,0.02767879,0.11161685
23892,0.8686747,0.003003067,0.12832227
23893,0.16458192,0.11988252,0.7155355
23894,0.00085155317,3.8382415e-05,0.99911004
23895,0.15459318,0.00043709044,0.84496975
23896,0.002402403,1.7525907e-05,0.99758005
23897,0.9829202,0.0020533502,0.0150263775
23898,0.08376599,0.0137664275,0.9024676
23899,0.9801593,0.0021813537,0.01765938
23900,0.23721717,0.013171201,0.7496116
23901,0.72354513,0.070090316,0.20636454
23902,0.96367073,0.012518817,0.023810493
23903,0.81074953,0.0072466517,0.18200378
23904,0.85157734,0.007994344,0.14042829
23905,0.9010864,0.0020797055,0.09683394
23906,0.3477506,0.11979011,0.53245926
23907,0.9578454,0.0010881892,0.041066423
23908,0.87230563,0.014625487,0.113068916
23909,0.9845244,0.000808764,0.014666747
23910,0.78457236,0.016686697,0.19874091
23911,0.7779508,0.012355672,0.2096935
23912,0.77010393,0.03735114,0.19254497
23913,0.7447845,0.0040996345,0.2511159
23914,0.96666646,0.0008614263,0.032472033
23915,0.9160608,0.008041993,0.07589716
23916,0.85438585,0.0025993707,0.1430148
23917,0.9803771,0.004103734,0.015519207
23918,0.95380217,0.012311187,0.03388661
23919,0.7222213,0.010294332,0.2674843
23920,0.9799759,0.0012128565,0.0188113
23921,0.6503106,0.027531786,0.32215762
23922,0.51476926,0.019900383,0.46533036
23923,0.96289086,0.011080803,0.026028287
23924,0.19356422,0.33778763,0.4686482
23925,0.9092705,0.009159768,0.08156968
23926,0.6809127,0.020021606,0.29906574
23927,0.97153014,0.0034432022,0.025026638
23928,0.017833196,0.028308885,0.9538579
23929,0.017405316,9.698508e-05,0.98249775
23930,0.9137593,0.005047439,0.08119328
23931,0.7652571,0.0068778847,0.22786498
23932,0.7165995,0.0067957854,0.27660468
23933,0.74195224,0.0006125661,0.2574352
23934,0.6443155,0.014126485,0.341558
23935,0.95553553,0.0028019417,0.041662596
23936,0.91269857,0.02137752,0.065923944
23937,0.84899414,0.0036982854,0.14730757
23938,0.98552865,0.00079236773,0.013678991
23939,0.24172035,0.0121386815,0.746141
23940,0.93266064,0.007256651,0.060082775
23941,0.9168629,0.010858245,0.07227887
23942,0.89931315,0.019822648,0.08086423
23943,0.9071661,0.0043409653,0.08849294
23944,0.9231363,0.042725097,0.034138605
23945,0.54854923,0.085051656,0.3663991
23946,0.110865384,0.31903237,0.5701022
23947,0.97636783,0.00050307275,0.023129012
23948,0.21522607,0.029335689,0.75543827
23949,0.9570397,0.0018334392,0.04112682
23950,0.9608486,0.00019334831,0.03895809
23951,0.38307178,0.015528088,0.6014002
23952,0.92206734,0.030509757,0.047422964
23953,0.03790929,0.25429115,0.7077996
23954,0.9225551,0.010751296,0.06669362
23955,0.8697139,0.010514134,0.11977196
23956,0.9126504,0.0108327,0.076516934
23957,0.003402015,0.005102363,0.9914956
23958,0.98965,0.006280141,0.0040698242
23959,0.9789612,7.228533e-05,0.020966468
23960,0.60919255,0.014554699,0.3762528
23961,0.25472668,0.0039363364,0.741337
23962,0.027840042,0.010556914,0.9616031
23963,0.8601226,0.01725464,0.12262275
23964,0.17863059,0.002020695,0.81934875
23965,0.6673458,0.0049492293,0.3277049
23966,0.00528525,0.0025340389,0.9921807
23967,0.64910865,0.005780087,0.3451113
23968,0.9838537,0.0036109276,0.012535421
23969,0.018905882,0.001619313,0.9794748
23970,0.9987043,0.00034535414,0.0009502626
23971,0.0058736615,0.0090391245,0.9850873
23972,0.9327584,0.004634922,0.062606625
23973,0.088214196,0.0016291124,0.9101567
23974,0.03367161,0.0012283637,0.96510005
23975,0.35479712,0.062035255,0.5831676
23976,0.39666778,0.0011456413,0.60218656
23977,0.9672769,0.0031982327,0.029524904
23978,0.98177755,0.010034631,0.008187809
23979,0.93769306,0.014328278,0.047978632
23980,0.040757544,0.024001358,0.93524116
23981,0.8968558,0.0551483,0.047995925
23982,0.75075704,0.0020018953,0.24724105
23983,0.031127183,0.00035748794,0.9685154
23984,0.8722167,0.021001626,0.10678165
23985,0.013473364,0.063604765,0.9229219
23986,0.03426688,0.011525863,0.9542073
23987,0.9841195,0.0042700954,0.011610445
23988,0.9908879,5.7494617e-05,0.009054641
23989,0.9701885,0.00057717937,0.029234344
23990,0.91826624,0.027269958,0.05446386
23991,0.041154485,0.0027843537,0.9560612
23992,0.9781279,0.0046432414,0.017228879
23993,0.8322702,0.06088752,0.10684223
23994,0.9714543,0.00886095,0.01968474
23995,0.95397234,0.0031401117,0.04288759
23996,0.93056947,0.0041983067,0.0652323
23997,0.94079375,0.03586497,0.023341263
23998,0.9610264,0.0026099707,0.036363624
23999,0.48069087,0.007889386,0.5114198
24000,0.0833042,0.016223112,0.9004727
24001,0.9314769,0.01979737,0.048725765
24002,0.4921968,0.0007782156,0.50702494
24003,0.6693361,0.0025769128,0.32808703
24004,0.083367944,0.0006529385,0.9159791
24005,0.006242089,2.5873624e-05,0.99373204
24006,0.92245233,0.012991999,0.064555734
24007,0.87180656,0.0041463543,0.124047115
24008,0.88395816,0.010383498,0.105658405
24009,0.88540167,0.053249914,0.06134844
24010,0.9622716,0.0055991504,0.03212928
24011,0.9776028,0.00250765,0.019889617
24012,0.9537319,0.0028952952,0.043372806
24013,0.90902853,0.0039848974,0.08698653
24014,0.94269675,0.013262048,0.04404119
24015,0.976581,0.00067250995,0.022746528
24016,0.27846706,0.0017082273,0.7198247
24017,0.98550004,0.0036509815,0.010849017
24018,0.94459766,0.013952647,0.04144975
24019,0.9557965,0.00043660318,0.043766882
24020,0.5407315,0.0015458728,0.45772266
24021,0.9915501,0.0010314997,0.007418449
24022,0.95943433,0.0013011858,0.039264485
24023,0.76080704,0.0034755813,0.2357174
24024,0.34386247,0.0047135917,0.65142393
24025,0.5125658,0.083771884,0.40366232
24026,0.89839077,0.004392028,0.097217165
24027,0.167541,0.0014355804,0.8310234
24028,0.9941267,0.0007973525,0.005075943
24029,0.52728957,0.014584079,0.4581264
24030,0.86541957,0.0010182658,0.13356212
24031,0.9399284,0.0039215237,0.05615007
24032,0.52992564,0.025967348,0.444107
24033,0.38655186,0.005899496,0.60754865
24034,0.986605,0.0023889972,0.011006006
24035,0.39697173,0.0024649312,0.60056335
24036,0.03704658,0.00970788,0.9532455
24037,0.8565391,0.008395997,0.1350649
24038,0.07069582,0.0018267945,0.92747736
24039,0.99361694,0.0033207189,0.0030623113
24040,0.87971264,0.005387934,0.11489941
24041,0.7434316,0.104594015,0.15197437
24042,0.29436004,0.01085282,0.69478714
24043,0.9493067,0.02934732,0.02134596
24044,0.9352206,0.0058980216,0.05888135
24045,0.0068777953,0.00016420704,0.99295795
24046,0.0009847574,0.00014318145,0.998872
24047,0.6146,0.023451857,0.36194816
24048,0.49897358,0.02741055,0.47361585
24049,0.977097,0.002995109,0.019907909
24050,0.01435773,0.001486938,0.9841553
24051,0.5738746,0.007520923,0.41860446
24052,0.98126525,0.015062626,0.0036721688
24053,0.8158709,0.062036153,0.122093
24054,0.9900357,0.0010753721,0.008888886
24055,0.5631099,0.0023796365,0.43451053
24056,0.9670318,0.00039846447,0.032569733
24057,0.51864755,0.013232147,0.4681203
24058,0.2529377,0.7256685,0.021393811
24059,0.9642897,0.005026163,0.030684112
24060,0.012070497,7.1592985e-05,0.98785794
24061,0.047513638,0.0011021593,0.95138425
24062,0.83239806,0.01265406,0.15494786
24063,0.6899692,0.18738092,0.12264989
24064,0.98669004,0.006321769,0.006988114
24065,0.98161304,0.0006918907,0.017695012
24066,0.9614545,0.0059436294,0.03260186
24067,0.9865687,0.0008218587,0.012609437
24068,0.16980423,0.00075021357,0.8294456
24069,0.001372433,0.003159397,0.99546814
24070,0.9448531,0.0028854394,0.052261464
24071,0.091560006,0.04625147,0.8621885
24072,0.0126836775,0.0061459355,0.98117036
24073,0.6102626,0.010037458,0.3797
24074,0.8531566,0.014791822,0.13205151
24075,0.87801075,0.019892268,0.102096975
24076,0.78378737,0.002916054,0.21329662
24077,0.5963466,0.00083732774,0.4028161
24078,0.71286243,0.008014877,0.27912265
24079,0.8996726,0.0034327563,0.09689463
24080,0.4330513,0.05013566,0.51681304
24081,0.9206451,0.0070187156,0.07233621
24082,0.97443104,0.0063486607,0.019220257
24083,0.9851955,0.010512184,0.0042922976
24084,0.81927776,0.016011547,0.16471067
24085,0.97671324,0.0012307997,0.022055933
24086,0.95879066,0.0020581111,0.039151274
24087,0.91746646,0.019584328,0.06294923
24088,0.9715225,0.0026831771,0.025794322
24089,0.87630945,0.0062572355,0.11743334
24090,0.9842679,0.0007261977,0.015005981
24091,0.978366,0.00065610727,0.020977909
24092,0.7896625,0.0066481656,0.20368937
24093,0.006763223,0.00058372674,0.992653
24094,0.9703128,0.0020479816,0.027639251
24095,0.4304658,0.047580823,0.5219534
24096,0.9670547,0.00526929,0.027675947
24097,0.7944479,0.1568312,0.04872086
24098,0.99590343,0.00038659692,0.0037099945
24099,0.015186812,0.0056679226,0.9791453
24100,0.9156962,0.009466475,0.07483728
24101,0.103774704,0.03270214,0.8635232
24102,0.9642887,0.0044382075,0.031273104
24103,0.876243,0.004468257,0.1192888
24104,0.8521059,0.0014499745,0.14644413
24105,0.96700436,0.003648493,0.029347144
24106,0.9511333,0.0041306694,0.04473599
24107,0.7602007,0.077455916,0.16234341
24108,0.99103874,0.00073911,0.008222157
24109,0.015107762,0.0024294918,0.98246276
24110,0.9504895,0.015226262,0.034284182
24111,0.76843435,0.13504481,0.09652084
24112,0.97791034,0.0051984764,0.016891193
24113,0.6340163,0.22342938,0.14255434
24114,0.7666359,0.013170882,0.2201932
24115,0.94555205,0.003853963,0.050593957
24116,0.5371506,0.0139701,0.44887927
24117,0.9286757,0.0038352103,0.06748908
24118,0.9023323,0.0075564575,0.09011124
24119,0.95464504,0.003210754,0.042144254
24120,0.030597163,0.00018287128,0.9692199
24121,0.010766185,0.0012029037,0.98803097
24122,0.9185367,0.009839486,0.07162383
24123,0.90384763,0.03754602,0.058606394
24124,0.15731025,0.023018412,0.81967133
24125,0.87414396,0.02449793,0.101358086
24126,0.9860866,0.003616973,0.01029647
24127,0.9274691,0.00075421174,0.07177674
24128,0.92335814,0.008634348,0.068007514
24129,0.88447756,0.042673152,0.07284932
24130,0.72993857,0.0070401244,0.2630213
24131,0.053940292,0.0019645367,0.9440952
24132,0.9322052,0.0003011882,0.06749363
24133,0.08104422,0.056677423,0.8622784
24134,0.9923109,0.0006509536,0.007038138
24135,0.9549125,0.0026292494,0.04245824
24136,0.6785393,0.0066114035,0.31484935
24137,0.98027796,0.006992044,0.012729998
24138,0.3238741,0.49942845,0.17669745
24139,0.23553906,0.00942461,0.7550363
24140,0.27031544,0.06144616,0.6682384
24141,0.29122806,0.008908933,0.69986296
24142,0.028529014,0.0019629037,0.9695081
24143,0.58634555,0.015680986,0.39797345
24144,0.79939765,0.050380714,0.15022166
24145,0.94087553,0.049986728,0.009137781
24146,0.82974786,0.05613288,0.11411929
24147,0.9909943,0.0020027673,0.007002916
24148,0.9793705,0.007404784,0.013224698
24149,0.80731434,0.026911926,0.16577372
24150,0.027374066,0.0020782454,0.97054774
24151,0.9792494,0.005158884,0.015591664
24152,0.9182849,0.018592307,0.06312273
24153,0.9858883,0.0010443347,0.0130674
24154,0.9954066,0.00044396776,0.004149369
24155,0.9737433,0.0019394141,0.024317276
24156,0.007893565,0.00020192053,0.9919045
24157,0.5963038,0.025701597,0.37799454
24158,0.014178721,0.0017397773,0.9840815
24159,0.7445403,0.0025355332,0.2529242
24160,0.93535274,0.008292299,0.056354932
24161,0.8886476,0.010870056,0.10048228
24162,0.9460638,0.004247931,0.049688227
24163,0.36817908,0.0065798936,0.62524104
24164,0.62009406,0.002704718,0.37720123
24165,0.5164234,0.010698472,0.47287813
24166,0.98533744,0.000427539,0.014235089
24167,0.9887988,0.0016840738,0.009517196
24168,0.022018118,0.0048274067,0.9731545
24169,0.98743594,0.00016014831,0.012403903
24170,0.9067495,0.048077784,0.045172695
24171,0.007442635,0.0002405357,0.99231684
24172,0.9877187,0.0005902329,0.011691081
24173,0.9810066,0.0017216486,0.017271742
24174,0.97543913,0.0024868965,0.022073893
24175,0.522476,0.012128969,0.46539503
24176,0.5900114,0.11841628,0.2915723
24177,0.74963194,0.0057225665,0.24464548
24178,0.71617985,0.060460687,0.2233595
24179,0.7561481,0.010962054,0.23288983
24180,0.5142994,0.0024461856,0.48325437
24181,0.8385597,0.11819833,0.04324199
24182,0.2424249,0.002842471,0.75473267
24183,0.6505617,0.0021132028,0.34732506
24184,0.028040146,0.03408186,0.937878
24185,0.98461413,0.0019481875,0.0134376865
24186,0.9755391,0.0014119168,0.023048991
24187,0.15605989,0.12515937,0.7187807
24188,0.97987777,0.00080205454,0.01932024
24189,0.94896924,0.0075588063,0.043472
24190,0.99306375,0.0001881903,0.0067480206
24191,0.9788584,0.0019733873,0.019168181
24192,0.9217671,0.012816748,0.06541616
24193,0.09982178,0.007743563,0.89243466
24194,0.8319629,0.0077162017,0.16032085
24195,0.9752939,0.0022339914,0.022472119
24196,0.9234353,0.0030371759,0.07352758
24197,0.9603481,0.0015187676,0.03813309
24198,0.18092372,0.0040350524,0.81504124
24199,0.99596715,0.0005476341,0.0034852093
24200,0.95884776,0.0052381367,0.035914097
24201,0.010161318,0.00061536423,0.98922336
24202,0.94236284,0.031145135,0.026492009
24203,0.1847935,0.018487487,0.796719
24204,0.6870998,0.04052669,0.2723735
24205,0.9153051,0.00305749,0.08163745
24206,0.7831085,0.019630406,0.19726108
24207,0.01797741,0.002590398,0.9794322
24208,0.47597557,0.005599808,0.51842463
24209,0.023502529,0.02577288,0.9507246
24210,0.9667557,0.0017653997,0.031478934
24211,0.98647946,0.00045203484,0.013068486
24212,0.5631694,0.014626107,0.4222045
24213,0.96007365,0.023209644,0.016716737
24214,0.63024515,0.171825,0.19792984
24215,0.97133416,0.007297115,0.021368673
24216,0.9288606,0.0015595176,0.06957982
24217,0.001530371,5.97026e-05,0.99840987
24218,0.009605489,0.0017654203,0.9886291
24219,0.9596237,0.0064466647,0.03392963
24220,0.19682524,0.025642926,0.77753186
24221,0.54902184,0.02417465,0.42680347
24222,0.33326697,0.03560533,0.6311277
24223,0.7955394,0.005927754,0.1985329
24224,0.9387728,0.01049156,0.05073566
24225,0.989052,0.0013290041,0.009618931
24226,0.907679,0.010998487,0.08132249
24227,0.94984627,0.0019524822,0.048201304
24228,0.89453125,0.010427655,0.0950411
24229,0.55405307,0.0053544026,0.44059253
24230,0.8278494,0.01855257,0.15359804
24231,0.96052164,0.0026782593,0.036800157
24232,0.8381699,0.0046206275,0.15720949
24233,0.815571,0.015156651,0.16927236
24234,0.6594462,0.003669732,0.33688402
24235,0.029315177,0.0012786164,0.9694062
24236,0.38174284,0.12767823,0.49057898
24237,0.67637473,0.16447173,0.15915355
24238,0.94791734,0.008291052,0.04379154
24239,0.99582076,0.0013556703,0.0028235943
24240,0.9116872,0.009375956,0.07893682
24241,0.74478835,0.07774892,0.17746268
24242,0.8983224,0.002630302,0.0990473
24243,0.8906995,0.0061521446,0.10314834
24244,0.16603822,0.0023787147,0.83158314
24245,0.21650161,0.004840203,0.7786582
24246,0.49063033,0.008252395,0.5011173
24247,0.93505734,0.0036911569,0.061251514
24248,0.34951857,0.043226913,0.6072545
24249,0.29199496,0.016702289,0.6913027
24250,0.06710689,0.013715043,0.919178
24251,0.9537678,0.019574933,0.026657272
24252,0.9590102,0.003940224,0.03704953
24253,0.8911695,0.008571466,0.10025906
24254,0.68829066,0.002886956,0.30882233
24255,0.11505646,0.0015714945,0.88337207
24256,0.985823,0.002099943,0.0120770745
24257,0.95502484,0.022178067,0.022797046
24258,0.4805595,0.093847856,0.42559266
24259,0.9558386,0.006417429,0.037743963
24260,0.2710845,0.0006141752,0.7283013
24261,0.9474019,0.0043878513,0.04821026
24262,0.9810137,0.012789425,0.0061968453
24263,0.9766234,0.00021987817,0.023156777
24264,0.39341134,0.05445274,0.5521359
24265,0.9638545,0.0002639016,0.03588154
24266,0.62403786,0.08899395,0.28696823
24267,0.9404916,0.013791864,0.045716546
24268,0.98158574,0.0020803972,0.016333906
24269,0.073220365,0.0029719647,0.9238077
24270,0.96002346,0.009050231,0.030926324
24271,0.8289269,0.04234003,0.128733
24272,0.13121803,0.020690018,0.84809196
24273,0.0056137955,8.449157e-05,0.9943017
24274,0.95679986,0.009253885,0.033946235
24275,0.88670737,0.0039548026,0.109337844
24276,0.9770016,0.00016531434,0.022833034
24277,0.02216512,0.027203104,0.9506318
24278,0.99370664,0.0024503577,0.0038430314
24279,0.9398675,0.006082818,0.054049686
24280,0.8128025,0.0068452368,0.18035223
24281,0.05073852,0.002631558,0.9466299
24282,0.96021104,0.0022405076,0.037548453
24283,0.99146384,0.0013031439,0.00723297
24284,0.46506727,0.08581341,0.44911936
24285,0.9525619,0.001015413,0.04642271
24286,0.971125,0.0020360642,0.026838947
24287,0.90137017,0.049124233,0.04950558
24288,0.6652486,0.0035672393,0.33118424
24289,0.74662966,0.04347772,0.20989259
24290,0.1393546,0.5806992,0.27994618
24291,0.75989276,0.035634812,0.20447242
24292,0.005264641,0.0011237527,0.99361163
24293,0.9414137,0.006610036,0.051976305
24294,0.000848102,7.788145e-05,0.999074
24295,0.97367215,0.0031350423,0.023192829
24296,0.9938506,0.0025694051,0.0035800256
24297,0.98010445,0.0018609979,0.018034577
24298,0.6062875,0.0052186972,0.38849384
24299,0.99739146,8.0863705e-05,0.0025276453
24300,0.032969132,0.0039349115,0.96309596
24301,0.6059258,0.017524494,0.3765497
24302,0.76777226,0.11159762,0.12063014
24303,0.8408377,0.016231224,0.14293104
24304,0.06532264,0.09779816,0.83687925
24305,0.77332056,0.016603127,0.2100763
24306,0.8568389,0.011515982,0.13164508
24307,0.8711878,0.101041384,0.027770817
24308,0.9143818,0.009042712,0.07657549
24309,0.1482989,0.0023545015,0.8493466
24310,0.6673693,0.0070054517,0.32562524
24311,0.9084771,0.0009892074,0.090533644
24312,0.9162098,0.033589713,0.050200444
24313,0.9783725,0.0058882576,0.01573927
24314,0.38380975,0.0037792602,0.612411
24315,0.26132056,0.004873052,0.73380643
24316,0.95097506,0.025485964,0.023538938
24317,0.88101083,0.00083516573,0.11815399
24318,0.8322722,0.0051083253,0.16261952
24319,0.44641873,0.027528254,0.526053
24320,0.93686336,0.009216726,0.05391987
24321,0.02434925,0.00047993087,0.97517085
24322,0.9788086,0.00077104283,0.02042035
24323,0.974176,0.004156438,0.021667624
24324,0.68913406,0.27994892,0.03091699
24325,0.3523909,0.05495688,0.5926522
24326,0.019068953,0.00013848601,0.9807926
24327,0.9269011,0.0027471879,0.07035173
24328,0.9833277,0.003922703,0.012749688
24329,0.91321075,0.0054089925,0.08138028
24330,0.9899302,0.0009784572,0.00909136
24331,0.15351035,0.0050939433,0.84139574
24332,0.9956534,0.0019735221,0.0023730658
24333,0.9166344,0.001384637,0.08198101
24334,0.01221262,0.038926184,0.94886124
24335,0.59458405,0.030705586,0.37471035
24336,0.8616294,0.014176729,0.12419385
24337,0.853925,0.0067615476,0.13931346
24338,0.29425558,0.0011704387,0.7045739
24339,0.30232358,0.01172977,0.6859467
24340,0.39344746,0.028225577,0.57832694
24341,0.7923498,0.13512626,0.072523914
24342,0.49026904,0.02092697,0.48880404
24343,0.20568492,0.016808324,0.7775067
24344,0.5940511,0.1323544,0.2735945
24345,0.9398178,0.0028871845,0.057295054
24346,0.35484317,0.008026746,0.6371301
24347,0.95256406,0.005339037,0.04209685
24348,0.54300183,0.014769626,0.4422286
24349,0.94826627,0.0036040212,0.048129715
24350,0.98811483,0.0006301208,0.011254999
24351,0.9439473,0.004760071,0.05129256
24352,0.87804496,0.001134613,0.12082042
24353,0.07524485,0.012605693,0.9121494
24354,0.93041855,0.01674854,0.052832913
24355,0.9849006,0.0014942444,0.013605153
24356,0.9882366,0.0011289896,0.010634422
24357,0.99314076,7.476456e-05,0.006784516
24358,0.99299836,0.0029876127,0.0040139663
24359,0.18702276,0.0009017392,0.81207556
24360,0.9206453,0.0024014886,0.076953225
24361,0.9565725,0.0005270444,0.04290047
24362,0.868647,0.00038365883,0.13096942
24363,0.024372611,0.0085882535,0.9670391
24364,0.6314325,0.00780763,0.36075988
24365,0.99127746,0.0018019546,0.0069206106
24366,0.33582035,0.26911795,0.39506164
24367,0.9882826,0.0011204252,0.010597003
24368,0.009084759,0.0011897887,0.9897254
24369,0.018013202,0.24133211,0.7406547
24370,0.93519753,0.013833191,0.050969206
24371,0.666266,0.015244692,0.31848928
24372,0.9678252,0.0020870012,0.030087804
24373,0.16552825,0.00067223236,0.8337995
24374,0.9978835,0.0005888613,0.0015276545
24375,0.95857155,0.0051277815,0.036300655
24376,0.9504989,0.02522881,0.024272267
24377,0.98590034,0.0013363569,0.012763334
24378,0.9202008,0.008072337,0.07172676
24379,0.19737096,0.0038027295,0.79882634
24380,0.8777636,0.007621162,0.1146152
24381,0.95694643,0.000981342,0.042072214
24382,0.7985857,0.002740966,0.19867326
24383,0.9866398,0.00030322984,0.013056986
24384,0.65793824,0.0035067587,0.33855498
24385,0.6826691,0.16828777,0.14904311
24386,0.01011146,0.0069850767,0.9829034
24387,0.8502388,0.0018170697,0.14794412
24388,0.9804365,0.0044924524,0.015071076
24389,0.94890773,0.024973752,0.02611859
24390,0.90662074,0.0070387437,0.08634056
24391,0.93172044,0.0041576647,0.064121865
24392,0.030538918,0.008412824,0.9610483
24393,0.9713364,0.011851273,0.016812256
24394,0.95138025,0.011028455,0.03759132
24395,0.97459644,0.0010635261,0.024340073
24396,0.59409416,0.0019960112,0.4039098
24397,0.57590413,0.26439434,0.15970151
24398,0.9095296,0.0074825385,0.0829879
24399,0.0027525285,3.9951432e-05,0.99720746
24400,0.98070955,0.0032883284,0.016002087
24401,0.96842873,0.0044713477,0.02709988
24402,0.9954401,0.0008906994,0.0036691385
24403,0.98686814,0.00998311,0.0031487197
24404,0.99299496,0.002556553,0.004448478
24405,0.94183767,0.0070699924,0.05109237
24406,0.9735972,0.0014986224,0.024904145
24407,0.308375,0.39766383,0.29396114
24408,0.97597337,0.0027924713,0.021234129
24409,0.49857476,0.025561253,0.47586402
24410,0.97374153,0.002127423,0.024131002
24411,0.976646,0.00072399835,0.022629952
24412,0.0029186097,0.005766571,0.9913148
24413,0.18774118,0.0070022307,0.80525655
24414,0.93989277,0.005783938,0.054323256
24415,0.9792306,0.00086981134,0.019899597
24416,0.9310549,0.006558268,0.06238681
24417,0.9832707,0.0074916654,0.009237652
24418,0.97241706,0.0016203665,0.025962582
24419,0.89290124,0.00042565484,0.10667308
24420,0.96892136,0.0071729347,0.023905672
24421,0.92848474,0.00558635,0.065928966
24422,0.80651116,0.012811402,0.18067744
24423,0.5039364,0.023915388,0.47214818
24424,0.11712098,0.03647884,0.8464002
24425,0.33118215,0.011074949,0.65774286
24426,0.117010206,0.008854328,0.8741355
24427,0.70208585,0.001565578,0.29634854
24428,0.89818984,0.006963832,0.094846286
24429,0.0009109704,0.0006382918,0.99845076
24430,0.996058,0.0015219104,0.0024200862
24431,0.902615,0.00088426203,0.096500695
24432,0.82854027,0.008144508,0.16331527
24433,0.971973,0.0015656708,0.026461383
24434,0.99613684,0.0005489155,0.0033142725
24435,0.8783216,0.048561484,0.07311693
24436,0.97075486,0.014579101,0.014666091
24437,0.6385535,0.019479819,0.3419667
24438,0.7234103,0.029380126,0.2472096
24439,0.9232172,0.0038704379,0.0729124
24440,0.3876423,0.026308138,0.58604956
24441,0.017128743,0.0011811233,0.9816901
24442,0.006365898,5.2183852e-05,0.9935819
24443,0.88111514,0.004313032,0.11457185
24444,0.9526279,0.0015016325,0.045870487
24445,0.8466758,0.040329013,0.11299523
24446,0.94411,0.0053515965,0.050538458
24447,0.21302299,0.73219115,0.054785814
24448,0.7232792,0.009357112,0.2673637
24449,0.96754795,0.0070401486,0.02541184
24450,0.9406148,0.0036346905,0.055750526
24451,0.9542261,0.020840576,0.02493338
24452,0.98059434,0.0035895868,0.015816128
24453,0.9394808,0.0052343016,0.055284873
24454,0.94753534,0.005950626,0.046513993
24455,0.9737631,0.00095847744,0.025278445
24456,0.62947106,0.017990414,0.35253847
24457,0.9465684,0.015306451,0.038125057
24458,0.97421545,0.013630996,0.012153578
24459,0.9570989,0.00019780152,0.042703297
24460,0.86788774,0.03863119,0.09348107
24461,0.029343693,0.03796407,0.9326922
24462,0.9590237,0.0033504767,0.037625846
24463,0.5388926,0.012528995,0.44857836
24464,0.947391,0.0023591109,0.05024994
24465,0.9471177,0.0007771346,0.052105136
24466,0.04752066,0.008542903,0.9439364
24467,0.7892109,0.005654896,0.2051342
24468,0.7126241,0.0014476539,0.28592825
24469,0.90463775,0.004482255,0.090880044
24470,0.885542,0.044687673,0.06977037
24471,0.53035986,0.013926359,0.45571378
24472,0.80025554,0.00030607797,0.19943845
24473,0.9235277,0.0029011269,0.07357122
24474,0.8068943,0.03175737,0.16134828
24475,0.9331337,0.00472973,0.06213659
24476,0.97114706,0.00057854026,0.028274452
24477,0.9795735,0.009830235,0.01059626
24478,0.18071488,0.016105713,0.8031794
24479,0.95905995,0.007398644,0.03354143
24480,0.85907745,0.016089804,0.12483269
24481,0.12469334,0.0014796598,0.873827
24482,0.8216702,0.004124841,0.17420502
24483,0.4206132,0.046653982,0.5327328
24484,0.9254813,0.005242978,0.06927572
24485,0.9795939,0.0012167604,0.019189404
24486,0.6701345,0.0070920065,0.32277355
24487,0.93436277,0.024779802,0.0408574
24488,0.7724161,0.008781378,0.2188025
24489,0.09760655,0.008596723,0.89379674
24490,0.9127785,0.008357567,0.07886391
24491,0.23071326,0.021033246,0.74825346
24492,0.13662289,0.0047319727,0.8586451
24493,0.66492176,0.0048127626,0.33026546
24494,0.92983824,0.05879368,0.0113680875
24495,0.7999542,0.0028055734,0.19724031
24496,0.057445977,0.043056022,0.89949805
24497,0.4304374,0.0017753701,0.56778723
24498,0.14451098,0.00094705203,0.854542
24499,0.6616929,0.050756354,0.28755075
24500,0.6603744,0.0032872101,0.3363384
24501,0.7976761,0.0013458299,0.20097815
24502,0.8350839,0.0035761574,0.16133995
24503,0.9951716,0.002706492,0.0021219223
24504,0.4410323,0.0075460123,0.55142164
24505,0.46944556,0.0154816825,0.51507276
24506,0.9888813,0.0006050262,0.010513704
24507,0.016831143,1.2724066e-06,0.9831676
24508,0.8077346,0.0013607013,0.1909047
24509,0.02108002,0.008888828,0.97003114
24510,0.061282452,0.03675702,0.9019605
24511,0.89571,0.0042603975,0.10002964
24512,0.87510985,0.01912432,0.10576583
24513,0.6674302,0.01125356,0.32131624
24514,0.716737,0.005057822,0.2782052
24515,0.01687102,0.0012216292,0.9819073
24516,0.024364805,0.070150115,0.90548515
24517,0.13363412,0.43076736,0.43559855
24518,0.71168524,0.062390633,0.22592412
24519,0.8300513,0.030833786,0.13911495
24520,0.9511442,0.03838362,0.010472184
24521,0.05259183,0.005162244,0.9422459
24522,0.79511386,0.04011076,0.16477536
24523,0.10492159,0.0019673547,0.89311105
24524,0.8330428,0.004574721,0.16238245
24525,0.8690953,0.009568102,0.12133656
24526,0.020358572,0.00060586864,0.9790356
24527,0.894143,0.08840675,0.017450308
24528,0.9636801,0.00416362,0.032156277
24529,0.03941036,0.0008419177,0.95974773
24530,0.002001189,5.7376015e-05,0.99794143
24531,0.50277936,0.11168806,0.38553256
24532,0.78553784,0.01159431,0.20286779
24533,0.031217232,0.00209487,0.96668786
24534,0.90413004,0.018270243,0.07759969
24535,0.9774759,0.010115393,0.012408748
24536,0.01448749,0.002504845,0.98300767
24537,0.34558573,0.09252775,0.56188655
24538,0.6455269,0.12532221,0.22915097
24539,0.90289843,0.002130711,0.09497089
24540,0.6007392,0.021462658,0.3777982
24541,0.4478657,0.0010592568,0.55107504
24542,0.10201401,0.029177122,0.8688089
24543,0.0005436318,1.954822e-05,0.9994368
24544,0.9892502,0.0035583246,0.007191531
24545,0.8154704,0.006928256,0.17760131
24546,0.9039609,0.011629131,0.08440993
24547,0.019932576,0.0004629546,0.9796045
24548,0.38224977,0.052542806,0.5652074
24549,0.9397457,0.0001849487,0.06006934
24550,0.6655729,0.00060040195,0.33382666
24551,0.9460855,0.010834967,0.043079574
24552,0.023265263,0.00806675,0.96866804
24553,0.8574655,0.00055056904,0.14198396
24554,0.85230714,0.021519283,0.12617359
24555,0.9737143,0.003302741,0.022982989
24556,0.9655408,0.0011351409,0.03332401
24557,0.0051365723,0.0071637714,0.9876996
24558,0.91551137,0.008064286,0.076424345
24559,0.95855916,0.007823106,0.033617716
24560,0.9388695,0.00046777067,0.060662773
24561,0.9647293,0.0057539055,0.02951673
24562,0.23459996,0.13683708,0.6285629
24563,0.9092346,0.0013787767,0.08938663
24564,0.8850496,0.0034137534,0.11153664
24565,0.89810425,0.012273732,0.089622
24566,0.9495175,0.004178871,0.046303663
24567,0.84554297,0.0052275127,0.14922951
24568,0.40633863,0.5641335,0.029527854
24569,0.013432447,0.0007357033,0.98583186
24570,0.44289416,0.008352574,0.54875326
24571,0.66048825,0.0989577,0.2405541
24572,0.032652497,0.0046830773,0.9626644
24573,0.11886227,0.0005400759,0.8805977
24574,0.0031147695,0.00014041841,0.99674475
24575,0.96671873,0.0030130432,0.03026821
24576,0.9763157,0.0015747877,0.022109458
24577,0.9317321,0.0033447037,0.064923145
24578,0.78058815,0.02128146,0.19813038
24579,0.9639892,0.015868686,0.020142147
24580,0.85394734,0.044404566,0.101648144
24581,0.81855214,0.0047976677,0.17665026
24582,0.6070381,0.084808454,0.30815348
24583,0.99607974,0.0002973994,0.0036228988
24584,0.9119421,0.021472681,0.06658517
24585,0.9381312,0.0066235866,0.05524522
24586,0.8636933,0.013850797,0.12245597
24587,0.99062425,0.0027248324,0.0066508944
24588,0.91489506,0.0031340804,0.0819708
24589,0.9231967,0.0025414797,0.07426189
24590,0.89432436,0.007332564,0.09834302
24591,0.8304367,0.057256293,0.112306975
24592,0.9301012,0.019411279,0.05048753
24593,0.017523633,0.00032724565,0.98214906
24594,0.62325567,0.016011499,0.36073285
24595,0.53232515,0.0026444106,0.46503043
24596,0.7489532,0.063167155,0.18787965
24597,0.9740234,0.0038331908,0.02214346
24598,0.07105304,0.00501344,0.92393357
24599,0.17883033,0.0033962952,0.81777334
24600,0.86841,0.07857208,0.053017866
24601,0.91864324,0.0018487372,0.07950808
24602,0.00087608886,0.008322668,0.9908013
24603,0.15938744,0.0025509624,0.83806163
24604,0.96398866,0.013644528,0.022366805
24605,0.99299216,6.68912e-05,0.006940964
24606,0.024927232,0.0015355911,0.9735372
24607,0.60814714,0.0009847714,0.39086807
24608,0.030824035,0.0021279093,0.96704805
24609,0.9739078,0.00013803026,0.02595418
24610,0.4966703,0.0017661294,0.5015636
24611,0.9475694,0.0029105288,0.049520083
24612,0.11397496,0.009831514,0.8761936
24613,0.7114688,0.02709961,0.26143155
24614,0.9727088,0.005830851,0.021460308
24615,0.97309136,0.00014139396,0.02676723
24616,0.7432076,0.04578673,0.21100564
24617,0.4018774,0.0046620797,0.5934605
24618,0.97462046,0.0024938895,0.022885611
24619,0.95733654,0.0020075075,0.040655974
24620,0.71454936,0.07501856,0.21043205
24621,0.9138688,0.043033693,0.043097556
24622,0.0014379311,5.4538235e-05,0.99850756
24623,0.96904063,0.003639854,0.027319454
24624,0.9566408,0.009211354,0.034147896
24625,0.9638173,0.00887546,0.027307274
24626,0.00024441333,5.536771e-05,0.9997003
24627,0.012412827,0.0013110039,0.98627615
24628,0.95963764,0.03424294,0.0061194776
24629,0.090475634,0.00010901104,0.9094153
24630,0.9852562,0.005746126,0.008997651
24631,0.50367755,0.008317087,0.4880053
24632,0.9914528,0.0011634221,0.0073837345
24633,0.9888342,0.00034419037,0.010821558
24634,0.6255804,0.014684905,0.35973468
24635,0.9892278,0.0009503738,0.00982185
24636,0.40683696,0.2273851,0.36577794
24637,0.96839374,0.004622131,0.026984151
24638,0.008209165,0.0008291374,0.99096173
24639,0.033564094,0.008999209,0.9574366
24640,0.9098721,0.010232328,0.07989552
24641,0.05378848,0.0018504481,0.94436103
24642,0.96281934,0.027033526,0.010147165
24643,0.6115888,0.14490716,0.24350408
24644,0.8741403,0.058647946,0.067211755
24645,0.6800738,0.017488582,0.30243763
24646,0.35502246,0.00021613046,0.64476144
24647,0.0221212,0.0009233604,0.9769554
24648,0.89414495,0.0010956222,0.10475939
24649,0.42010242,0.026536167,0.5533614
24650,0.017016113,0.00044261498,0.98254126
24651,0.9074973,0.00111915,0.09138354
24652,0.9581791,0.0034083894,0.03841256
24653,0.98569435,0.0027237793,0.011581865
24654,0.9477787,0.02438301,0.027838299
24655,0.96170706,0.0015235364,0.036769412
24656,0.4274549,0.0008819363,0.5716632
24657,0.9659417,0.00641822,0.027640002
24658,0.09920522,0.003856021,0.89693874
24659,0.85607743,0.009546372,0.13437614
24660,0.95168096,0.016264115,0.03205492
24661,0.8859497,0.0026318512,0.111418456
24662,0.96327066,0.0029697532,0.033759613
24663,0.90344715,0.0024628858,0.094089985
24664,0.99353963,0.0007455019,0.0057148933
24665,0.033069003,0.0041563725,0.96277463
24666,0.9674114,0.0040247752,0.028563863
24667,0.8472275,0.018897811,0.13387468
24668,0.83683777,0.010261797,0.15290041
24669,0.66814566,0.09957473,0.23227963
24670,0.7350786,0.003046021,0.26187545
24671,0.94605917,0.012676982,0.04126393
24672,0.12933807,0.000106377025,0.8705556
24673,0.9587043,0.03523104,0.0060647097
24674,0.04248435,0.050312854,0.9072027
24675,0.28692102,0.005887693,0.7071913
24676,0.050568026,0.013764301,0.9356677
24677,0.93099886,0.0040126396,0.06498854
24678,0.9495808,0.0032323266,0.047186844
24679,0.65711766,0.04799627,0.29488605
24680,0.6937816,0.0018160634,0.30440232
24681,0.7409933,0.1855128,0.073493905
24682,0.99672276,0.0004443725,0.0028329354
24683,0.2821126,0.00086656824,0.71702087
24684,0.9725594,0.0041269055,0.02331366
24685,0.06872415,0.00576182,0.925514
24686,0.01464667,0.00049541035,0.9848579
24687,0.032732546,0.0060884384,0.961179
24688,0.0018612569,1.8432858e-06,0.9981369
24689,0.30914584,0.6639463,0.026907865
24690,0.96461284,0.0096580805,0.025729043
24691,0.955605,0.0034151122,0.04097999
24692,0.8777741,0.08827095,0.033955
24693,0.61831635,0.19199027,0.18969333
24694,0.10647241,0.006613376,0.8869142
24695,0.7588111,0.011234678,0.2299542
24696,0.00535102,6.895524e-05,0.99458003
24697,0.94998956,0.006368604,0.043641888
24698,0.9346107,0.0027150817,0.062674165
24699,0.90018517,0.012414928,0.08739984
24700,0.652097,0.010913613,0.3369894
24701,0.8052093,0.00807164,0.18671913
24702,0.6946867,0.0023567851,0.3029565
24703,0.94749415,0.029703103,0.022802716
24704,0.62837785,0.043507837,0.3281143
24705,0.802761,0.045939103,0.15129985
24706,0.34744537,0.031458624,0.62109596
24707,0.55862945,0.017786343,0.4235842
24708,0.7875098,0.039228693,0.17326154
24709,0.81612724,0.0035428777,0.1803299
24710,0.9421349,0.020832539,0.037032593
24711,0.32685193,0.008655658,0.6644924
24712,0.72092754,0.004432332,0.27464014
24713,0.66041094,0.008332834,0.33125618
24714,0.1041741,0.003993742,0.8918322
24715,0.015923778,0.17194183,0.8121343
24716,0.98995084,0.0011339947,0.008915179
24717,0.9363384,0.010743038,0.052918587
24718,0.8640609,0.06897821,0.06696094
24719,0.0032019203,0.0003601346,0.9964379
24720,0.023615038,0.007811412,0.9685735
24721,0.9881809,0.0010901804,0.010728969
24722,0.00032489604,0.00017660823,0.9994985
24723,0.9346712,0.0348728,0.03045595
24724,0.06452302,0.0070618177,0.9284152
24725,0.9873131,0.0013916355,0.011295315
24726,0.8003732,0.010110151,0.18951665
24727,0.7761262,0.0027600622,0.2211137
24728,0.83365804,0.009805272,0.15653673
24729,0.20638372,0.5717396,0.22187671
24730,0.8599473,0.0034498747,0.13660277
24731,0.07402422,0.0012201838,0.92475563
24732,0.63559014,0.0068242075,0.3575857
24733,0.31382743,0.021548955,0.6646236
24734,0.9251204,0.0033917653,0.071487814
24735,0.4193474,0.011666918,0.56898564
24736,0.19880481,0.027990038,0.77320516
24737,0.8631212,0.097783156,0.039095614
24738,0.0882263,0.00037360765,0.9114
24739,0.9756704,0.0025360852,0.021793542
24740,0.9741228,0.002949865,0.022927325
24741,0.6252532,0.07587812,0.29886863
24742,0.96732026,0.0030408455,0.029638907
24743,0.7326624,0.010268287,0.25706926
24744,0.17594783,0.0011893891,0.8228628
24745,0.5459893,0.11615754,0.33785316
24746,0.8053673,0.0041976864,0.19043508
24747,0.1400195,0.0042248555,0.8557556
24748,0.89518017,0.051816687,0.05300317
24749,0.9723016,0.00546765,0.022230748
24750,0.94247806,0.012920904,0.04460107
24751,0.9053407,0.010558846,0.08410049
24752,0.72824645,0.020885825,0.25086775
24753,0.7516782,0.0064025824,0.24191917
24754,0.94738597,0.008339887,0.044274118
24755,0.98369586,0.001380895,0.0149232065
24756,0.99896,0.00014667427,0.0008932813
24757,0.6418765,0.0028606958,0.3552628
24758,0.868402,0.00478737,0.12681063
24759,0.00042629163,6.492634e-06,0.9995672
24760,0.9545835,0.00094813405,0.044468295
24761,0.9492182,0.007500703,0.04328111
24762,0.7043717,0.0063786265,0.2892497
24763,0.008741684,0.0035863898,0.987672
24764,0.9530067,0.00024516968,0.04674808
24765,0.95574135,0.004757739,0.03950088
24766,0.9151115,0.048814587,0.036073998
24767,0.7487599,0.0005742266,0.2506659
24768,0.584831,0.053038377,0.36213058
24769,0.860857,0.0040997984,0.13504319
24770,0.93785,0.00045806365,0.06169193
24771,0.9889086,0.0035739532,0.007517432
24772,0.9373354,0.005431608,0.05723298
24773,0.50534946,0.005727727,0.48892283
24774,0.26469767,0.0120974565,0.72320485
24775,0.90067464,0.00696888,0.09235645
24776,0.9233052,0.0011020285,0.07559277
24777,0.508251,0.038858335,0.45289063
24778,0.031994276,0.00031373315,0.96769196
24779,0.78738284,0.007345933,0.20527126
24780,0.95233864,0.009162316,0.038499106
24781,0.953785,0.0016643341,0.04455062
24782,0.14547707,0.007954763,0.8465682
24783,0.18533032,0.013755574,0.8009141
24784,0.017310359,0.00091815804,0.98177147
24785,0.98388517,0.0031815448,0.01293332
24786,0.024076875,0.030712254,0.94521093
24787,0.655149,0.034996334,0.3098547
24788,0.9505061,0.022071425,0.027422508
24789,0.88513213,0.01864892,0.0962189
24790,0.37909827,0.0029765733,0.61792517
24791,0.9943737,0.0002237983,0.0054025534
24792,0.9209721,0.0013719348,0.077656
24793,0.6168071,0.006458075,0.3767348
24794,0.9654264,0.0034669803,0.031106612
24795,0.7381163,0.024304016,0.23757964
24796,0.8664608,0.04308342,0.09045584
24797,0.057089802,0.2213176,0.7215926
24798,0.8050689,0.028098887,0.16683215
24799,0.91943353,0.006375037,0.07419144
24800,0.94146717,0.0021498287,0.056382954
24801,0.9839422,0.0065763695,0.009481462
24802,0.95457083,0.003026905,0.04240233
24803,0.7548402,0.0023856277,0.24277417
24804,0.28393418,0.22867459,0.48739126
24805,0.93231905,0.029520253,0.03816064
24806,0.8975173,0.0009709822,0.101511724
24807,0.9470774,0.010428482,0.042494126
24808,0.9846102,0.010384224,0.005005637
24809,0.8947323,0.008835487,0.09643225
24810,0.861636,0.0317438,0.106620185
24811,0.19707029,0.01622348,0.78670627
24812,0.98057014,0.000517525,0.018912274
24813,0.98963296,0.004914035,0.005453035
24814,0.0028174669,0.002671368,0.9945111
24815,0.9955096,0.0009888232,0.003501578
24816,0.013215967,0.0004651845,0.9863188
24817,0.6149022,0.09859354,0.28650427
24818,0.87252617,0.02485156,0.10262224
24819,0.84686214,0.09790715,0.05523073
24820,0.9553132,0.011969918,0.032716934
24821,0.9690722,0.0061672805,0.02476052
24822,0.51196563,0.07826698,0.40976742
24823,0.9282488,0.0010852105,0.07066592
24824,0.94785714,0.0015245404,0.050618336
24825,0.9329608,0.017129118,0.049910024
24826,0.8773441,0.004753369,0.117902584
24827,0.97228414,0.018743215,0.008972665
24828,0.98808193,0.00023669555,0.011681358
24829,0.38502944,0.010273191,0.6046974
24830,0.97389424,0.0049267136,0.021179082
24831,0.9794265,0.0024972504,0.018076204
24832,0.8601353,0.0002569168,0.1396078
24833,0.97693855,0.005935997,0.017125467
24834,0.8602459,0.09769711,0.042056967
24835,0.8507559,0.0025058351,0.14673825
24836,0.9324495,0.03338925,0.0341612
24837,0.018503193,0.0047433428,0.9767535
24838,0.9187275,0.027887978,0.053384483
24839,0.75591934,0.19810566,0.04597497
24840,0.9743198,0.0029467694,0.022733398
24841,0.9445854,0.0042933053,0.051121287
24842,0.32355043,0.0045704404,0.6718792
24843,0.8373007,0.018241234,0.14445807
24844,0.99482864,0.00034237944,0.0048289364
24845,0.8489219,0.014901777,0.13617629
24846,0.96158224,0.0053061647,0.033111636
24847,0.94731814,0.02724563,0.025436284
24848,0.96802664,0.017164098,0.014809245
24849,0.4772307,0.0034680045,0.5193013
24850,0.37072217,0.012274172,0.6170037
24851,0.05707871,0.0039629308,0.93895835
24852,0.6542723,0.09091736,0.2548103
24853,0.774561,0.16042633,0.065012634
24854,0.0022787543,4.206886e-05,0.9976792
24855,0.9062864,0.0077488404,0.085964695
24856,0.013350838,0.0005244378,0.9861247
24857,0.00034957918,0.0002692799,0.99938107
24858,0.0361098,0.004453173,0.959437
24859,0.41893348,0.017255774,0.56381077
24860,0.9789409,0.0017134451,0.019345624
24861,0.004194717,0.0044821138,0.9913231
24862,0.96549505,0.0009834378,0.033521567
24863,0.9893946,0.0031809376,0.007424409
24864,0.9808972,0.0008387165,0.018264122
24865,0.90927535,0.025267454,0.065457225
24866,0.23633502,0.009783395,0.7538815
24867,0.9855999,0.0018853064,0.012514804
24868,0.5704247,0.0042650737,0.42531025
24869,0.8573153,0.0028686903,0.139816
24870,0.92145944,0.0030542416,0.07548638
24871,0.9580874,0.017527435,0.02438513
24872,0.8496641,0.081532225,0.06880369
24873,0.9905697,0.0077338493,0.0016963894
24874,0.8499403,0.0032853023,0.14677446
24875,0.0037492455,0.061851993,0.9343988
24876,0.16287139,0.024541555,0.8125871
24877,0.9938671,0.00408896,0.0020439508
24878,0.97746754,0.009102853,0.01342955
24879,0.7688932,0.0126436595,0.21846311
24880,0.6307736,0.054025367,0.31520104
24881,0.9872349,0.001652452,0.0111126965
24882,0.9118104,0.027618272,0.06057136
24883,0.9910396,0.0040303804,0.0049300054
24884,0.6798336,0.010706304,0.30946013
24885,0.14359777,0.47052205,0.38588017
24886,0.92244154,0.003571525,0.07398687
24887,0.099829994,0.08983648,0.8103335
24888,0.99824286,0.00079706823,0.0009600776
24889,0.8718493,0.031208264,0.09694247
24890,0.2882127,0.09643156,0.6153558
24891,0.9448431,0.0067715608,0.048385303
24892,0.81205297,0.00072048197,0.18722658
24893,0.99046856,0.001001615,0.008529863
24894,0.95282507,0.007471309,0.039703596
24895,0.97950256,0.0008715137,0.019625952
24896,0.9885266,0.004572156,0.006901264
24897,0.9814341,0.0011348,0.01743111
24898,0.97924817,0.0098731825,0.0108786095
24899,0.833337,0.0015060196,0.16515698
24900,0.77932227,0.011393526,0.20928416
24901,0.45261794,0.00207641,0.5453056
24902,0.98251396,0.0014221411,0.016063944
24903,0.9863348,0.0090072695,0.004657967
24904,0.002877113,1.4170777e-05,0.99710876
24905,0.8225579,0.006199124,0.17124292
24906,0.9863951,0.0017084363,0.011896437
24907,0.98114073,0.00035142162,0.01850784
24908,0.5969228,0.03288501,0.3701922
24909,0.4535099,0.02987499,0.51661515
24910,0.27754894,0.019278346,0.70317274
24911,0.9712657,0.004280958,0.024453335
24912,0.95627755,0.002206876,0.041515592
24913,0.9725939,0.01285574,0.014550379
24914,0.95788676,0.0035423646,0.038570903
24915,0.9281049,0.036066703,0.035828475
24916,0.6956685,0.18374799,0.12058349
24917,0.5939622,0.372067,0.033970825
24918,0.9552167,0.019432062,0.02535124
24919,0.008835605,0.016451959,0.97471243
24920,0.9268064,0.018542541,0.05465112
24921,0.97984743,0.0029243897,0.017228177
24922,0.9496679,0.002456579,0.04787554
24923,0.9834071,0.0009726143,0.015620353
24924,0.9648806,0.0045068003,0.030612642
24925,0.98601913,0.0033544938,0.010626439
24926,0.9811716,0.0004191173,0.018409297
24927,0.94319963,0.009124732,0.0476756
24928,0.06790513,0.05264996,0.8794449
24929,0.9319489,0.003956211,0.06409495
24930,0.94883966,0.0039847284,0.047175653
24931,0.9283861,0.010389163,0.06122475
24932,0.68085253,0.038133662,0.2810138
24933,0.009674012,0.0031621745,0.9871638
24934,0.9717254,0.0021959266,0.026078647
24935,0.19682522,0.0032960093,0.7998788
24936,0.9271655,0.008405153,0.064429335
24937,0.017867927,4.6687077e-05,0.9820854
24938,0.99118936,0.0017876518,0.0070229797
24939,0.8170237,0.011468038,0.17150822
24940,0.27375016,0.007020109,0.71922976
24941,0.68143487,0.002302687,0.31626245
24942,0.6018468,0.0002696184,0.39788362
24943,0.6345117,0.021322211,0.34416613
24944,0.9914738,0.0055611227,0.002965041
24945,0.98641413,0.011742781,0.0018431251
24946,0.9747652,0.0056390143,0.019595772
24947,0.04840199,0.0032958495,0.94830215
24948,0.33180493,0.009018242,0.65917677
24949,0.9852181,0.00034257883,0.014439306
24950,0.899706,0.009456412,0.09083758
24951,0.97292227,0.001744489,0.025333244
24952,0.94784915,0.0015619417,0.05058887
24953,0.33182397,0.00010657245,0.6680694
24954,0.96468604,0.0010899715,0.03422392
24955,0.38361356,0.2895436,0.3268429
24956,0.9740814,0.009128935,0.016789688
24957,0.9664596,0.0019241717,0.031616278
24958,0.95662516,0.0013535249,0.042021256
24959,0.8697359,0.05090879,0.079355255
24960,0.9047164,0.010658562,0.084625065
24961,0.5381957,0.0044006947,0.45740357
24962,0.9759507,0.0035966344,0.020452581
24963,0.018024871,0.002435377,0.97953975
24964,0.9769399,0.0068662497,0.016193815
24965,0.7226567,0.03526256,0.24208073
24966,0.37721208,0.014894747,0.60789317
24967,0.59691745,0.23860802,0.16447455
24968,0.8701455,0.0016513317,0.12820318
24969,0.45927423,0.15121886,0.38950688
24970,0.08850954,0.38074285,0.53074765
24971,0.8384803,0.0053740325,0.15614569
24972,0.97125906,0.0022776315,0.026463373
24973,0.45738244,0.01383675,0.5287809
24974,0.76717377,0.007561901,0.22526428
24975,0.729715,0.0031883232,0.26709667
24976,0.6559328,0.07102938,0.27303788
24977,0.88912576,0.0068387557,0.104035534
24978,0.8479167,0.0148699945,0.13721327
24979,0.86875755,0.011047503,0.12019494
24980,0.62613493,0.035410292,0.33845484
24981,0.92592496,0.001313668,0.07276134
24982,0.98488647,0.0010781602,0.014035353
24983,0.09684321,0.016349932,0.8868068
24984,0.69438493,0.0033655395,0.30224952
24985,0.8606051,0.0030646075,0.13633028
24986,0.0018522092,0.000129947,0.9980178
24987,0.015956279,0.004664098,0.97937965
24988,0.72128826,0.003178019,0.2755337
24989,0.86587995,0.0076811137,0.1264389
24990,0.8214106,0.055171303,0.12341811
24991,0.11538737,0.0035733052,0.8810393
24992,0.0024452205,0.00060910074,0.9969457
24993,0.9827199,0.0023297775,0.014950372
24994,0.9815626,0.0012620839,0.01717523
24995,0.986375,0.00041987086,0.013205122
24996,0.3488217,0.047599137,0.60357916
24997,0.7313643,0.09871702,0.16991873
24998,0.0049961577,9.498349e-05,0.99490887
24999,0.9687422,0.0051934393,0.026064353
